Tags,Ticket,Open Date,Close Date,Symbol,Action,Units/Lots,SL,TP,Open Price,Close Price,Commission,Swap,Pips,Profit,Gain,Comment,Magic Number,Duration (DD:HH:MM:SS),Profitable(%),Profitable(time duration),Drawdown,Risk:Reward,Max(pips),Max(USD),Min(pips),Min(USD),Entry Accuracy(%),Exit Accuracy(%),ProfitMissed(pips),ProfitMissed(USD)
,352152974,21/10/2025 20:29,,,Deposit,0.000,0.00000,0.00000,0.00000,0.00000,0.0000,0.0000,0.0,50.53,0,"Cash Adjustment-Debt W/O",0,00:00:00:00,,,,,,,,,,,,
,380913619,21/10/2025 17:48,21/10/2025 20:27,XAUUSD,Buy,0.010,0.00000,0.00000,4113.42000,4097.51000,0.0000,0.0000,-1591.0,-15.91,-0.52,"",0,00:02:39:24,0.0,0s,1591.0,1666.67,0.0,0.0,-1591.0,-15.91,0.0,0.0,-1591.00,-15.91
,380933126,21/10/2025 18:13,21/10/2025 20:05,XAUUSD,Buy,0.010,0.00000,0.00000,4145.79000,4101.97000,0.0000,0.0000,-4382.0,-43.82,-1.41,"",0,00:01:52:20,0.0,0s,4382.0,5000.00,0.0,0.0,-4382.0,-43.82,0.0,0.0,-4382.00,-43.82
,352068812,21/10/2025 17:47,,,Deposit,0.000,0.00000,0.00000,0.00000,0.00000,0.0000,0.0000,0.0,50.00,0,"Deposit-TH-QR-CPS-APP",0,00:00:00:00,,,,,,,,,,,,
,380863143,21/10/2025 17:01,21/10/2025 17:28,XAUUSD,Buy,0.010,0.00000,0.00000,4170.69000,4143.18000,0.0000,0.0000,-2751.0,-27.51,-0.89,"",0,00:00:26:42,0.0,0s,2751.0,3333.33,0.0,0.0,-2751.0,-27.51,0.0,0.0,-2751.00,-27.51
,380810780,21/10/2025 16:06,21/10/2025 17:28,XAUUSD,Buy,0.010,0.00000,0.00000,4208.51000,4147.33000,0.0000,0.0000,-6118.0,-61.18,-1.95,"",0,00:01:21:50,0.0,0s,6118.0,10000.00,0.0,0.0,-6118.0,-61.18,0.0,0.0,-6118.00,-61.18
,380775373,21/10/2025 15:14,21/10/2025 17:24,XAUUSD,Buy,0.010,0.00000,0.00000,4225.29000,4149.87000,0.0000,0.0000,-7542.0,-75.42,-2.35,"",0,00:02:09:38,0.0,0s,7542.0,10000.00,0.0,0.0,-7542.0,-75.42,0.0,0.0,-7542.00,-75.42
,352016725,21/10/2025 16:56,,,Deposit,0.000,0.00000,0.00000,0.00000,0.00000,0.0000,0.0000,0.0,50.00,0,"Deposit-TH-QR-CPS-APP",0,00:00:00:00,,,,,,,,,,,,
,380695414,21/10/2025 12:26,21/10/2025 16:51,XAUUSD,Buy,0.010,0.00000,0.00000,4270.18000,4168.89000,0.0000,0.0000,-10129.0,-101.29,-3.10,"",0,00:04:24:41,0.0,0s,10129.0,0.00,0.0,0.0,-10129.0,-101.29,0.0,0.0,-10129.00,-101.29
,351974792,21/10/2025 16:12,,,Deposit,0.000,0.00000,0.00000,0.00000,0.00000,0.0000,0.0000,0.0,50.00,0,"Deposit-TH-QR-CPS-APP",0,00:00:00:00,,,,,,,,,,,,
,351948559,21/10/2025 15:35,,,Deposit,0.000,0.00000,0.00000,0.00000,0.00000,0.0000,0.0000,0.0,50.00,0,"Deposit-TH-QR-CPS-APP",0,00:00:00:00,,,,,,,,,,,,
,380737407,21/10/2025 14:02,21/10/2025 15:10,XAUUSD,Sell,0.010,0.00000,0.00000,4259.10000,4234.50000,0.0000,0.0000,2460.0,24.60,0.78,"",0,00:01:07:48,1.5,1m,0.0,0.00,2460.0,24.6,0.0,0.0,100.0,100.0,0.00,0.00
,351857664,21/10/2025 12:26,,,Deposit,0.000,0.00000,0.00000,0.00000,0.00000,0.0000,0.0000,0.0,50.00,0,"Deposit-TH-QR-CPS-APP",0,00:00:00:00,,,,,,,,,,,,
,380036847,20/10/2025 03:57,20/10/2025 15:13,XAUUSD,Sell,0.010,0.00000,0.00000,4249.86000,4282.65000,0.0000,0.0000,-3279.0,-32.79,-1.05,"",0,00:11:16:57,12.8,1h 26m,5886.0,1.26,2607.0,26.07,-3279.0,-32.79,44.3,0.0,-5886.00,-58.86
,351201955,20/10/2025 03:56,,,Deposit,0.000,0.00000,0.00000,0.00000,0.00000,0.0000,0.0000,0.0,18.15,0,"Transfer In from 143041",0,00:00:00:00,,,,,,,,,,,,
,350343493,17/10/2025 05:38,,,Deposit,0.000,0.00000,0.00000,0.00000,0.00000,0.0000,0.0000,0.0,14.64,0,"Transfer In from 143041",0,00:00:00:00,,,,,,,,,,,,
,350051951,16/10/2025 19:28,,,Deposit,0.000,0.00000,0.00000,0.00000,0.00000,0.0000,0.0000,0.0,11.85,0,"Cash Adjustment-Debt W/O",0,00:00:00:00,,,,,,,,,,,,
,378759038,16/10/2025 16:05,16/10/2025 19:23,XAUUSD,Sell,0.010,0.00000,0.00000,4243.94000,4290.51000,0.0000,0.0000,-4657.0,-46.57,-1.49,"",0,00:03:18:28,0.0,0s,4657.0,5000.00,0.0,0.0,-4657.0,-46.57,0.0,0.0,-4657.00,-46.57
,378218740,16/10/2025 05:08,16/10/2025 19:18,XAUUSD,Sell,0.010,0.00000,0.00000,4234.09000,4286.19000,0.0000,0.0000,-5210.0,-52.10,-1.64,"",0,00:14:10:12,32.6,4h 37m,8138.0,1.78,2928.0,29.28,-5210.0,-52.1,36.0,0.0,-8138.00,-81.38
,378457470,16/10/2025 01:38,16/10/2025 19:18,XAUUSD,Sell,0.010,0.00000,0.00000,4212.09000,4284.23000,0.0000,0.0000,-7214.0,-72.14,-2.22,"",0,00:17:39:43,2.8,29m,7942.0,9.91,728.0,7.28,-7214.0,-72.14,9.2,0.0,-7942.00,-79.42
,378711624,16/10/2025 14:45,16/10/2025 16:27,XAUUSD,Buy,0.010,0.00000,0.00000,4247.38000,4247.62000,0.0000,0.0000,24.0,0.24,0.01,"",0,00:01:42:02,1.0,1m,0.0,0.04,24.0,0.24,0.0,0.0,100.0,100.0,0.00,0.00
,378040807,15/10/2025 10:39,16/10/2025 05:11,XAUUSD,Buy,0.010,0.00000,0.00000,4205.18000,4233.19000,0.0000,0.0000,2801.0,28.01,0.87,"",0,00:18:31:54,56.0,10h 22m,3046.0,0.86,2874.0,28.740000000000002,-2460.0,-24.6,53.9,98.6,-73.00,-0.73
,378181326,15/10/2025 15:19,16/10/2025 02:06,XAUUSD,Buy,0.010,0.00000,0.00000,4187.20000,4210.49000,0.0000,0.0000,2329.0,23.29,0.73,"",0,00:10:47:29,98.8,10h 39m,2128.0,0.23,2835.0,28.35,-662.0,-6.62,81.1,85.5,-506.00,-5.06
,378040775,15/10/2025 10:39,15/10/2025 13:47,XAUUSD,Sell,0.010,0.00000,0.00000,4205.37000,4193.23000,0.0000,0.0000,1214.0,12.14,0.38,"",0,00:03:08:13,100.0,3h 8m,189.0,0.00,1337.0,13.370000000000001,0.0,0.0,100.0,90.8,-123.00,-1.23
,377978046,15/10/2025 06:53,15/10/2025 10:38,XAUUSD,Buy,0.010,0.00000,0.00000,4188.90000,4206.88000,0.0000,0.0000,1798.0,17.98,0.57,"",0,00:03:45:32,100.0,3h 45m,480.0,0.00,1808.0,18.080000000000002,0.0,0.0,100.0,99.4,-10.00,-0.10
,349099415,15/10/2025 06:37,,,Deposit,0.000,0.00000,0.00000,0.00000,0.00000,0.0000,0.0000,0.0,77.30,0,"Deposit-Crypto-USDT(TRC20)-CPS",0,00:00:00:00,,,,,,,,,,,,
,335125720,03/09/2025 18:22,,,Deposit,0.000,0.00000,0.00000,0.00000,0.00000,0.0000,0.0000,0.0,3.47,0,"Cash Adjustment-Debt W/O",0,00:00:00:00,,,,,,,,,,,,
,363332037,03/09/2025 13:05,03/09/2025 18:21,USOUSD,Buy,0.010,0.00000,0.00000,64.60000,64.24000,0.0000,0.0000,-36.0,-3.58,-0.12,"",0,00:05:15:20,,,,,,,,,,,,
,363721399,02/09/2025 17:26,02/09/2025 19:15,XAUUSD,Sell,0.010,0.00000,0.00000,3504.07000,3526.61000,0.0000,0.0000,-2254.0,-22.54,-0.72,"",0,00:01:48:48,0.0,0s,3335.0,5000.00,0.0,0.0,-3335.0,-33.35,0.0,32.4,-2254.00,-22.54
,363580161,02/09/2025 13:38,02/09/2025 19:06,XAUUSD,Sell,0.010,0.00000,0.00000,3482.79000,3523.15000,0.0000,0.0000,-4036.0,-40.36,-1.28,"",0,00:05:28:04,0.0,0s,5154.0,10000.00,0.0,0.0,-5154.0,-51.54,0.0,21.7,-4036.00,-40.36
,363527403,02/09/2025 10:54,02/09/2025 19:00,XAUUSD,Sell,0.010,0.00000,0.00000,3474.16000,3521.41000,0.0000,0.0000,-4725.0,-47.25,-1.48,"",0,00:08:05:12,0.0,0s,5747.0,10000.00,0.0,0.0,-5747.0,-57.47,0.0,17.8,-4725.00,-47.25
,363718709,02/09/2025 17:24,02/09/2025 17:26,XAUUSD,Buy,0.020,0.00000,0.00000,3498.88000,3503.86000,0.0000,0.0000,498.0,9.96,0.31,"",0,00:00:02:17,,,,,,,,,,,,
,363698209,02/09/2025 17:01,02/09/2025 17:23,XAUUSD,Buy,0.010,0.00000,0.00000,3493.43000,3498.91000,0.0000,0.0000,548.0,5.48,0.17,"",0,00:00:22:45,100.0,22m,2866.0,0.00,3414.0,34.14,0.0,0.0,100.0,16.1,-2866.00,-28.66
,363621161,02/09/2025 15:20,02/09/2025 17:23,XAUUSD,Buy,0.010,0.00000,0.00000,3485.98000,3499.04000,0.0000,0.0000,1306.0,13.06,0.41,"",0,00:02:03:51,100.0,2h 3m,2934.0,0.00,4240.0,42.4,0.0,0.0,100.0,30.8,-2934.00,-29.34
,363603837,02/09/2025 14:51,02/09/2025 15:13,XAUUSD,Buy,0.010,0.00000,0.00000,3487.41000,3490.80000,0.0000,0.0000,339.0,3.39,0.11,"",0,00:00:21:48,100.0,21m,2468.0,0.00,2807.0,28.07,0.0,0.0,100.0,12.1,-2468.00,-24.68
,363597787,02/09/2025 14:35,02/09/2025 14:51,XAUUSD,Buy,0.010,0.00000,0.00000,3480.51000,3487.13000,0.0000,0.0000,662.0,6.62,0.21,"",0,00:00:15:57,,,,,,,,,,,,
,363538734,02/09/2025 11:11,02/09/2025 13:38,XAUUSD,Buy,0.010,0.00000,0.00000,3475.05000,3482.64000,0.0000,0.0000,759.0,7.59,0.24,"",0,00:02:26:09,96.6,2h 21m,1835.0,0.02,1805.0,18.05,-30.0,-0.3,98.4,43.0,-1046.00,-10.46
,363429845,02/09/2025 04:47,02/09/2025 10:05,USOUSD,Buy,0.010,0.00000,0.00000,65.51000,65.69000,0.0000,0.0000,18.0,1.81,0.06,"",0,00:05:17:32,,,,,,,,,,,,
,363433797,02/09/2025 04:49,02/09/2025 09:58,XAUUSD,Sell,0.010,0.00000,0.00000,3493.65000,3486.12000,0.0000,0.0000,753.0,7.53,0.24,"",0,00:05:09:01,82.3,4h 14m,1319.0,0.16,2072.0,20.72,-329.0,-3.29,86.3,45.1,-1319.00,-13.19
,363331998,01/09/2025 17:29,02/09/2025 04:47,USOUSD,Buy,0.010,0.00000,0.00000,65.21000,65.48000,0.0000,0.0000,27.0,2.72,0.09,"",0,00:11:18:21,,,,,,,,,,,,
,334282610,01/09/2025 17:28,,,Deposit,0.000,0.00000,0.00000,0.00000,0.00000,0.0000,0.0000,0.0,52.10,0,"Transfer In from 143041",0,00:00:00:00,,,,,,,,,,,,
,328675212,12/08/2025 17:17,,,Deposit,0.000,0.00000,0.00000,0.00000,0.00000,0.0000,0.0000,0.0,16.64,0,"Cash Adjustment-Debt W/O",0,00:00:00:00,,,,,,,,,,,,
,357087587,11/08/2025 10:05,12/08/2025 17:15,XAUUSD,Buy,0.010,0.00000,0.00000,3361.46000,3335.50000,0.0000,0.0000,-2596.0,-25.96,-0.84,"",0,01:07:09:22,1.1,20m,2774.0,14.60,178.0,1.78,-2596.0,-25.96,6.4,0.0,-2774.00,-27.74
,357012818,11/08/2025 04:20,12/08/2025 14:35,XAUUSD,Buy,0.010,0.00000,0.00000,3373.26000,3338.80000,0.0000,0.0000,-3446.0,-34.46,-1.10,"",0,01:10:14:31,5.2,1h 46m,4039.0,6.12,567.0,5.67,-3472.0,-34.72,14.0,0.6,-4013.00,-40.13
,356546621,11/08/2025 04:07,12/08/2025 14:20,XAUUSD,Buy,0.010,0.00000,0.00000,3375.51000,3340.38000,0.0000,0.0000,-3513.0,-35.13,-1.11,"",0,01:10:13:06,4.7,1h 36m,3855.0,10.28,342.0,3.42,-3513.0,-35.13,8.9,0.0,-3855.00,-38.55
,356996316,11/08/2025 03:34,11/08/2025 17:41,XAUUSD,Buy,0.010,0.00000,0.00000,3386.78000,3341.57000,0.0000,0.0000,-4521.0,-45.21,-1.41,"",0,00:14:07:08,0.0,0s,4521.0,5000.00,0.0,0.0,-4521.0,-45.21,0.0,0.0,-4521.00,-45.21
,356792109,08/08/2025 23:49,11/08/2025 17:40,XAUUSD,Buy,0.010,0.00000,0.00000,3398.13000,3342.42000,0.0000,0.0000,-5571.0,-55.71,-1.70,"",0,02:17:50:46,0.2,7m,5894.0,17.42,320.0,3.2,-5574.0,-55.74,5.4,0.1,-5891.00,-58.91
,356488760,08/08/2025 10:52,11/08/2025 17:40,XAUUSD,Buy,0.010,0.00000,0.00000,3403.32000,3343.12000,0.0000,0.0000,-6020.0,-60.20,-1.81,"",0,03:06:47:36,0.0,0s,6036.0,10000.00,0.0,0.0,-6036.0,-60.36,0.0,0.3,-6020.00,-60.20
,357058562,11/08/2025 07:44,11/08/2025 10:54,USOUSD,Buy,0.010,0.00000,0.00000,63.64000,63.55000,0.0000,0.0000,-9.0,-0.89,-0.03,"",0,00:03:10:04,,,,,,,,,,,,
,357013114,11/08/2025 04:21,11/08/2025 10:05,XAUUSD,Sell,0.010,0.00000,0.00000,3374.50000,3361.43000,0.0000,0.0000,1307.0,13.07,0.39,"",0,00:05:43:59,71.6,4h 6m,566.0,0.42,1307.0,13.07,-555.0,-5.55,70.2,100.0,0.00,0.00
,356089481,07/08/2025 13:46,11/08/2025 04:13,XAUUSD,Sell,0.010,0.00000,0.00000,3375.40000,3372.13000,0.0000,0.0000,327.0,3.27,0.10,"",0,03:14:27:54,3.8,3h 17m,2986.0,8.97,333.0,3.33,-2986.0,-29.86,10.0,99.8,-6.00,-0.06
,356125641,07/08/2025 15:13,11/08/2025 04:13,XAUUSD,Sell,0.010,0.00000,0.00000,3376.22000,3372.23000,0.0000,0.0000,399.0,3.99,0.12,"",0,03:13:00:08,3.9,3h 18m,2904.0,7.02,414.0,4.14,-2904.0,-29.04,12.5,99.5,-15.00,-0.15
,356053788,07/08/2025 12:00,11/08/2025 04:13,XAUUSD,Sell,0.010,0.00000,0.00000,3378.36000,3372.28000,0.0000,0.0000,608.0,6.08,0.18,"",0,03:16:13:26,3.8,3h 21m,2910.0,4.31,624.0,6.24,-2690.0,-26.900000000000002,18.8,99.5,-16.00,-0.16
,356690708,08/08/2025 18:01,11/08/2025 03:33,XAUUSD,Sell,0.010,0.00000,0.00000,3392.14000,3386.81000,0.0000,0.0000,533.0,5.33,0.16,"",0,02:09:32:14,6.6,3h 47m,1122.0,1.89,569.0,5.69,-1074.0,-10.74,34.6,97.8,-36.00,-0.36
,356727783,08/08/2025 19:43,11/08/2025 03:33,XAUUSD,Sell,0.010,0.00000,0.00000,3398.29000,3386.44000,0.0000,0.0000,1185.0,11.85,0.36,"",0,02:07:50:46,99.7,2d 7h ,787.0,0.25,1201.0,12.01,-304.0,-3.04,79.8,98.9,-16.00,-0.16
,356711818,08/08/2025 18:56,08/08/2025 19:43,XAUUSD,Buy,0.010,0.00000,0.00000,3394.71000,3398.28000,0.0000,0.0000,357.0,3.57,0.11,"",0,00:00:47:05,2.2,1m,0.0,0.00,357.0,3.5700000000000003,0.0,0.0,100.0,100.0,0.00,0.00
,356663961,08/08/2025 17:09,08/08/2025 18:46,XAUUSD,Buy,0.010,0.00000,0.00000,3389.64000,3391.47000,0.0000,0.0000,183.0,1.83,0.06,"",0,00:01:36:46,1.1,1m,0.0,0.01,183.0,1.83,0.0,0.0,100.0,100.0,0.00,0.00
,356678270,08/08/2025 17:32,08/08/2025 18:02,XAUUSD,Buy,0.010,0.00000,0.00000,3382.07000,3392.18000,0.0000,0.0000,1011.0,10.11,0.31,"",0,00:00:30:01,3.4,1m,0.0,0.00,1011.0,10.11,0.0,0.0,100.0,100.0,0.00,0.00
,356647088,08/08/2025 16:52,08/08/2025 17:10,XAUUSD,Sell,0.010,0.00000,0.00000,3399.05000,3391.46000,0.0000,0.0000,759.0,7.59,0.23,"",0,00:00:17:38,5.6,59s,0.0,0.00,759.0,7.59,0.0,0.0,100.0,100.0,0.00,0.00
,356613776,08/08/2025 15:59,08/08/2025 16:52,XAUUSD,Buy,0.010,0.00000,0.00000,3391.71000,3399.39000,0.0000,0.0000,768.0,7.68,0.24,"",0,00:00:52:38,1.9,1m,0.0,0.00,768.0,7.68,0.0,0.0,100.0,100.0,0.00,0.00
,356593551,08/08/2025 15:31,08/08/2025 15:59,XAUUSD,Sell,0.010,0.00000,0.00000,3398.42000,3391.33000,0.0000,0.0000,709.0,7.09,0.22,"",0,00:00:28:13,3.6,1m,0.0,0.00,709.0,7.09,0.0,0.0,100.0,100.0,0.00,0.00
,356598472,08/08/2025 15:37,08/08/2025 15:59,XAUUSD,Sell,0.010,0.00000,0.00000,3399.58000,3391.61000,0.0000,0.0000,797.0,7.97,0.25,"",0,00:00:22:07,4.6,1m,0.0,0.00,797.0,7.97,0.0,0.0,100.0,100.0,0.00,0.00
,356593546,08/08/2025 15:31,08/08/2025 15:37,XAUUSD,Buy,0.010,0.00000,0.00000,3398.82000,3400.83000,0.0000,0.0000,201.0,2.01,0.06,"",0,00:00:06:17,16.7,1m,0.0,0.01,201.0,2.0100000000000002,0.0,0.0,100.0,100.0,0.00,0.00
,356542111,08/08/2025 13:33,08/08/2025 15:31,XAUUSD,Buy,0.010,0.00000,0.00000,3391.14000,3398.76000,0.0000,0.0000,762.0,7.62,0.24,"",0,00:01:58:28,0.9,1m,0.0,0.00,762.0,7.62,0.0,0.0,100.0,100.0,0.00,0.00
,356563505,08/08/2025 14:20,08/08/2025 15:31,XAUUSD,Buy,0.010,0.00000,0.00000,3382.58000,3398.75000,0.0000,0.0000,1617.0,16.17,0.50,"",0,00:01:10:41,1.5,1m,0.0,0.00,1617.0,16.17,0.0,0.0,100.0,100.0,0.00,0.00
,356488784,08/08/2025 10:52,08/08/2025 13:33,XAUUSD,Sell,0.010,0.00000,0.00000,3403.57000,3391.27000,0.0000,0.0000,1230.0,12.30,0.38,"",0,00:02:40:11,0.7,1m,0.0,0.00,1230.0,12.3,0.0,0.0,100.0,100.0,0.00,0.00
,356441670,08/08/2025 08:22,08/08/2025 10:52,XAUUSD,Buy,0.010,0.00000,0.00000,3394.81000,3403.71000,0.0000,0.0000,890.0,8.90,0.28,"",0,00:02:30:06,0.7,1m,0.0,0.00,890.0,8.9,0.0,0.0,100.0,100.0,0.00,0.00
,356445146,08/08/2025 08:35,08/08/2025 10:52,XAUUSD,Buy,0.010,0.00000,0.00000,3390.54000,3403.71000,0.0000,0.0000,1317.0,13.17,0.41,"",0,00:02:16:34,0.8,1m,0.0,0.00,1317.0,13.17,0.0,0.0,100.0,100.0,0.00,0.00
,356407649,08/08/2025 04:49,08/08/2025 06:41,XAUUSD,Buy,0.010,0.00000,0.00000,3385.26000,3397.43000,0.0000,0.0000,1217.0,12.17,0.38,"",0,00:01:52:00,0.9,1m,0.0,0.00,1217.0,12.17,0.0,0.0,100.0,100.0,0.00,0.00
,356005504,07/08/2025 10:38,08/08/2025 02:43,XAUUSD,Buy,0.010,0.00000,0.00000,3396.00000,3401.76000,0.0000,0.0000,576.0,5.76,0.18,"",0,00:16:05:15,41.7,6h 42m,2377.0,2.31,1028.0,10.28,-2377.0,-23.77,30.2,86.7,-452.00,-4.52
,356125142,07/08/2025 15:35,08/08/2025 01:01,XAUUSD,Sell,0.040,0.00000,0.00000,3389.33000,3403.64000,0.0000,0.0000,-1431.0,-57.24,-1.78,"",0,00:09:25:17,20.4,1h 55m,1877.0,3.21,446.0,17.84,-1431.0,-57.24,23.8,0.0,-1877.00,-75.08
,356027995,07/08/2025 11:14,07/08/2025 15:35,XAUUSD,Buy,0.010,0.00000,0.00000,3381.72000,3389.71000,0.0000,0.0000,799.0,7.99,0.25,"",0,00:04:21:26,74.0,3h 13m,674.0,0.70,799.0,7.99,-559.0,-5.59,58.8,100.0,0.00,0.00
,356037142,07/08/2025 11:25,07/08/2025 13:49,XAUUSD,Buy,0.010,0.00000,0.00000,3374.54000,3376.57000,0.0000,0.0000,203.0,2.03,0.06,"",0,00:02:24:39,0.7,1m,0.0,0.01,203.0,2.0300000000000002,0.0,0.0,100.0,100.0,0.00,0.00
,356053538,07/08/2025 11:59,07/08/2025 12:00,XAUUSD,Sell,0.050,0.00000,0.00000,3378.10000,3378.15000,0.0000,0.0000,-5.0,-0.25,-0.01,"",0,00:00:00:13,,,,,,,,,,,,
,356027945,07/08/2025 11:14,07/08/2025 11:25,XAUUSD,Sell,0.010,0.00000,0.00000,3381.38000,3374.55000,0.0000,0.0000,683.0,6.83,0.21,"",0,00:00:10:57,9.1,59s,0.0,0.00,683.0,6.83,0.0,0.0,100.0,100.0,0.00,0.00
,356005542,07/08/2025 10:38,07/08/2025 11:14,XAUUSD,Sell,0.010,0.00000,0.00000,3395.50000,3381.47000,0.0000,0.0000,1403.0,14.03,0.44,"",0,00:00:35:31,2.8,59s,0.0,0.00,1403.0,14.030000000000001,0.0,0.0,100.0,100.0,0.00,0.00
,326928953,07/08/2025 10:37,,,Deposit,0.000,0.00000,0.00000,0.00000,0.00000,0.0000,0.0000,0.0,100.00,0,"Deposit-TH-QR-CPS-APP",0,00:00:00:00,,,,,,,,,,,,
,300587346,21/05/2025 13:57,,,Deposit,0.000,0.00000,0.00000,0.00000,0.00000,0.0000,0.0000,0.0,2.86,0,"Cash Adjustment - Debt W/O",0,00:00:00:00,,,,,,,,,,,,
,327336493,21/05/2025 12:45,21/05/2025 13:56,VIX.R,Buy,0.100,0.00000,0.00000,20.00000,20.00000,0.0000,0.0000,0.0,-23.30,-0.75,"",0,00:01:10:28,,,,,,,,,,,,
,327247343,21/05/2025 09:24,21/05/2025 13:56,USOUSD,Buy,0.010,0.00000,0.00000,63.10000,62.95000,0.0000,0.0000,-15.0,-1.49,-0.05,"",0,00:04:31:42,,,,,,,,,,,,
,327240740,21/05/2025 09:09,21/05/2025 13:56,USOUSD,Buy,0.010,0.00000,0.00000,63.22000,62.95000,0.0000,0.0000,-27.0,-2.74,-0.09,"",0,00:04:47:10,,,,,,,,,,,,
,327119331,21/05/2025 02:26,21/05/2025 11:00,VIX.R,Buy,0.100,0.00000,0.00000,20.00000,20.00000,0.0000,0.0000,0.0,1.70,0.05,"",0,00:08:33:52,,,,,,,,,,,,
,326784732,20/05/2025 13:05,21/05/2025 02:33,XAUUSD,Sell,0.010,0.00000,0.00000,3235.82000,3290.26000,0.0000,0.0000,-5444.0,-54.44,-1.72,"",0,00:13:28:50,0.5,4m,6943.0,32.26,209.0,2.09,-6734.0,-67.34,3.0,18.6,-5653.00,-56.53
,326489186,19/05/2025 20:12,21/05/2025 01:05,USOUSD,Buy,0.010,0.00000,0.00000,62.52000,63.25000,0.0000,0.0000,73.0,7.32,0.23,"",0,01:04:52:35,,,,,,,,,,,,
,326498266,19/05/2025 20:35,20/05/2025 17:08,VIX.R,Buy,0.100,0.00000,0.00000,20.00000,20.00000,0.0000,0.0000,0.0,21.70,0.69,"",0,00:20:32:18,,,,,,,,,,,,
,326283546,19/05/2025 14:38,20/05/2025 17:05,XAUUSD,Buy,0.010,0.00000,0.00000,3245.47000,3270.89000,0.0000,0.0000,2542.0,25.42,0.82,"",0,01:02:26:17,14.5,3h 50m,3898.0,1.51,2586.0,25.86,-3898.0,-38.980000000000004,39.9,99.3,-44.00,-0.44
,326855703,20/05/2025 15:53,20/05/2025 17:05,XAUUSD,Sell,0.100,0.00000,0.00000,3247.37000,3273.01000,0.0000,0.0000,-2564.0,-256.40,-7.61,"",0,00:01:11:52,0.0,0s,2564.0,3333.33,0.0,0.0,-2564.0,-256.40000000000003,0.0,0.0,-2564.00,-256.40
,326385003,19/05/2025 17:04,20/05/2025 13:05,XAUUSD,Buy,0.010,0.00000,0.00000,3223.17000,3235.84000,0.0000,0.0000,1267.0,12.67,0.38,"",0,00:20:00:57,60.0,12h 0m,3091.0,1.18,1558.0,15.58,-1834.0,-18.34,45.9,91.4,-291.00,-2.91
,326479696,19/05/2025 19:45,19/05/2025 19:54,USOUSD,Buy,0.010,0.00000,0.00000,62.77000,62.89000,0.0000,0.0000,12.0,1.21,0.04,"",0,00:00:08:50,,,,,,,,,,,,
,326283082,19/05/2025 14:37,19/05/2025 19:00,USOUSD,Buy,0.010,0.00000,0.00000,61.78000,62.87000,0.0000,0.0000,109.0,10.91,0.33,"",0,00:04:22:29,,,,,,,,,,,,
,326128527,19/05/2025 08:14,19/05/2025 12:00,XAUUSD,Buy,0.010,0.00000,0.00000,3219.25000,3244.71000,0.0000,0.0000,2546.0,25.46,0.77,"",0,00:03:46:05,100.0,3h 46m,417.0,0.00,2566.0,25.66,0.0,0.0,100.0,99.2,-20.00,-0.20
,326123300,19/05/2025 07:58,19/05/2025 08:14,XAUUSD,Buy,0.010,0.00000,0.00000,3214.97000,3219.59000,0.0000,0.0000,462.0,4.62,0.14,"",0,00:00:15:34,6.3,58s,0.0,0.00,462.0,4.62,0.0,0.0,100.0,100.0,0.00,0.00
,326110374,19/05/2025 07:07,19/05/2025 07:57,XAUUSD,Buy,0.010,0.00000,0.00000,3210.42000,3215.10000,0.0000,0.0000,468.0,4.68,0.14,"",0,00:00:49:16,2.0,59s,0.0,0.00,468.0,4.68,0.0,0.0,100.0,100.0,0.00,0.00
,326070580,19/05/2025 05:02,19/05/2025 05:02,XAUUSD,Buy,0.010,0.00000,0.00000,3221.33000,3221.31000,0.0000,0.0000,-2.0,-0.02,0.00,"",0,00:00:00:07,,,,,,,,,,,,
,326069993,19/05/2025 05:00,19/05/2025 05:02,XAUUSD,Buy,0.010,0.00000,0.00000,3217.92000,3220.91000,0.0000,0.0000,299.0,2.99,0.09,"",0,00:00:01:25,,,,,,,,,,,,
,326001015,19/05/2025 02:07,19/05/2025 02:14,XAUUSD,Buy,0.010,0.00000,0.00000,3242.96000,3244.19000,0.0000,0.0000,123.0,1.23,0.04,"",0,00:00:07:41,14.3,1m,0.0,0.01,123.0,1.23,0.0,0.0,100.0,100.0,0.00,0.00
,325976743,19/05/2025 01:11,19/05/2025 01:11,XAUUSD,Sell,0.010,0.00000,0.00000,3214.43000,3215.19000,0.0000,0.0000,-76.0,-0.76,-0.02,"",0,00:00:00:15,,,,,,,,,,,,
,325638259,16/05/2025 16:04,19/05/2025 01:11,XAUUSD,Buy,0.010,0.00000,0.00000,3182.83000,3214.68000,0.0000,0.0000,3185.0,31.85,0.97,"",0,02:09:06:30,99.7,2d 8h ,788.0,0.04,3468.0,34.68,-152.0,-1.52,95.8,92.2,-283.00,-2.83
,325570792,16/05/2025 14:12,19/05/2025 01:11,XAUUSD,Buy,0.010,0.00000,0.00000,3171.53000,3214.49000,0.0000,0.0000,4296.0,42.96,1.33,"",0,02:10:58:14,99.9,2d 10h ,1796.0,0.10,4598.0,45.980000000000004,-481.0,-4.8100000000000005,90.5,94.1,-302.00,-3.02
,325604341,16/05/2025 15:11,19/05/2025 01:11,XAUUSD,Buy,0.010,0.00000,0.00000,3164.53000,3214.57000,0.0000,0.0000,5004.0,50.04,1.57,"",0,02:09:59:08,100.0,2d 9h ,788.0,0.00,5298.0,52.980000000000004,0.0,0.0,100.0,94.5,-294.00,-2.94
,325600901,16/05/2025 15:05,16/05/2025 15:05,XAUUSD,Buy,0.010,0.00000,0.00000,3162.68000,3163.19000,0.0000,0.0000,51.0,0.51,0.02,"",0,00:00:00:25,,,,,,,,,,,,
,325568305,16/05/2025 14:08,16/05/2025 14:12,XAUUSD,Sell,0.010,0.00000,0.00000,3171.29000,3171.52000,0.0000,0.0000,-23.0,-0.23,-0.01,"",0,00:00:04:22,0.0,0s,23.0,23.04,0.0,0.0,-23.0,-0.23,0.0,0.0,-23.00,-0.23
,325558955,16/05/2025 13:54,16/05/2025 14:06,XAUUSD,Buy,0.010,0.00000,0.00000,3171.67000,3172.92000,0.0000,0.0000,125.0,1.25,0.04,"",0,00:00:12:04,8.4,1m,0.0,0.01,125.0,1.25,0.0,0.0,100.0,100.0,0.00,0.00
,298857483,16/05/2025 13:53,,,Deposit,0.000,0.00000,0.00000,0.00000,0.00000,0.0000,0.0000,0.0,90.00,0,"Transfer In from 143041",0,00:00:00:00,,,,,,,,,,,,
,276460515,03/04/2025 14:27,,,Deposit,0.000,0.00000,0.00000,0.00000,0.00000,0.0000,0.0000,0.0,73.51,0,"Cash Adjustment - Debt W/O",0,00:00:00:00,,,,,,,,,,,,
,300708877,03/04/2025 12:59,03/04/2025 14:25,USOUSD,Buy,0.050,0.00000,0.00000,68.73000,68.00000,0.0000,0.0000,-73.0,-36.70,-1.20,"",0,00:01:25:43,,,,,,,,,,,,
,298293988,03/04/2025 12:17,03/04/2025 14:24,USOUSD,Buy,0.050,0.00000,70.36500,69.11000,68.03000,0.0000,0.0000,-108.0,-53.95,-1.74,"",0,00:02:07:10,,,,,,,,,,,,
,300526225,03/04/2025 13:26,03/04/2025 14:17,XAUUSD,Buy,0.050,0.00000,0.00000,3108.14000,3097.77000,0.0000,0.0000,-1037.0,-51.85,-1.64,"",0,00:00:51:19,0.0,0s,1037.0,1111.11,0.0,0.0,-1037.0,-51.85,0.0,0.0,-1037.00,-51.85
,300599896,03/04/2025 10:09,03/04/2025 14:17,USOUSD,Buy,0.060,0.00000,0.00000,69.44000,68.17000,0.0000,0.0000,-127.0,-76.14,-2.35,"",0,00:04:08:30,,,,,,,,,,,,
,300070289,02/04/2025 19:34,03/04/2025 14:17,USOUSD,Buy,0.030,0.00000,0.00000,72.04000,68.18000,0.0000,0.0000,-386.0,-115.92,-3.46,"",0,00:18:43:11,,,,,,,,,,,,
,299826882,03/04/2025 01:02,03/04/2025 14:17,USOUSD,Buy,0.050,0.00000,0.00000,70.21000,68.17000,0.0000,0.0000,-204.0,-101.70,-2.95,"",0,00:13:15:08,,,,,,,,,,,,
,298590886,02/04/2025 23:28,03/04/2025 14:17,USOUSD,Buy,0.030,0.00000,0.00000,70.96000,68.17000,0.0000,0.0000,-279.0,-83.52,-2.36,"",0,00:14:49:18,,,,,,,,,,,,
,300527098,03/04/2025 08:39,03/04/2025 14:01,XAUUSD,Buy,0.030,0.00000,0.00000,3131.28000,3087.96000,0.0000,0.0000,-4332.0,-129.96,-3.54,"",0,00:05:21:51,0.0,0s,4376.0,5000.00,0.0,0.0,-4376.0,-131.28,0.0,1.0,-4332.00,-129.96
,300389701,03/04/2025 03:34,03/04/2025 14:01,USOUSD,Buy,0.100,0.00000,0.00000,69.90000,68.40000,0.0000,0.0000,-150.0,-149.40,-3.92,"",0,00:10:26:55,,,,,,,,,,,,
,300389940,03/04/2025 03:35,03/04/2025 14:01,XAUUSD,Buy,0.030,0.00000,0.00000,3149.18000,3088.92000,0.0000,0.0000,-6026.0,-180.78,-4.52,"",0,00:10:26:22,1.2,7m,6098.0,119.05,51.0,1.53,-6047.0,-181.41,0.8,0.3,-6077.00,-182.31
,298787281,01/04/2025 05:13,03/04/2025 03:34,XAUUSD,Buy,0.030,0.00000,0.00000,3139.65000,3148.67000,0.0000,0.0000,902.0,27.06,0.68,"",0,01:22:20:28,12.6,5h 50m,4513.0,1.50,2471.0,74.13,-3707.0,-111.21,40.0,74.6,-1569.00,-47.07
,300002441,02/04/2025 23:14,03/04/2025 03:34,XAUUSD,Buy,0.030,0.00000,0.00000,3107.71000,3148.47000,0.0000,0.0000,4076.0,122.28,3.18,"",0,00:04:20:14,100.0,4h 20m,2560.0,0.00,5960.0,178.79999999999998,0.0,0.0,100.0,68.4,-1884.00,-56.52
,299065773,01/04/2025 13:16,03/04/2025 02:12,XAUUSD,Buy,0.050,0.00000,0.00000,3136.63000,3154.44000,0.0000,0.0000,1781.0,89.05,2.37,"",0,01:12:55:59,11.3,4h 10m,3405.0,1.91,1783.0,89.15,-3405.0,-170.25,34.4,100.0,-2.00,-0.10
,300065154,02/04/2025 19:28,02/04/2025 23:30,USOUSD,Sell,0.050,0.00000,0.00000,71.92000,70.84000,0.0000,0.0000,108.0,54.05,1.46,"",0,00:04:02:33,,,,,,,,,,,,
,300013330,02/04/2025 18:15,02/04/2025 19:27,XAUUSD,Buy,0.030,0.00000,0.00000,3125.28000,3133.73000,0.0000,0.0000,845.0,25.35,0.69,"",0,00:01:12:00,1.4,1m,0.0,0.00,845.0,25.349999999999998,0.0,0.0,100.0,100.0,0.00,0.00
,299343959,01/04/2025 18:57,02/04/2025 19:26,USOUSD,Buy,0.040,0.00000,0.00000,71.50000,71.92000,0.0000,0.0000,42.0,16.88,0.46,"",0,01:00:28:52,,,,,,,,,,,,
,300001428,02/04/2025 17:56,02/04/2025 18:15,XAUUSD,Sell,0.030,0.00000,0.00000,3125.87000,3125.41000,0.0000,0.0000,46.0,1.38,0.04,"",0,00:00:19:14,5.3,1m,0.0,0.02,46.0,1.38,0.0,0.0,100.0,100.0,0.00,0.00
,300001450,02/04/2025 17:56,02/04/2025 18:15,USOUSD,Sell,0.050,0.00000,0.00000,71.47000,71.33000,0.0000,0.0000,14.0,7.05,0.19,"",0,00:00:18:27,,,,,,,,,,,,
,299856814,02/04/2025 15:06,02/04/2025 17:56,XAUUSD,Buy,0.030,0.00000,0.00000,3118.30000,3125.82000,0.0000,0.0000,752.0,22.56,0.62,"",0,00:02:49:30,0.6,1m,0.0,0.00,752.0,22.56,0.0,0.0,100.0,100.0,0.00,0.00
,298590856,02/04/2025 10:13,02/04/2025 17:47,USOUSD,Buy,0.030,0.00000,0.00000,71.05000,71.56000,0.0000,0.0000,51.0,15.33,0.42,"",0,00:07:34:11,,,,,,,,,,,,
,299856253,02/04/2025 15:06,02/04/2025 17:47,USOUSD,Buy,0.050,0.00000,0.00000,70.94000,71.58000,0.0000,0.0000,64.0,32.05,0.89,"",0,00:02:40:32,,,,,,,,,,,,
,299804270,02/04/2025 13:48,02/04/2025 14:29,XAUUSD,Buy,0.030,0.00000,0.00000,3113.77000,3123.45000,0.0000,0.0000,968.0,29.04,0.82,"",0,00:00:40:56,2.5,1m,0.0,0.00,968.0,29.04,0.0,0.0,100.0,100.0,0.00,0.00
,298182190,31/03/2025 09:06,02/04/2025 14:08,XAUUSD,Sell,0.030,0.00000,0.00000,3118.26000,3120.22000,0.0000,0.0000,-196.0,-5.88,-0.17,"",0,02:05:02:12,29.3,15h 32m,4358.0,1.88,1568.0,47.04,-2945.0,-88.35,34.7,60.9,-1764.00,-52.92
,298060674,31/03/2025 05:29,02/04/2025 14:08,XAUUSD,Sell,0.020,0.00000,0.00000,3098.65000,3120.35000,0.0000,0.0000,-2170.0,-43.40,-1.20,"",0,02:08:38:29,0.0,0s,4906.0,5000.00,0.0,0.0,-4906.0,-98.12,0.0,55.8,-2170.00,-43.40
,297008379,28/03/2025 05:09,02/04/2025 14:08,XAUUSD,Sell,0.030,0.00000,0.00000,3076.83000,3120.18000,0.0000,0.0000,-4335.0,-130.05,-3.48,"",0,05:08:58:20,4.4,5h 40m,8131.0,6.80,1043.0,31.29,-7088.0,-212.64,12.8,33.9,-5378.00,-161.34
,299329862,01/04/2025 18:45,02/04/2025 04:13,XAUUSD,Buy,0.030,0.00000,0.00000,3122.00000,3131.80000,0.0000,0.0000,980.0,29.40,0.79,"",0,00:09:27:30,36.3,3h 26m,1418.0,1.42,1002.0,30.06,-1418.0,-42.54,41.4,99.1,-22.00,-0.66
,299064875,01/04/2025 13:15,02/04/2025 04:13,USOUSD,Sell,0.050,0.00000,0.00000,72.02000,71.34000,0.0000,0.0000,68.0,34.00,0.93,"",0,00:14:57:44,,,,,,,,,,,,
,298622891,31/03/2025 23:10,01/04/2025 13:13,USOUSD,Buy,0.030,0.00000,0.00000,71.48000,72.02000,0.0000,0.0000,54.0,16.11,0.44,"",0,00:14:03:10,,,,,,,,,,,,
,298285790,31/03/2025 12:33,01/04/2025 05:12,XAUUSD,Buy,0.020,0.00000,0.00000,3119.24000,3139.31000,0.0000,0.0000,2007.0,40.14,1.11,"",0,00:16:38:29,78.3,13h 1m,2572.0,0.96,2007.0,40.14,-1923.0,-38.46,51.1,100.0,0.00,0.00
,298590774,31/03/2025 19:02,31/03/2025 20:03,USOUSD,Buy,0.030,0.00000,0.00000,71.65000,71.75000,0.0000,0.0000,10.0,3.18,0.09,"",0,00:01:01:01,,,,,,,,,,,,
,297011646,28/03/2025 05:13,31/03/2025 16:54,USOUSD,Buy,0.020,0.00000,0.00000,70.04000,70.32000,0.0000,0.0000,28.0,5.76,0.16,"",0,03:11:40:55,,,,,,,,,,,,
,298286281,31/03/2025 16:45,31/03/2025 16:54,XAUUSD,Buy,0.020,0.00000,3138.86000,3101.42000,3111.30000,0.0000,0.0000,988.0,19.76,0.55,"",0,00:00:08:39,11.2,58s,0.0,0.00,988.0,19.76,0.0,0.0,100.0,100.0,0.00,0.00
,298293883,31/03/2025 12:45,31/03/2025 16:51,USOUSD,Buy,0.050,0.00000,0.00000,69.72000,70.26000,0.0000,0.0000,54.0,27.30,0.77,"",0,00:04:06:04,,,,,,,,,,,,
,297523224,28/03/2025 17:32,31/03/2025 11:07,USOUSD,Buy,0.040,0.00000,0.00000,69.50000,70.10000,0.0000,0.0000,60.0,24.12,0.68,"",0,02:17:34:35,,,,,,,,,,,,
,297622182,31/03/2025 03:35,31/03/2025 10:51,USOUSD,Buy,0.040,0.00000,69.82700,69.09000,69.84000,0.0000,0.0000,75.0,30.04,0.86,"",0,00:07:15:55,,,,,,,,,,,,
,296742242,27/03/2025 17:45,31/03/2025 09:07,XAUUSD,Sell,0.030,0.00000,0.00000,3055.22000,3119.33000,0.0000,0.0000,-6411.0,-192.33,-5.20,"",0,03:15:21:46,1.6,1h 23m,6659.0,27.86,231.0,6.93,-6428.0,-192.84,3.5,0.3,-6642.00,-199.26
,298064532,31/03/2025 05:34,31/03/2025 08:54,XAUUSD,Buy,0.020,0.00000,0.00000,3104.90000,3118.06000,0.0000,0.0000,1316.0,26.32,0.72,"",0,00:03:20:25,100.0,3h 20m,154.0,0.00,1324.0,26.48,0.0,0.0,100.0,99.4,-8.00,-0.16
,297101378,28/03/2025 09:12,31/03/2025 01:08,XAUUSD,Buy,0.030,0.00000,0.00000,3080.99000,3096.01000,0.0000,0.0000,1502.0,45.06,1.24,"",0,02:15:56:12,9.0,5h 45m,1784.0,0.90,1502.0,45.059999999999995,-1346.0,-40.379999999999995,52.7,100.0,0.00,0.00
,297137623,28/03/2025 10:16,28/03/2025 11:51,USOUSD,Buy,0.030,0.00000,0.00000,69.79000,70.04000,0.0000,0.0000,25.0,7.53,0.21,"",0,00:01:34:12,,,,,,,,,,,,
,297011532,28/03/2025 05:13,28/03/2025 09:11,XAUUSD,Buy,0.020,0.00000,0.00000,3074.65000,3081.01000,0.0000,0.0000,636.0,12.72,0.35,"",0,00:03:58:28,97.1,3h 51m,409.0,0.15,767.0,15.34,-113.0,-2.2600000000000002,87.2,85.1,-131.00,-2.62
,296971956,28/03/2025 04:14,28/03/2025 05:09,XAUUSD,Buy,0.030,0.00000,0.00000,3065.99000,3076.79000,0.0000,0.0000,1080.0,32.40,0.91,"",0,00:00:55:05,1.9,1m,0.0,0.00,1080.0,32.4,0.0,0.0,100.0,100.0,0.00,0.00
,296709576,27/03/2025 17:19,27/03/2025 17:44,XAUUSD,Buy,0.020,0.00000,0.00000,3049.53000,3055.43000,0.0000,0.0000,590.0,11.80,0.33,"",0,00:00:24:32,4.0,58s,0.0,0.00,590.0,11.8,0.0,0.0,100.0,100.0,0.00,0.00
,296653680,27/03/2025 16:41,27/03/2025 17:03,XAUUSD,Buy,0.030,0.00000,0.00000,3035.92000,3043.59000,0.0000,0.0000,767.0,23.01,0.65,"",0,00:00:22:04,4.6,1m,0.0,0.00,767.0,23.009999999999998,0.0,0.0,100.0,100.0,0.00,0.00
,296654628,27/03/2025 16:42,27/03/2025 16:57,USOUSD,Buy,0.050,0.00000,0.00000,69.47000,69.75000,0.0000,0.0000,28.0,13.80,0.39,"",0,00:00:14:42,,,,,,,,,,,,
,292621821,20/03/2025 08:49,27/03/2025 13:12,XAUUSD,Buy,0.010,0.00000,0.00000,3046.97000,3046.46000,0.0000,0.0000,-51.0,-0.51,-0.01,"",0,07:04:22:21,0.0,0s,4341.0,5000.00,0.0,0.0,-4341.0,-43.410000000000004,0.0,98.8,-51.00,-0.51
,296412804,27/03/2025 11:54,27/03/2025 13:08,USOUSD,Buy,0.050,0.00000,0.00000,69.52000,69.74000,0.0000,0.0000,22.0,11.05,0.31,"",0,00:01:13:44,,,,,,,,,,,,
,296286700,27/03/2025 07:47,27/03/2025 13:07,XAUUSD,Buy,0.020,0.00000,0.00000,3033.39000,3044.69000,0.0000,0.0000,1130.0,22.60,0.65,"",0,00:05:20:03,100.0,5h 20m,342.0,0.00,1130.0,22.6,0.0,0.0,100.0,100.0,0.00,0.00
,293206509,21/03/2025 05:54,27/03/2025 13:07,XAUUSD,Buy,0.010,0.00000,0.00000,3034.51000,3044.55000,0.0000,0.0000,1004.0,10.04,0.29,"",0,06:07:13:23,5.0,7h 33m,3230.0,3.08,1004.0,10.040000000000001,-3095.0,-30.95,24.5,100.0,0.00,0.00
,292790131,21/03/2025 06:26,27/03/2025 13:07,XAUUSD,Buy,0.010,0.00000,0.00000,3030.98000,3044.13000,0.0000,0.0000,1315.0,13.15,0.38,"",0,06:06:40:33,9.8,14h 45m,3230.0,2.09,1315.0,13.15,-2742.0,-27.42,32.4,100.0,0.00,0.00
,295239654,25/03/2025 18:20,27/03/2025 07:35,XAUUSD,Buy,0.020,0.00000,0.00000,3022.57000,3037.27000,0.0000,0.0000,1470.0,29.40,0.86,"",0,01:13:14:53,40.3,15h 0m,1767.0,0.62,1472.0,29.44,-909.0,-18.18,61.8,99.9,-2.00,-0.04
,295854186,26/03/2025 17:03,27/03/2025 07:35,XAUUSD,Buy,0.030,0.00000,0.00000,3015.31000,3037.27000,0.0000,0.0000,2196.0,65.88,1.95,"",0,00:14:31:41,100.0,14h 31m,496.0,0.00,2207.0,66.21,0.0,0.0,100.0,99.5,-11.00,-0.33
,295202872,25/03/2025 17:39,26/03/2025 16:32,USOUSD,Buy,0.010,0.00000,0.00000,69.54000,70.00000,0.0000,0.0000,46.0,4.52,0.13,"",0,00:22:53:15,,,,,,,,,,,,
,295240419,25/03/2025 19:03,26/03/2025 08:57,USOUSD,Buy,0.010,0.00000,0.00000,69.00000,69.45000,0.0000,0.0000,45.0,4.47,0.13,"",0,00:13:54:33,,,,,,,,,,,,
,294409216,24/03/2025 17:03,25/03/2025 16:39,XAUUSD,Buy,0.010,0.00000,0.00000,3020.85000,3027.86000,0.0000,0.0000,701.0,7.01,0.21,"",0,00:23:35:19,28.7,6h 46m,1729.0,2.47,701.0,7.01,-1729.0,-17.29,28.8,100.0,0.00,0.00
,294342693,24/03/2025 17:31,25/03/2025 12:45,XAUUSD,Buy,0.010,0.00000,0.00000,3015.69000,3021.06000,0.0000,0.0000,537.0,5.37,0.16,"",0,00:19:14:11,35.4,6h 48m,1294.0,1.52,852.0,8.52,-1294.0,-12.94,39.7,85.3,-315.00,-3.15
,294470531,24/03/2025 17:48,25/03/2025 12:45,XAUUSD,Buy,0.010,0.00000,0.00000,3009.17000,3021.12000,0.0000,0.0000,1195.0,11.95,0.36,"",0,00:18:56:50,85.7,16h 14m,937.0,0.51,1253.0,12.530000000000001,-642.0,-6.42,66.1,96.9,-58.00,-0.58
,294342391,24/03/2025 15:59,24/03/2025 17:03,USOUSD,Buy,0.010,0.00000,0.00000,68.66000,69.08000,0.0000,0.0000,42.0,4.11,0.12,"",0,00:01:04:29,,,,,,,,,,,,
,292151146,21/03/2025 16:50,24/03/2025 12:48,XAUUSD,Buy,0.010,0.00000,3073.08000,3009.29000,3023.99000,0.0000,0.0000,1470.0,14.70,0.44,"",0,02:19:58:49,100.0,2d 19h ,698.0,0.00,2165.0,21.650000000000002,0.0,0.0,100.0,67.9,-695.00,-6.95
,293531672,21/03/2025 16:39,24/03/2025 12:48,XAUUSD,Buy,0.020,0.00000,0.00000,3015.93000,3023.94000,0.0000,0.0000,801.0,16.02,0.48,"",0,02:20:09:14,98.1,2d 18h ,700.0,0.16,1501.0,30.02,-245.0,-4.9,86.0,59.9,-700.00,-14.00
,293583303,21/03/2025 17:16,24/03/2025 12:48,XAUUSD,Buy,0.010,0.00000,0.00000,3001.32000,3023.99000,0.0000,0.0000,2267.0,22.67,0.69,"",0,02:19:31:57,100.0,2d 19h ,698.0,0.00,2962.0,29.62,0.0,0.0,100.0,76.5,-695.00,-6.95
,293490705,21/03/2025 16:08,21/03/2025 17:47,USOUSD,Buy,0.020,0.00000,0.00000,68.07000,68.41000,0.0000,0.0000,34.0,6.82,0.21,"",0,00:01:38:30,,,,,,,,,,,,
,293155284,21/03/2025 03:41,21/03/2025 05:07,XAUUSD,Sell,0.010,0.00000,0.00000,3042.94000,3036.81000,0.0000,0.0000,613.0,6.13,0.19,"",0,00:01:25:59,1.2,1m,0.0,0.00,613.0,6.13,0.0,0.0,100.0,100.0,0.00,0.00
,292545987,20/03/2025 10:55,21/03/2025 03:41,XAUUSD,Buy,0.010,0.00000,3059.04000,3042.56000,3042.85000,0.0000,0.0000,29.0,0.29,0.01,"",0,00:16:45:17,56.1,9h 23m,1325.0,2.93,452.0,4.5200000000000005,-1325.0,-13.25,25.4,76.2,-423.00,-4.23
,291303249,18/03/2025 12:02,21/03/2025 01:09,USOUSD,Buy,0.010,0.00000,0.00000,68.46000,68.78000,0.0000,0.0000,32.0,3.18,0.10,"",0,02:13:07:26,,,,,,,,,,,,
,292789758,20/03/2025 13:25,21/03/2025 01:09,XAUUSD,Buy,0.010,0.00000,0.00000,3032.91000,3044.54000,0.0000,0.0000,1163.0,11.63,0.36,"",0,00:11:44:17,97.2,11h 24m,796.0,0.21,1297.0,12.97,-269.0,-2.69,82.8,91.4,-134.00,-1.34
,291549375,18/03/2025 16:56,20/03/2025 23:03,USOUSD,Buy,0.010,0.00000,0.00000,68.11000,68.50000,0.0000,0.0000,39.0,3.92,0.12,"",0,02:06:06:46,,,,,,,,,,,,
,291303380,18/03/2025 16:58,20/03/2025 23:01,USOUSD,Buy,0.010,0.00000,0.00000,68.00000,68.50000,0.0000,0.0000,50.0,4.97,0.15,"",0,02:06:03:05,,,,,,,,,,,,
,291573465,18/03/2025 17:19,20/03/2025 18:04,USOUSD,Buy,0.020,0.00000,0.00000,67.80000,68.26000,0.0000,0.0000,46.0,9.24,0.29,"",0,02:00:44:43,,,,,,,,,,,,
,292235968,19/03/2025 21:06,20/03/2025 17:13,USOUSD,Buy,0.020,0.00000,0.00000,67.07000,67.93000,0.0000,0.0000,86.0,17.34,0.54,"",0,00:20:07:01,,,,,,,,,,,,
,291573723,18/03/2025 18:47,20/03/2025 17:13,USOUSD,Buy,0.020,0.00000,0.00000,67.50000,67.93000,0.0000,0.0000,43.0,8.64,0.27,"",0,01:22:25:36,,,,,,,,,,,,
,292132787,19/03/2025 16:32,19/03/2025 22:10,XAUUSD,Buy,0.010,0.00000,0.00000,3031.86000,3049.37000,0.0000,0.0000,1751.0,17.51,0.55,"",0,00:05:38:11,90.6,5h 6m,618.0,0.13,1751.0,17.51,-227.0,-2.27,88.5,100.0,0.00,0.00
,291638452,18/03/2025 19:33,19/03/2025 18:09,USOUSD,Buy,0.020,0.00000,0.00000,67.03000,67.43000,0.0000,0.0000,40.0,8.12,0.26,"",0,00:22:35:21,,,,,,,,,,,,
,291969356,19/03/2025 12:06,19/03/2025 14:14,XAUUSD,Buy,0.010,0.00000,0.00000,3025.70000,3035.94000,0.0000,0.0000,1024.0,10.24,0.32,"",0,00:02:07:48,0.8,1m,0.0,0.00,1024.0,10.24,0.0,0.0,100.0,100.0,0.00,0.00
,291963519,19/03/2025 12:01,19/03/2025 14:14,USOUSD,Buy,0.020,0.00000,0.00000,66.42000,66.95000,0.0000,0.0000,53.0,10.62,0.34,"",0,00:02:13:00,,,,,,,,,,,,
,291484092,18/03/2025 16:05,19/03/2025 12:01,XAUUSD,Sell,0.010,0.00000,0.00000,3034.22000,3026.12000,0.0000,0.0000,810.0,8.10,0.26,"",0,00:19:55:23,58.3,11h 36m,1734.0,1.18,916.0,9.16,-1081.0,-10.81,45.9,94.7,-106.00,-1.06
,291489872,18/03/2025 16:11,18/03/2025 16:41,USOUSD,Sell,0.010,0.00000,0.00000,68.21000,68.13000,0.0000,0.0000,8.0,0.86,0.03,"",0,00:00:29:12,,,,,,,,,,,,
,291482495,18/03/2025 16:04,18/03/2025 16:10,USOUSD,Buy,0.020,0.00000,0.00000,68.13000,68.22000,0.0000,0.0000,9.0,1.82,0.06,"",0,00:00:06:24,,,,,,,,,,,,
,290435754,17/03/2025 17:58,18/03/2025 11:40,USOUSD,Buy,0.010,0.00000,0.00000,67.43000,68.38000,0.0000,0.0000,95.0,9.52,0.30,"",0,00:17:41:13,,,,,,,,,,,,
,290424844,17/03/2025 06:01,18/03/2025 11:40,USOUSD,Buy,0.010,0.00000,0.00000,67.71000,68.38000,0.0000,0.0000,67.0,6.72,0.21,"",0,01:05:38:27,,,,,,,,,,,,
,290405805,17/03/2025 04:40,18/03/2025 11:39,USOUSD,Buy,0.010,0.00000,0.00000,67.93000,68.38000,0.0000,0.0000,45.0,4.51,0.14,"",0,01:06:59:47,,,,,,,,,,,,
,290391972,17/03/2025 04:04,17/03/2025 04:37,USOUSD,Sell,0.030,0.00000,0.00000,68.32000,67.96000,0.0000,0.0000,36.0,10.68,0.34,"",0,00:00:32:45,,,,,,,,,,,,
,288439805,12/03/2025 19:46,17/03/2025 04:03,USOUSD,Buy,0.050,0.00000,0.00000,67.69000,68.30000,0.0000,0.0000,61.0,30.25,0.98,"",0,04:08:17:19,,,,,,,,,,,,
,267209570,13/03/2025 20:33,,,Deposit,0.000,0.00000,0.00000,0.00000,0.00000,0.0000,0.0000,0.0,202.40,0,"Cash Adjustment - Debt W/O",0,00:00:00:00,,,,,,,,,,,,
,288732776,13/03/2025 17:44,13/03/2025 20:33,XAUUSD,Sell,0.050,0.00000,0.00000,2964.86000,2982.30000,0.0000,0.0000,-1744.0,-87.20,-2.93,"",0,00:02:48:48,0.0,0s,1744.0,2000.00,0.0,0.0,-1744.0,-87.2,0.0,0.0,-1744.00,-87.20
,284453774,04/03/2025 23:20,13/03/2025 20:31,USOUSD,Buy,0.080,0.00000,0.00000,67.94000,66.50000,0.0000,0.0000,-144.0,-115.20,-3.73,"",0,08:21:11:18,,,,,,,,,,,,
,267202221,13/03/2025 20:18,,,Deposit,0.000,0.00000,0.00000,0.00000,0.00000,0.0000,0.0000,0.0,2812.86,0,"Cash Adjustment - Debt W/O",0,00:00:00:00,,,,,,,,,,,,
,288476302,12/03/2025 20:35,13/03/2025 20:17,XAUUSD,Sell,0.050,0.00000,0.00000,2939.49000,2978.67000,0.0000,0.0000,-3918.0,-195.90,-41.41,"",0,00:23:42:08,31.0,7h 20m,5177.0,6.95,651.0,32.550000000000004,-4526.0,-226.3,12.6,11.7,-4569.00,-228.45
,283677609,03/03/2025 15:28,13/03/2025 20:17,USOUSD,Buy,0.060,0.00000,0.00000,70.08000,66.49000,0.0000,0.0000,-359.0,-215.40,-31.29,"",0,10:04:49:01,,,,,,,,,,,,
,283720736,03/03/2025 17:00,13/03/2025 20:17,USOUSD,Buy,0.070,0.00000,0.00000,69.57000,66.51000,0.0000,0.0000,-306.0,-214.27,-23.74,"",0,10:03:17:02,,,,,,,,,,,,
,282856919,03/03/2025 17:00,13/03/2025 20:17,USOUSD,Buy,0.070,0.00000,0.00000,69.61000,66.51000,0.0000,0.0000,-310.0,-217.00,-19.38,"",0,10:03:17:01,,,,,,,,,,,,
,281581459,25/02/2025 14:40,13/03/2025 20:17,USOUSD,Buy,0.070,0.00000,0.00000,70.31000,66.51000,0.0000,0.0000,-380.0,-266.14,-19.20,"",0,16:05:36:33,,,,,,,,,,,,
,283776511,03/03/2025 17:38,13/03/2025 20:17,USOUSD,Buy,0.100,0.00000,0.00000,69.19000,66.51000,0.0000,0.0000,-268.0,-268.10,-16.21,"",0,10:02:38:14,,,,,,,,,,,,
,280503163,21/02/2025 17:36,13/03/2025 20:17,USOUSD,Buy,0.060,0.00000,0.00000,70.98000,66.52000,0.0000,0.0000,-446.0,-268.02,-13.95,"",0,20:02:40:22,,,,,,,,,,,,
,281549081,25/02/2025 13:50,13/03/2025 20:17,USOUSD,Buy,0.070,0.00000,0.00000,70.66000,66.52000,0.0000,0.0000,-414.0,-289.59,-13.09,"",0,16:06:26:37,,,,,,,,,,,,
,280503174,21/02/2025 17:35,13/03/2025 20:17,USOUSD,Buy,0.060,0.00000,0.00000,71.04000,66.52000,0.0000,0.0000,-452.0,-271.32,-10.93,"",0,20:02:42:10,,,,,,,,,,,,
,280582152,21/02/2025 16:31,13/03/2025 20:17,USOUSD,Buy,0.060,0.00000,0.00000,71.36000,66.53000,0.0000,0.0000,-483.0,-290.22,-10.47,"",0,20:03:45:57,,,,,,,,,,,,
,281484555,25/02/2025 14:44,13/03/2025 20:17,USOUSD,Buy,0.080,0.00000,0.00000,70.27000,66.53000,0.0000,0.0000,-374.0,-299.36,-9.74,"",0,16:05:32:46,,,,,,,,,,,,
,280582009,21/02/2025 16:08,13/03/2025 20:17,USOUSD,Buy,0.060,0.00000,0.00000,71.61000,66.53000,0.0000,0.0000,-508.0,-304.92,-9.03,"",0,20:04:08:13,,,,,,,,,,,,
,282832625,03/03/2025 20:11,13/03/2025 19:50,USOUSD,Buy,0.150,0.00000,70.48900,68.65000,66.59000,0.0000,0.0000,-206.0,-309.00,-8.38,"",0,09:23:38:32,,,,,,,,,,,,
,280408812,21/02/2025 10:46,13/03/2025 19:50,USOUSD,Buy,0.070,0.00000,0.00000,71.93000,66.59000,0.0000,0.0000,-534.0,-374.29,-9.22,"",0,20:09:03:26,,,,,,,,,,,,
,142039051,16/04/2024 10:09,13/03/2025 19:50,USOUSD,Buy,0.020,0.00000,0.00000,85.78000,66.59000,0.0000,0.6900,-1919.0,-383.17,-8.62,"",0,331:09:41:06,,,,,,,,,,,,
,287160982,11/03/2025 05:27,13/03/2025 19:47,XAUUSD,Sell,0.050,0.00000,0.00000,2897.87000,2982.14000,0.0000,0.0000,-8427.0,-421.35,-8.66,"",0,02:14:20:17,1.5,56m,9044.0,24.45,356.0,17.8,-8688.0,-434.40000000000003,3.9,2.9,-8783.00,-439.15
,285890829,12/03/2025 19:09,13/03/2025 19:47,XAUUSD,Sell,0.080,0.00000,2881.23000,2933.39000,2982.10000,0.0000,0.0000,-4871.0,-389.68,-7.42,"",0,01:00:38:31,9.5,2h 20m,5343.0,24.81,207.0,16.56,-5136.0,-410.88,3.9,5.0,-5078.00,-406.24
,280297217,20/02/2025 21:10,13/03/2025 19:47,USOUSD,Buy,0.070,0.00000,0.00000,72.41000,66.60000,0.0000,0.0000,-581.0,-406.49,-7.18,"",0,20:22:37:00,,,,,,,,,,,,
,280297045,20/02/2025 20:59,13/03/2025 19:47,USOUSD,Buy,0.070,0.00000,0.00000,72.93000,66.60000,0.0000,0.0000,-633.0,-443.31,-7.26,"",0,20:22:47:38,,,,,,,,,,,,
,272423352,28/01/2025 16:45,13/03/2025 19:47,USOUSD,Buy,0.060,0.00000,0.00000,74.29000,66.60000,0.0000,0.0000,-769.0,-461.04,-7.02,"",0,44:03:01:59,,,,,,,,,,,,
,277498390,12/02/2025 09:06,13/03/2025 19:47,USOUSD,Buy,0.070,0.00000,0.00000,73.28000,66.60000,0.0000,0.0000,-668.0,-467.74,-6.65,"",0,29:10:41:20,,,,,,,,,,,,
,272458374,28/01/2025 16:42,13/03/2025 19:47,USOUSD,Buy,0.060,0.00000,0.00000,74.42000,66.60000,0.0000,0.0000,-782.0,-468.84,-6.25,"",0,44:03:04:56,,,,,,,,,,,,
,271974854,27/01/2025 14:07,13/03/2025 19:47,USOUSD,Buy,0.060,0.00000,0.00000,75.13000,66.60000,0.0000,0.0000,-853.0,-511.44,-6.38,"",0,45:05:39:40,,,,,,,,,,,,
,271888299,27/01/2025 11:02,13/03/2025 19:47,USOUSD,Buy,0.060,0.00000,0.00000,75.46000,66.60000,0.0000,0.0000,-886.0,-531.24,-6.22,"",0,45:08:44:59,,,,,,,,,,,,
,270974420,23/01/2025 18:26,13/03/2025 19:47,USOUSD,Buy,0.060,0.00000,0.00000,75.82000,66.60000,0.0000,0.0000,-922.0,-553.08,-6.08,"",0,49:01:21:22,,,,,,,,,,,,
,144223428,19/04/2024 06:18,13/03/2025 19:47,USOUSD,Buy,0.030,0.00000,85.50600,84.52000,66.60000,0.0000,1.0300,-1792.0,-536.66,-5.57,"",0,328:13:29:04,,,,,,,,,,,,
,274425479,03/02/2025 16:56,13/03/2025 19:47,USOUSD,Buy,0.080,0.00000,0.00000,73.61000,66.60000,0.0000,0.0000,-701.0,-560.72,-5.50,"",0,38:02:51:02,,,,,,,,,,,,
,274418528,03/02/2025 16:50,13/03/2025 19:47,USOUSD,Buy,0.080,0.00000,0.00000,73.90000,66.61000,0.0000,0.0000,-729.0,-583.12,-5.41,"",0,38:02:57:07,,,,,,,,,,,,
,270963709,23/01/2025 18:15,13/03/2025 19:47,USOUSD,Buy,0.060,0.00000,0.00000,75.98000,66.61000,0.0000,0.0000,-937.0,-562.08,-4.96,"",0,49:01:32:29,,,,,,,,,,,,
,270641326,23/01/2025 03:14,13/03/2025 19:47,USOUSD,Buy,0.060,0.00000,0.00000,76.33000,66.62000,0.0000,0.0000,-971.0,-582.48,-4.89,"",0,49:16:32:52,,,,,,,,,,,,
,142029665,16/04/2024 11:06,13/03/2025 19:47,USOUSD,Buy,0.030,0.00000,86.47000,85.40000,66.61000,0.0000,1.0300,-1879.0,-562.61,-4.51,"",0,331:08:41:18,,,,,,,,,,,,
,140437009,12/04/2024 18:40,13/03/2025 19:44,USOUSD,Buy,0.030,0.00000,0.00000,86.24000,66.66000,0.0000,1.0300,-1958.0,-586.28,-4.49,"",0,335:01:04:31,,,,,,,,,,,,
,270409465,22/01/2025 14:31,13/03/2025 19:44,USOUSD,Buy,0.060,0.00000,0.00000,76.96000,66.66000,0.0000,0.0000,-1030.0,-617.88,-4.51,"",0,50:05:13:48,,,,,,,,,,,,
,270338037,22/01/2025 15:32,13/03/2025 19:44,USOUSD,Buy,0.060,0.00000,0.00000,76.62000,66.66000,0.0000,0.0000,-996.0,-597.48,-4.18,"",0,50:04:12:19,,,,,,,,,,,,
,269537710,20/01/2025 15:49,13/03/2025 19:44,USOUSD,Buy,0.060,0.00000,0.00000,77.56000,66.66000,0.0000,0.0000,-1090.0,-654.00,-4.38,"",0,52:03:54:54,,,,,,,,,,,,
,269536669,20/01/2025 15:56,13/03/2025 19:44,USOUSD,Buy,0.060,0.00000,0.00000,77.26000,66.66000,0.0000,0.0000,-1060.0,-636.00,-4.08,"",0,52:03:48:18,,,,,,,,,,,,
,269535233,20/01/2025 15:46,13/03/2025 19:44,USOUSD,Buy,0.060,0.00000,0.00000,77.69000,66.66000,0.0000,0.0000,-1103.0,-661.50,-4.07,"",0,52:03:58:26,,,,,,,,,,,,
,268826514,17/01/2025 17:16,13/03/2025 19:44,USOUSD,Buy,0.060,0.00000,0.00000,78.73000,66.66000,0.0000,0.0000,-1207.0,-724.32,-4.27,"",0,55:02:28:46,,,,,,,,,,,,
,187925522,19/07/2024 18:56,13/03/2025 19:44,USOUSD,Buy,0.050,0.00000,0.00000,80.94000,66.66000,0.0000,0.0000,-1428.0,-713.75,-4.04,"",0,237:00:48:14,,,,,,,,,,,,
,148109075,26/04/2024 15:50,13/03/2025 19:44,USOUSD,Buy,0.040,0.00000,0.00000,84.61000,66.66000,0.0000,1.3900,-1795.0,-716.61,-3.90,"",0,321:03:54:37,,,,,,,,,,,,
,274941775,04/02/2025 16:38,13/03/2025 19:44,XAUUSD,Sell,0.050,0.00000,0.00000,2839.86000,2985.10000,0.0000,0.0000,-14524.0,-726.20,-3.80,"",0,37:03:06:32,0.2,1h 46m,15099.0,25.32,575.0,28.75,-14524.0,-726.2,3.8,0.0,-15099.00,-754.95
,274419375,03/02/2025 16:51,13/03/2025 19:44,XAUUSD,Sell,0.050,0.00000,0.00000,2828.62000,2985.20000,0.0000,0.0000,-15658.0,-782.90,-3.93,"",0,38:02:53:47,2.1,19h 12m,17250.0,9.84,1592.0,79.60000000000001,-15658.0,-782.9000000000001,9.2,0.0,-17250.00,-862.50
,274375480,03/02/2025 15:50,13/03/2025 19:44,XAUUSD,Sell,0.050,0.00000,0.00000,2809.69000,2985.12000,0.0000,0.0000,-17543.0,-877.15,-4.22,"",0,38:03:54:00,0.0,0s,17543.0,0.00,0.0,0.0,-17543.0,-877.1500000000001,0.0,0.0,-17543.00,-877.15
,268379270,16/01/2025 16:36,13/03/2025 19:44,USOUSD,Buy,0.060,0.00000,0.00000,79.51000,66.66000,0.0000,0.0000,-1285.0,-771.18,-3.58,"",0,56:03:07:56,,,,,,,,,,,,
,187809678,19/07/2024 16:28,13/03/2025 19:44,USOUSD,Buy,0.050,0.00000,0.00000,81.37000,66.66000,0.0000,0.0000,-1471.0,-735.25,-3.30,"",0,237:03:16:07,,,,,,,,,,,,
,186977572,18/07/2024 12:12,13/03/2025 19:44,USOUSD,Buy,0.050,0.00000,0.00000,82.59000,66.67000,0.0000,0.0000,-1592.0,-796.15,-3.45,"",0,238:07:32:21,,,,,,,,,,,,
,184351987,12/07/2024 18:59,13/03/2025 19:44,USOUSD,Buy,0.050,0.00000,0.00000,82.88000,66.67000,0.0000,0.0000,-1621.0,-810.20,-3.39,"",0,244:00:45:40,,,,,,,,,,,,
,274245196,03/02/2025 11:37,13/03/2025 19:44,XAUUSD,Sell,0.050,0.00000,0.00000,2800.67000,2985.09000,0.0000,0.0000,-18442.0,-922.10,-3.72,"",0,38:08:07:19,0.0,0s,18442.0,0.00,0.0,0.0,-18442.0,-922.1,0.0,0.0,-18442.00,-922.10
,274250827,03/02/2025 10:27,13/03/2025 19:44,XAUUSD,Sell,0.050,0.00000,0.00000,2798.08000,2984.88000,0.0000,0.0000,-18680.0,-934.00,-3.63,"",0,38:09:16:32,0.0,0s,18680.0,0.00,0.0,0.0,-18680.0,-934.0,0.0,0.0,-18680.00,-934.00
,187945921,19/07/2024 19:43,13/03/2025 19:44,USOUSD,Buy,0.070,0.00000,0.00000,80.24000,66.69000,0.0000,0.0000,-1355.0,-948.15,-3.55,"",0,237:00:00:34,,,,,,,,,,,,
,274235666,03/02/2025 09:55,13/03/2025 19:44,XAUUSD,Sell,0.050,0.00000,0.00000,2788.45000,2984.54000,0.0000,0.0000,-19609.0,-980.45,-3.54,"",0,38:09:49:00,0.0,0s,19609.0,0.00,0.0,0.0,-19609.0,-980.45,0.0,0.0,-19609.00,-980.45
,273055069,30/01/2025 07:47,13/03/2025 19:44,XAUUSD,Sell,0.050,0.00000,0.00000,2759.72000,2984.44000,0.0000,0.0000,-22472.0,-1123.60,-3.90,"",0,42:11:56:52,0.0,0s,22472.0,0.00,0.0,0.0,-22472.0,-1123.6000000000001,0.0,0.0,-22472.00,-1123.60
,272862517,30/01/2025 10:53,13/03/2025 19:44,XAUUSD,Sell,0.050,0.00000,0.00000,2774.21000,2984.42000,0.0000,0.0000,-21021.0,-1051.05,-3.52,"",0,42:08:51:11,0.0,0s,21021.0,0.00,0.0,0.0,-21021.0,-1051.05,0.0,0.0,-21021.00,-1051.05
,187908482,19/07/2024 19:34,13/03/2025 19:44,USOUSD,Buy,0.090,0.00000,0.00000,80.48000,66.69000,0.0000,0.0000,-1379.0,-1240.65,-3.99,"",0,237:00:09:22,,,,,,,,,,,,
,269823363,21/01/2025 09:39,13/03/2025 19:43,XAUUSD,Sell,0.060,0.00000,0.00000,2730.82000,2985.01000,0.0000,0.0000,-25419.0,-1525.14,-4.68,"",0,51:10:04:21,0.0,0s,25419.0,0.00,0.0,0.0,-25419.0,-1525.1399999999999,0.0,0.0,-25419.00,-1525.14
,268894897,21/01/2025 04:09,13/03/2025 19:43,XAUUSD,Sell,0.060,0.00000,2686.06000,2721.21000,2984.92000,0.0000,0.0000,-26371.0,-1582.26,-4.63,"",0,51:15:33:59,0.0,0s,26371.0,0.00,0.0,0.0,-26371.0,-1582.26,0.0,0.0,-26371.00,-1582.26
,267297067,14/01/2025 10:04,13/03/2025 19:43,XAUUSD,Sell,0.050,0.00000,0.00000,2667.63000,2984.92000,0.0000,0.0000,-31729.0,-1586.45,-4.43,"",0,58:09:39:36,0.0,0s,31729.0,0.00,0.0,0.0,-31729.0,-1586.45,0.0,0.0,-31729.00,-1586.45
,267258071,14/01/2025 06:54,13/03/2025 19:43,XAUUSD,Sell,0.050,0.00000,0.00000,2673.15000,2984.92000,0.0000,0.0000,-31177.0,-1558.85,-4.17,"",0,58:12:49:12,0.3,4h 12m,31328.0,208.33,151.0,7.550000000000001,-31177.0,-1558.8500000000001,0.5,0.0,-31328.00,-1566.40
,269773455,21/01/2025 03:48,13/03/2025 19:43,XAUUSD,Sell,0.060,0.00000,0.00000,2714.92000,2985.13000,0.0000,0.0000,-27021.0,-1621.26,-4.16,"",0,51:15:55:42,0.0,0s,27021.0,0.00,0.0,0.0,-27021.0,-1621.26,0.0,0.0,-27021.00,-1621.26
,269342975,20/01/2025 07:50,13/03/2025 19:43,XAUUSD,Sell,0.060,0.00000,0.00000,2704.20000,2985.22000,0.0000,0.0000,-28102.0,-1686.12,-4.15,"",0,52:11:53:34,0.0,0s,28102.0,0.00,0.0,0.0,-28102.0,-1686.12,0.0,0.0,-28102.00,-1686.12
,268019823,15/01/2025 18:52,13/03/2025 19:43,XAUUSD,Sell,0.060,0.00000,0.00000,2688.65000,2985.20000,0.0000,0.0000,-29655.0,-1779.30,-4.19,"",0,57:00:51:38,0.0,0s,29655.0,0.00,0.0,0.0,-29655.0,-1779.3,0.0,0.0,-29655.00,-1779.30
,214189518,12/09/2024 16:08,13/03/2025 19:43,XAUUSD,Sell,0.050,0.00000,0.00000,2532.99000,2985.24000,0.0000,0.0000,-45225.0,-2261.25,-5.06,"",0,182:03:35:35,0.0,0s,45225.0,0.00,0.0,0.0,-45225.0,-2261.25,0.0,0.0,-45225.00,-2261.25
,201924490,16/08/2024 13:01,13/03/2025 19:43,XAUUSD,Sell,0.090,0.00000,0.00000,2463.36000,2984.93000,0.0000,0.0000,-52157.0,-4694.13,-9.50,"",0,209:06:42:09,0.0,0s,52157.0,0.00,0.0,0.0,-52157.0,-4694.13,0.0,0.0,-52157.00,-4694.13
,201459057,15/08/2024 16:09,13/03/2025 19:43,XAUUSD,Sell,0.050,0.00000,0.00000,2434.56000,2984.94000,0.0000,0.0000,-55038.0,-2751.90,-5.28,"",0,210:03:34:21,0.0,0s,55038.0,0.00,0.0,0.0,-55038.0,-2751.9,0.0,0.0,-55038.00,-2751.90
,289251375,13/03/2025 18:35,13/03/2025 19:10,XAUUSD,Buy,0.080,0.00000,0.00000,2974.72000,2979.70000,0.0000,0.0000,498.0,39.84,0.08,"",0,00:00:35:13,2.9,1m,0.0,0.00,498.0,39.84,0.0,0.0,100.0,100.0,0.00,0.00
,281133738,24/02/2025 15:42,13/03/2025 17:42,XAUUSD,Buy,0.050,0.00000,0.00000,2952.15000,2961.62000,0.0000,0.0000,947.0,47.35,0.09,"",0,17:02:00:44,1.5,6h 9m,11832.0,12.47,947.0,47.35,-11804.0,-590.2,7.4,100.0,0.00,0.00
,289123293,13/03/2025 16:38,13/03/2025 17:06,USOUSD,Buy,0.050,0.00000,0.00000,67.10000,67.16000,0.0000,0.0000,6.0,3.05,0.01,"",0,00:00:27:48,,,,,,,,,,,,
,281642274,25/02/2025 16:18,13/03/2025 16:37,XAUUSD,Buy,0.050,0.00000,0.00000,2941.29000,2949.47000,0.0000,0.0000,818.0,40.90,0.08,"",0,16:00:18:49,3.2,12h 17m,10718.0,13.11,818.0,40.900000000000006,-10718.0,-535.9,7.1,100.0,0.00,0.00
,288384268,12/03/2025 18:51,12/03/2025 19:24,XAUUSD,Buy,0.050,0.00000,0.00000,2928.54000,2935.96000,0.0000,0.0000,742.0,37.10,0.07,"",0,00:00:33:12,100.0,33m,176.0,0.00,742.0,37.1,0.0,0.0,100.0,100.0,0.00,0.00
,285937100,07/03/2025 17:54,12/03/2025 18:49,USOUSD,Buy,0.080,0.00000,0.00000,67.26000,67.72000,0.0000,0.0000,46.0,37.20,0.07,"",0,05:00:55:23,,,,,,,,,,,,
,286364551,10/03/2025 07:43,12/03/2025 18:49,USOUSD,Buy,0.050,0.00000,0.00000,66.68000,67.72000,0.0000,0.0000,104.0,52.05,0.10,"",0,02:11:06:40,,,,,,,,,,,,
,288040286,12/03/2025 13:32,12/03/2025 18:49,XAUUSD,Buy,0.050,0.00000,0.00000,2914.24000,2927.76000,0.0000,0.0000,1352.0,67.60,0.13,"",0,00:05:17:10,98.5,5h 12m,1178.0,0.08,2530.0,126.5,-209.0,-10.450000000000001,92.4,57.0,-1178.00,-58.90
,287451192,11/03/2025 15:46,12/03/2025 16:26,XAUUSD,Sell,0.050,0.00000,0.00000,2915.37000,2908.55000,0.0000,0.0000,682.0,34.10,0.07,"",0,01:00:39:38,33.2,8h 11m,2978.0,2.98,748.0,37.4,-2230.0,-111.5,25.1,97.8,-66.00,-3.30
,286292339,10/03/2025 02:52,12/03/2025 12:01,XAUUSD,Buy,0.050,0.00000,0.00000,2915.98000,2924.28000,0.0000,0.0000,830.0,41.50,0.08,"",0,02:09:08:37,19.9,11h 22m,3409.0,4.11,830.0,41.5,-3409.0,-170.45000000000002,19.6,100.0,0.00,0.00
,287631294,11/03/2025 19:04,11/03/2025 19:04,USOUSD,Sell,0.050,0.00000,0.00000,66.78000,66.82000,0.0000,0.0000,-4.0,-1.95,0.00,"",0,00:00:00:19,,,,,,,,,,,,
,287343444,11/03/2025 12:23,11/03/2025 15:40,XAUUSD,Buy,0.050,0.00000,0.00000,2910.70000,2914.97000,0.0000,0.0000,427.0,21.35,0.04,"",0,00:03:17:08,100.0,3h 17m,178.0,0.00,427.0,21.35,0.0,0.0,100.0,100.0,0.00,0.00
,286315349,10/03/2025 19:27,11/03/2025 15:40,USOUSD,Buy,0.100,0.00000,0.00000,66.28000,66.86000,0.0000,0.0000,58.0,58.10,0.11,"",0,00:20:13:41,,,,,,,,,,,,
,286921229,10/03/2025 20:45,11/03/2025 15:40,USOUSD,Buy,0.050,0.00000,0.00000,66.06000,66.86000,0.0000,0.0000,80.0,39.80,0.08,"",0,00:18:54:48,,,,,,,,,,,,
,286614608,10/03/2025 16:37,11/03/2025 11:40,XAUUSD,Buy,0.050,0.00000,0.00000,2900.25000,2906.74000,0.0000,0.0000,649.0,32.45,0.06,"",0,00:19:02:19,24.1,4h 35m,2194.0,2.58,765.0,38.25,-1970.0,-98.5,28.0,95.8,-116.00,-5.80
,286997955,10/03/2025 21:13,11/03/2025 05:27,XAUUSD,Buy,0.050,0.00000,0.00000,2884.41000,2897.49000,0.0000,0.0000,1308.0,65.40,0.13,"",0,00:08:13:47,83.0,6h 49m,780.0,0.18,1315.0,65.75,-234.0,-11.700000000000001,84.9,99.5,-7.00,-0.35
,283769635,03/03/2025 17:31,10/03/2025 21:13,XAUUSD,Sell,0.050,0.00000,0.00000,2888.37000,2884.44000,0.0000,0.0000,393.0,19.65,0.04,"",0,07:03:42:11,5.3,9h 6m,4696.0,5.95,676.0,33.800000000000004,-4020.0,-201.0,14.4,94.0,-283.00,-14.15
,283766475,03/03/2025 17:28,10/03/2025 21:13,XAUUSD,Sell,0.050,0.00000,0.00000,2888.34000,2884.74000,0.0000,0.0000,360.0,18.00,0.03,"",0,07:03:44:27,5.3,9h 6m,4696.0,5.98,673.0,33.65,-4023.0,-201.15,14.3,93.3,-313.00,-15.65
,265216089,10/03/2025 11:52,,,Withdrawal,0.000,0.00000,0.00000,0.00000,0.00000,0.0000,0.0000,0.0,-1000.00,0,"Transfer Out to 51854494",0,00:00:00:00,,,,,,,,,,,,
,285673861,10/03/2025 02:03,10/03/2025 04:14,USOUSD,Buy,0.100,0.00000,0.00000,66.62000,66.83000,0.0000,0.0000,21.0,21.60,0.04,"",0,00:02:11:06,,,,,,,,,,,,
,286027449,07/03/2025 21:35,10/03/2025 02:52,XAUUSD,Buy,0.050,0.00000,0.00000,2908.06000,2916.25000,0.0000,0.0000,819.0,40.95,0.08,"",0,02:05:17:10,9.2,4h 54m,833.0,0.00,980.0,49.0,0.0,0.0,100.0,83.6,-161.00,-8.05
,285620307,07/03/2025 10:05,07/03/2025 21:35,XAUUSD,Sell,0.050,0.00000,0.00000,2918.23000,2907.96000,0.0000,0.0000,1027.0,51.35,0.10,"",0,00:11:29:15,66.0,7h 34m,2039.0,0.78,1464.0,73.2,-1148.0,-57.400000000000006,56.0,83.3,-437.00,-21.85
,284506876,05/03/2025 05:00,07/03/2025 17:17,USOUSD,Buy,0.080,0.00000,0.00000,67.53000,68.00000,0.0000,0.0000,47.0,37.68,0.07,"",0,02:12:17:03,,,,,,,,,,,,
,285674292,07/03/2025 11:01,07/03/2025 16:48,USOUSD,Buy,0.050,0.00000,0.00000,67.20000,67.93000,0.0000,0.0000,73.0,36.55,0.07,"",0,00:05:46:33,,,,,,,,,,,,
,284782944,05/03/2025 16:02,07/03/2025 10:51,USOUSD,Buy,0.100,0.00000,0.00000,66.61000,67.15000,0.0000,0.0000,54.0,54.10,0.10,"",0,01:18:49:04,,,,,,,,,,,,
,284656970,05/03/2025 16:55,07/03/2025 10:51,USOUSD,Buy,0.080,0.00000,0.00000,66.05000,67.16000,0.0000,0.0000,111.0,88.48,0.17,"",0,01:17:55:42,,,,,,,,,,,,
,285277516,06/03/2025 14:52,06/03/2025 17:07,XAUUSD,Buy,0.050,0.00000,0.00000,2900.70000,2918.73000,0.0000,0.0000,1803.0,90.15,0.17,"",0,00:02:15:09,100.0,2h 15m,339.0,0.00,2044.0,102.2,0.0,0.0,100.0,88.2,-241.00,-12.05
,281871137,26/02/2025 02:15,05/03/2025 18:33,XAUUSD,Buy,0.050,0.00000,0.00000,2924.85000,2929.11000,0.0000,0.0000,426.0,21.30,0.04,"",0,07:16:17:52,1.7,3h 7m,9074.0,21.32,426.0,21.3,-9074.0,-453.70000000000005,4.5,100.0,0.00,0.00
,284854860,05/03/2025 17:06,05/03/2025 18:13,XAUUSD,Buy,0.050,0.00000,0.00000,2917.22000,2923.78000,0.0000,0.0000,656.0,32.80,0.06,"",0,00:01:07:17,1.5,1m,0.0,0.00,656.0,32.800000000000004,0.0,0.0,100.0,100.0,0.00,0.00
,284765566,05/03/2025 15:44,05/03/2025 16:43,XAUUSD,Buy,0.050,0.00000,0.00000,2899.29000,2915.23000,0.0000,0.0000,1594.0,79.70,0.15,"",0,00:00:59:09,1.7,1m,0.0,0.00,1594.0,79.7,0.0,0.0,100.0,100.0,0.00,0.00
,283766583,04/03/2025 10:19,05/03/2025 15:44,XAUUSD,Sell,0.050,0.00000,0.00000,2909.77000,2898.84000,0.0000,0.0000,1093.0,54.65,0.11,"",0,01:05:24:33,20.7,6h 5m,1782.0,1.56,1122.0,56.1,-1753.0,-87.65,39.0,99.0,-29.00,-1.45
,283888729,03/03/2025 21:57,04/03/2025 22:41,USOUSD,Buy,0.050,0.00000,0.00000,68.14000,68.38000,0.0000,0.0000,24.0,12.25,0.02,"",0,01:00:44:33,,,,,,,,,,,,
,247156040,03/03/2025 20:19,04/03/2025 22:41,USOUSD,Buy,0.050,0.00000,0.00000,68.10000,68.39000,0.0000,0.0000,29.0,14.25,0.03,"",0,01:02:22:10,,,,,,,,,,,,
,281703333,03/03/2025 20:19,04/03/2025 22:41,USOUSD,Buy,0.050,0.00000,0.00000,68.09000,68.40000,0.0000,0.0000,31.0,15.55,0.03,"",0,01:02:22:06,,,,,,,,,,,,
,281703115,03/03/2025 20:19,04/03/2025 22:41,USOUSD,Buy,0.050,0.00000,0.00000,68.04000,68.40000,0.0000,0.0000,36.0,18.00,0.03,"",0,01:02:21:42,,,,,,,,,,,,
,281702906,03/03/2025 20:19,04/03/2025 22:41,USOUSD,Buy,0.050,0.00000,0.00000,68.04000,68.40000,0.0000,0.0000,36.0,18.00,0.03,"",0,01:02:21:41,,,,,,,,,,,,
,281703515,04/03/2025 16:57,04/03/2025 22:41,USOUSD,Buy,0.100,0.00000,0.00000,66.99000,68.40000,0.0000,0.0000,141.0,140.60,0.27,"",0,00:05:43:56,,,,,,,,,,,,
,284276756,04/03/2025 17:00,04/03/2025 17:10,XAUUSD,Buy,0.050,0.00000,0.00000,2902.90000,2910.84000,0.0000,0.0000,794.0,39.70,0.08,"",0,00:00:10:38,9.1,58s,0.0,0.00,794.0,39.7,0.0,0.0,100.0,100.0,0.00,0.00
,284074344,04/03/2025 10:19,04/03/2025 11:22,XAUUSD,Buy,0.050,0.00000,0.00000,2907.83000,2917.55000,0.0000,0.0000,972.0,48.60,0.09,"",0,00:01:03:03,1.6,1m,0.0,0.00,972.0,48.6,0.0,0.0,100.0,100.0,0.00,0.00
,282344026,27/02/2025 06:34,04/03/2025 10:18,XAUUSD,Buy,0.050,0.00000,0.00000,2901.13000,2907.23000,0.0000,0.0000,610.0,30.50,0.06,"",0,05:03:43:45,1.9,2h 21m,6702.0,10.76,623.0,31.150000000000002,-6702.0,-335.1,8.5,99.8,-13.00,-0.65
,282078768,27/02/2025 07:18,04/03/2025 10:13,XAUUSD,Buy,0.050,0.00000,2921.99000,2892.77000,2904.25000,0.0000,0.0000,1148.0,57.40,0.11,"",0,05:02:55:06,4.3,5h 17m,5961.0,5.11,1149.0,57.45,-5866.0,-293.3,16.4,100.0,-1.00,-0.05
,282354561,27/02/2025 07:19,04/03/2025 10:13,XAUUSD,Buy,0.050,0.00000,0.00000,2891.94000,2904.25000,0.0000,0.0000,1231.0,61.55,0.12,"",0,05:02:54:14,6.2,7h 37m,5961.0,4.68,1235.0,61.75,-5783.0,-289.15000000000003,17.6,99.9,-4.00,-0.20
,282354701,27/02/2025 10:11,03/03/2025 17:29,XAUUSD,Buy,0.050,0.00000,0.00000,2886.18000,2888.18000,0.0000,0.0000,200.0,10.00,0.02,"",0,04:07:17:54,5.7,5h 53m,5961.0,6.91,754.0,37.7,-5207.0,-260.35,12.6,90.7,-554.00,-27.70
,282563123,27/02/2025 16:41,03/03/2025 17:29,XAUUSD,Buy,0.050,0.00000,0.00000,2884.53000,2888.22000,0.0000,0.0000,369.0,18.45,0.04,"",0,04:00:48:00,3.6,3h 29m,5328.0,13.68,369.0,18.45,-5042.0,-252.10000000000002,6.8,100.0,0.00,0.00
,282412713,27/02/2025 10:30,03/03/2025 17:26,XAUUSD,Buy,0.050,0.00000,0.00000,2881.91000,2885.40000,0.0000,0.0000,349.0,17.45,0.03,"",0,04:06:56:16,8.0,8h 14m,5961.0,4.05,1181.0,59.050000000000004,-4780.0,-239.0,19.8,86.0,-832.00,-41.60
,282412715,27/02/2025 10:30,03/03/2025 17:26,XAUUSD,Buy,0.050,0.00000,0.00000,2881.90000,2885.75000,0.0000,0.0000,385.0,19.25,0.04,"",0,04:06:56:00,8.0,8h 14m,5961.0,4.04,1182.0,59.1,-4779.0,-238.95000000000002,19.8,86.6,-797.00,-39.85
,282565258,27/02/2025 16:43,03/03/2025 17:26,XAUUSD,Buy,0.050,0.00000,0.00000,2880.99000,2885.59000,0.0000,0.0000,460.0,23.00,0.04,"",0,04:00:42:59,4.4,4h 15m,5328.0,7.33,640.0,32.0,-4688.0,-234.4,12.0,96.6,-180.00,-9.00
,282571574,27/02/2025 16:47,03/03/2025 17:26,XAUUSD,Buy,0.050,0.00000,0.00000,2871.19000,2885.89000,0.0000,0.0000,1470.0,73.50,0.14,"",0,04:00:39:03,17.7,17h 6m,5328.0,2.29,1620.0,81.0,-3708.0,-185.4,30.4,97.2,-150.00,-7.50
,282571478,27/02/2025 16:47,03/03/2025 17:26,XAUUSD,Buy,0.050,0.00000,0.00000,2870.49000,2886.34000,0.0000,0.0000,1585.0,79.25,0.15,"",0,04:00:39:03,18.0,17h 23m,5328.0,2.15,1690.0,84.5,-3638.0,-181.9,31.7,98.0,-105.00,-5.25
,282863919,28/02/2025 10:06,03/03/2025 15:17,USOUSD,Buy,0.060,0.00000,0.00000,69.70000,70.12000,0.0000,0.0000,42.0,25.20,0.05,"",0,03:05:10:21,,,,,,,,,,,,
,283585115,03/03/2025 10:58,03/03/2025 15:17,USOUSD,Buy,0.070,0.00000,0.00000,69.48000,70.12000,0.0000,0.0000,64.0,45.15,0.09,"",0,00:04:18:58,,,,,,,,,,,,
,277541844,28/02/2025 06:03,03/03/2025 01:07,XAUUSD,Buy,0.070,0.00000,0.00000,2861.22000,2871.34000,0.0000,0.0000,1012.0,70.84,0.14,"",0,02:19:04:27,6.3,4h 13m,3165.0,2.68,1012.0,70.84,-2711.0,-189.77,27.2,100.0,0.00,0.00
,283000981,28/02/2025 15:57,03/03/2025 01:07,XAUUSD,Buy,0.070,0.00000,0.00000,2852.63000,2871.38000,0.0000,0.0000,1875.0,131.25,0.26,"",0,02:09:10:25,91.9,2d 4h ,1336.0,0.71,1875.0,131.25,-1336.0,-93.52000000000001,58.4,100.0,0.00,0.00
,283012044,28/02/2025 16:42,03/03/2025 01:07,XAUUSD,Buy,0.050,0.00000,0.00000,2840.03000,2871.50000,0.0000,0.0000,3147.0,157.35,0.31,"",0,02:08:25:05,99.9,2d 8h ,1152.0,0.02,3147.0,157.35000000000002,-76.0,-3.8000000000000003,97.6,100.0,0.00,0.00
,283035678,28/02/2025 16:42,03/03/2025 01:07,XAUUSD,Buy,0.050,0.00000,0.00000,2839.87000,2871.29000,0.0000,0.0000,3142.0,157.10,0.31,"",0,02:08:24:58,99.9,2d 8h ,1152.0,0.02,3142.0,157.10000000000002,-60.0,-3.0,98.1,100.0,0.00,0.00
,274932049,05/02/2025 04:11,28/02/2025 16:09,XAUUSD,Sell,0.050,0.00000,0.00000,2852.42000,2844.00000,0.0000,0.0000,842.0,42.10,0.08,"",0,23:11:58:24,1.6,9h 1m,11257.0,9.74,1049.0,52.45,-10208.0,-510.40000000000003,9.3,98.2,-207.00,-10.35
,275742514,06/02/2025 13:44,28/02/2025 14:51,XAUUSD,Sell,0.070,0.00000,0.00000,2865.82000,2857.41000,0.0000,0.0000,841.0,58.87,0.12,"",0,22:01:07:09,15.6,3d 10h ,11257.0,3.71,2389.0,167.23000000000002,-8868.0,-620.7600000000001,21.2,86.2,-1548.00,-108.36
,261457139,27/02/2025 23:20,,,Withdrawal,0.000,0.00000,0.00000,0.00000,0.00000,0.0000,0.0000,0.0,-2000.00,0,"Withdraw-TH-CPS",0,00:00:00:00,,,,,,,,,,,,
,282607029,27/02/2025 17:22,27/02/2025 21:47,VIX.R,Buy,0.300,0.00000,0.00000,18.00000,19.00000,0.0000,0.0000,1.0,161.10,0.31,"",0,00:04:25:08,,,,,,,,,,,,
,281716956,25/02/2025 17:32,27/02/2025 17:24,USOUSD,Buy,0.050,0.00000,0.00000,69.12000,70.18000,0.0000,0.0000,106.0,53.25,0.10,"",0,01:23:51:52,,,,,,,,,,,,
,281683376,25/02/2025 17:05,27/02/2025 17:24,USOUSD,Buy,0.100,0.00000,0.00000,69.58000,70.16000,0.0000,0.0000,58.0,58.50,0.11,"",0,02:00:18:15,,,,,,,,,,,,
,281683425,25/02/2025 17:05,27/02/2025 17:23,USOUSD,Buy,0.100,0.00000,0.00000,69.56000,70.15000,0.0000,0.0000,59.0,59.00,0.11,"",0,02:00:18:12,,,,,,,,,,,,
,282154955,26/02/2025 17:48,27/02/2025 17:23,USOUSD,Buy,0.050,0.00000,0.00000,68.60000,70.15000,0.0000,0.0000,155.0,77.55,0.15,"",0,00:23:35:25,,,,,,,,,,,,
,282154954,26/02/2025 17:48,27/02/2025 17:23,USOUSD,Buy,0.050,0.00000,0.00000,68.60000,70.15000,0.0000,0.0000,155.0,77.55,0.15,"",0,00:23:35:24,,,,,,,,,,,,
,282435611,27/02/2025 11:27,27/02/2025 16:54,VIX.R,Buy,0.400,0.00000,0.00000,18.00000,18.00000,0.0000,0.0000,0.0,182.80,0.35,"",0,00:05:26:59,,,,,,,,,,,,
,282137954,26/02/2025 17:18,27/02/2025 06:35,XAUUSD,Sell,0.050,0.00000,0.00000,2907.74000,2901.11000,0.0000,0.0000,663.0,33.15,0.06,"",0,00:13:16:39,26.4,3h 30m,1281.0,1.84,696.0,34.800000000000004,-1281.0,-64.05,35.2,98.3,-33.00,-1.65
,282145243,26/02/2025 17:30,27/02/2025 06:35,XAUUSD,Sell,0.050,0.00000,0.00000,2911.13000,2901.08000,0.0000,0.0000,1005.0,50.25,0.10,"",0,00:13:05:33,29.2,3h 49m,942.0,0.91,1035.0,51.75,-942.0,-47.1,52.4,98.5,-30.00,-1.50
,282158670,26/02/2025 17:56,27/02/2025 02:20,XAUUSD,Buy,0.050,0.00000,0.00000,2914.24000,2918.42000,0.0000,0.0000,418.0,20.90,0.04,"",0,00:08:24:08,91.1,7h 39m,387.0,0.32,631.0,31.55,-202.0,-10.100000000000001,75.8,74.4,-213.00,-10.65
,282177479,26/02/2025 18:38,26/02/2025 22:31,VIX.R,Buy,0.500,0.00000,0.00000,18.00000,18.00000,0.0000,0.0000,0.0,368.50,0.72,"",0,00:03:52:51,,,,,,,,,,,,
,281931785,26/02/2025 08:13,26/02/2025 17:56,XAUUSD,Buy,0.050,0.00000,0.00000,2909.54000,2913.70000,0.0000,0.0000,416.0,20.80,0.04,"",0,00:09:42:52,82.6,8h 1m,2696.0,2.11,866.0,43.300000000000004,-1830.0,-91.5,32.1,83.3,-450.00,-22.50
,282071052,26/02/2025 16:03,26/02/2025 17:18,XAUUSD,Buy,0.050,0.00000,0.00000,2902.60000,2907.72000,0.0000,0.0000,512.0,25.60,0.05,"",0,00:01:14:21,1.4,1m,0.0,0.00,512.0,25.6,0.0,0.0,100.0,100.0,0.00,0.00
,282096894,26/02/2025 16:31,26/02/2025 17:18,XAUUSD,Buy,0.050,0.00000,0.00000,2891.33000,2907.63000,0.0000,0.0000,1630.0,81.50,0.16,"",0,00:00:46:21,2.2,1m,0.0,0.00,1630.0,81.5,0.0,0.0,100.0,100.0,0.00,0.00
,281871072,26/02/2025 02:15,26/02/2025 08:13,XAUUSD,Sell,0.050,0.00000,0.00000,2924.51000,2909.90000,0.0000,0.0000,1461.0,73.05,0.14,"",0,00:05:58:03,100.0,5h 58m,800.0,0.00,1537.0,76.85000000000001,0.0,0.0,100.0,95.1,-76.00,-3.80
,281702161,25/02/2025 17:21,26/02/2025 02:15,XAUUSD,Buy,0.050,0.00000,0.00000,2917.08000,2924.41000,0.0000,0.0000,733.0,36.65,0.07,"",0,00:08:53:35,27.4,2h 26m,1967.0,2.68,733.0,36.65,-1967.0,-98.35000000000001,27.1,100.0,0.00,0.00
,281714480,25/02/2025 17:30,25/02/2025 23:04,XAUUSD,Buy,0.050,0.00000,0.00000,2906.27000,2914.86000,0.0000,0.0000,859.0,42.95,0.08,"",0,00:05:33:20,90.2,5h 0m,645.0,0.60,868.0,43.400000000000006,-524.0,-26.200000000000003,62.4,99.4,-9.00,-0.45
,281748706,25/02/2025 18:08,25/02/2025 23:03,XAUUSD,Buy,0.050,0.00000,0.00000,2890.54000,2913.39000,0.0000,0.0000,2285.0,114.25,0.22,"",0,00:04:54:09,100.0,4h 54m,519.0,0.00,2320.0,116.0,0.0,0.0,100.0,98.5,-35.00,-1.75
,281748566,25/02/2025 18:08,25/02/2025 23:03,XAUUSD,Buy,0.050,0.00000,0.00000,2890.40000,2913.55000,0.0000,0.0000,2315.0,115.75,0.23,"",0,00:04:54:09,100.0,4h 54m,519.0,0.00,2334.0,116.7,0.0,0.0,100.0,99.2,-19.00,-0.95
,278954327,17/02/2025 11:34,25/02/2025 18:08,XAUUSD,Sell,0.050,0.00000,0.00000,2902.70000,2892.33000,0.0000,0.0000,1037.0,51.85,0.10,"",0,08:06:34:04,8.5,16h 52m,5929.0,5.00,1037.0,51.85,-5180.0,-259.0,16.7,100.0,0.00,0.00
,281704487,25/02/2025 17:23,25/02/2025 17:23,USOUSD,Sell,0.100,0.00000,0.00000,69.17000,69.23000,0.0000,0.0000,-6.0,-5.40,-0.01,"",0,00:00:00:07,,,,,,,,,,,,
,279325620,18/02/2025 15:46,25/02/2025 17:21,XAUUSD,Sell,0.050,0.00000,0.00000,2920.81000,2916.51000,0.0000,0.0000,430.0,21.50,0.04,"",0,07:01:34:51,2.0,3h 23m,3537.0,7.01,481.0,24.05,-3369.0,-168.45000000000002,12.5,98.7,-51.00,-2.55
,279364609,18/02/2025 16:48,25/02/2025 17:21,XAUUSD,Sell,0.050,0.00000,0.00000,2925.13000,2916.49000,0.0000,0.0000,864.0,43.20,0.09,"",0,07:00:33:23,3.3,5h 33m,3537.0,3.26,901.0,45.050000000000004,-2937.0,-146.85,23.5,99.0,-37.00,-1.85
,281621556,25/02/2025 15:42,25/02/2025 17:21,XAUUSD,Sell,0.050,0.00000,0.00000,2934.66000,2916.63000,0.0000,0.0000,1803.0,90.15,0.18,"",0,00:01:39:14,1.1,1m,0.0,0.00,1803.0,90.15,0.0,0.0,100.0,100.0,0.00,0.00
,281637972,25/02/2025 16:11,25/02/2025 17:21,XAUUSD,Sell,0.050,0.00000,0.00000,2938.54000,2916.81000,0.0000,0.0000,2173.0,108.65,0.22,"",0,00:01:10:29,1.5,1m,0.0,0.00,2173.0,108.65,0.0,0.0,100.0,100.0,0.00,0.00
,281621668,25/02/2025 15:42,25/02/2025 16:11,XAUUSD,Buy,0.050,0.00000,0.00000,2934.82000,2938.62000,0.0000,0.0000,380.0,19.00,0.04,"",0,00:00:28:33,3.5,59s,0.0,0.00,380.0,19.0,0.0,0.0,100.0,100.0,0.00,0.00
,281591536,25/02/2025 14:52,25/02/2025 15:42,XAUUSD,Buy,0.050,0.00000,0.00000,2929.35000,2934.54000,0.0000,0.0000,519.0,25.95,0.05,"",0,00:00:49:28,2.0,59s,0.0,0.00,519.0,25.950000000000003,0.0,0.0,100.0,100.0,0.00,0.00
,281586743,25/02/2025 14:46,25/02/2025 14:52,XAUUSD,Buy,0.050,0.00000,0.00000,2924.76000,2929.01000,0.0000,0.0000,425.0,21.25,0.04,"",0,00:00:05:50,16.7,58s,0.0,0.00,425.0,21.25,0.0,0.0,100.0,100.0,0.00,0.00
,279562864,19/02/2025 05:55,25/02/2025 14:46,XAUUSD,Sell,0.050,0.00000,0.00000,2929.03000,2924.66000,0.0000,0.0000,437.0,21.85,0.04,"",0,06:08:50:53,8.1,12h 22m,3537.0,2.53,1008.0,50.400000000000006,-2547.0,-127.35000000000001,28.4,83.9,-571.00,-28.55
,280188245,20/02/2025 16:45,25/02/2025 14:46,XAUUSD,Sell,0.050,0.00000,0.00000,2939.21000,2924.83000,0.0000,0.0000,1438.0,71.90,0.14,"",0,04:22:01:38,72.1,3d 13h ,3690.0,0.82,2026.0,101.30000000000001,-1664.0,-83.2,54.9,84.1,-588.00,-29.40
,281395370,25/02/2025 06:19,25/02/2025 10:56,XAUUSD,Buy,0.050,0.00000,0.00000,2938.39000,2942.01000,0.0000,0.0000,362.0,18.10,0.04,"",0,00:04:37:08,53.5,2h 28m,967.0,2.33,362.0,18.1,-844.0,-42.2,30.0,100.0,0.00,0.00
,281135154,24/02/2025 15:46,25/02/2025 06:19,XAUUSD,Sell,0.050,0.00000,0.00000,2951.00000,2938.39000,0.0000,0.0000,1261.0,63.05,0.13,"",0,00:14:33:23,80.7,11h 44m,1705.0,0.15,1489.0,74.45,-230.0,-11.5,86.6,86.7,-228.00,-11.40
,281135153,24/02/2025 15:46,25/02/2025 06:19,XAUUSD,Sell,0.050,0.00000,0.00000,2951.00000,2938.36000,0.0000,0.0000,1264.0,63.20,0.13,"",0,00:14:33:21,80.7,11h 44m,1705.0,0.15,1489.0,74.45,-230.0,-11.5,86.6,86.9,-225.00,-11.25
,234856190,24/02/2025 10:12,25/02/2025 04:34,USOUSD,Buy,0.050,0.00000,0.00000,70.07000,71.23000,0.0000,0.0000,116.0,58.05,0.12,"",0,00:18:22:15,,,,,,,,,,,,
,256146242,24/02/2025 10:15,25/02/2025 04:34,USOUSD,Buy,0.050,0.00000,0.00000,70.04000,71.23000,0.0000,0.0000,119.0,59.55,0.12,"",0,00:18:19:06,,,,,,,,,,,,
,280674147,24/02/2025 01:00,25/02/2025 04:34,USOUSD,Buy,0.060,0.00000,0.00000,70.14000,71.23000,0.0000,0.0000,109.0,65.46,0.13,"",0,01:03:34:39,,,,,,,,,,,,
,280674325,24/02/2025 01:00,25/02/2025 04:34,USOUSD,Buy,0.060,0.00000,0.00000,70.12000,71.23000,0.0000,0.0000,111.0,66.96,0.13,"",0,01:03:34:21,,,,,,,,,,,,
,279631877,19/02/2025 11:19,24/02/2025 15:41,XAUUSD,Buy,0.050,0.00000,0.00000,2945.31000,2951.82000,0.0000,0.0000,651.0,32.55,0.07,"",0,05:04:22:50,9.4,11h 41m,3565.0,2.84,929.0,46.45,-2636.0,-131.8,26.1,92.2,-278.00,-13.90
,280249124,20/02/2025 18:26,24/02/2025 15:41,XAUUSD,Buy,0.050,0.00000,0.00000,2944.20000,2951.82000,0.0000,0.0000,762.0,38.10,0.08,"",0,03:21:15:28,6.2,5h 46m,2972.0,3.31,762.0,38.1,-2525.0,-126.25,23.2,100.0,0.00,0.00
,259648464,24/02/2025 02:00,,,Deposit,0.000,0.00000,0.00000,0.00000,0.00000,0.0000,0.0000,0.0,28.40,0,"Cash Promo - Funds Growth",0,00:00:00:00,,,,,,,,,,,,
,278504198,14/02/2025 16:12,24/02/2025 01:25,VIX.R,Buy,0.200,0.00000,0.00000,17.00000,18.00000,0.0000,0.0000,1.0,105.40,0.21,"",0,09:09:12:36,,,,,,,,,,,,
,280237954,20/02/2025 17:59,21/02/2025 21:41,VIX.R,Buy,0.400,0.00000,0.00000,17.00000,18.00000,0.0000,0.0000,1.0,354.80,0.72,"",0,01:03:41:45,,,,,,,,,,,,
,280124615,20/02/2025 15:33,21/02/2025 21:41,VIX.R,Buy,0.100,0.00000,0.00000,17.00000,18.00000,0.0000,0.0000,1.0,118.70,0.24,"",0,01:06:08:15,,,,,,,,,,,,
,277528118,12/02/2025 10:44,20/02/2025 20:59,USOUSD,Buy,0.070,0.00000,0.00000,72.75000,72.91000,0.0000,0.0000,16.0,10.64,0.02,"",0,08:10:15:17,,,,,,,,,,,,
,277679434,12/02/2025 16:11,20/02/2025 20:59,USOUSD,Buy,0.050,0.00000,0.00000,72.43000,72.91000,0.0000,0.0000,48.0,23.60,0.05,"",0,08:04:48:08,,,,,,,,,,,,
,277160355,12/02/2025 19:02,20/02/2025 20:59,USOUSD,Buy,0.110,0.00000,0.00000,71.98000,72.92000,0.0000,0.0000,94.0,102.52,0.21,"",0,08:01:57:17,,,,,,,,,,,,
,279921739,20/02/2025 02:08,20/02/2025 08:09,XAUUSD,Buy,0.050,0.00000,0.00000,2938.93000,2945.54000,0.0000,0.0000,661.0,33.05,0.07,"",0,00:06:01:08,89.8,5h 24m,448.0,0.49,783.0,39.150000000000006,-385.0,-19.25,67.0,89.6,-122.00,-6.10
,279830978,19/02/2025 18:40,20/02/2025 02:08,XAUUSD,Buy,0.050,0.00000,0.00000,2927.41000,2938.59000,0.0000,0.0000,1118.0,55.90,0.11,"",0,00:07:28:06,92.5,6h 54m,455.0,0.32,1129.0,56.45,-364.0,-18.2,75.6,99.3,-11.00,-0.55
,279371703,18/02/2025 18:38,19/02/2025 18:40,XAUUSD,Sell,0.050,0.00000,2891.39000,2930.12000,2927.39000,0.0000,0.0000,273.0,13.65,0.03,"",0,01:00:01:43,23.6,5h 40m,2036.0,2.94,561.0,28.05,-1647.0,-82.35000000000001,25.4,87.0,-288.00,-14.40
,279631879,19/02/2025 11:19,19/02/2025 18:40,XAUUSD,Sell,0.050,0.00000,0.00000,2945.09000,2927.31000,0.0000,0.0000,1778.0,88.90,0.18,"",0,00:07:21:14,100.0,7h 21m,1009.0,0.00,2111.0,105.55000000000001,0.0,0.0,100.0,84.2,-333.00,-16.65
,278320415,14/02/2025 08:49,19/02/2025 11:18,XAUUSD,Buy,0.050,0.00000,0.00000,2936.43000,2944.85000,0.0000,0.0000,842.0,42.10,0.09,"",0,05:02:29:26,4.3,5h 16m,6101.0,6.86,842.0,42.1,-5778.0,-288.90000000000003,12.7,100.0,0.00,0.00
,278325066,14/02/2025 09:05,19/02/2025 10:59,USOUSD,Buy,0.050,0.00000,0.00000,71.62000,72.42000,0.0000,0.0000,80.0,39.70,0.08,"",0,05:01:54:27,,,,,,,,,,,,
,278649816,14/02/2025 20:41,19/02/2025 10:59,USOUSD,Buy,0.050,0.00000,0.00000,70.83000,72.42000,0.0000,0.0000,159.0,79.45,0.16,"",0,04:14:18:36,,,,,,,,,,,,
,279315809,18/02/2025 15:25,19/02/2025 10:59,USOUSD,Buy,0.080,0.00000,0.00000,71.13000,72.42000,0.0000,0.0000,129.0,102.88,0.21,"",0,00:19:34:10,,,,,,,,,,,,
,279552902,19/02/2025 04:52,19/02/2025 08:08,XAUUSD,Buy,0.050,0.00000,0.00000,2926.15000,2935.44000,0.0000,0.0000,929.0,46.45,0.10,"",0,00:03:16:20,100.0,3h 16m,471.0,0.00,948.0,47.400000000000006,0.0,0.0,100.0,98.0,-19.00,-0.95
,279334437,18/02/2025 16:06,18/02/2025 16:48,XAUUSD,Buy,0.050,0.00000,0.00000,2921.01000,2925.16000,0.0000,0.0000,415.0,20.75,0.04,"",0,00:00:42:03,2.4,1m,0.0,0.00,415.0,20.75,0.0,0.0,100.0,100.0,0.00,0.00
,278551742,14/02/2025 17:18,18/02/2025 15:46,XAUUSD,Buy,0.050,0.00000,0.00000,2910.58000,2920.72000,0.0000,0.0000,1014.0,50.70,0.10,"",0,03:22:27:51,10.5,9h 55m,3193.0,3.15,1015.0,50.75,-3193.0,-159.65,24.1,100.0,-1.00,-0.05
,278843362,17/02/2025 03:42,17/02/2025 11:34,XAUUSD,Buy,0.050,0.00000,0.00000,2895.87000,2902.70000,0.0000,0.0000,683.0,34.15,0.07,"",0,00:07:51:56,89.5,7h 2m,1499.0,0.62,1000.0,50.0,-618.0,-30.900000000000002,61.8,80.4,-317.00,-15.85
,278637949,14/02/2025 19:59,17/02/2025 03:42,XAUUSD,Buy,0.050,0.00000,0.00000,2887.20000,2895.53000,0.0000,0.0000,833.0,41.65,0.09,"",0,02:07:42:42,5.5,3h 3m,1479.0,1.11,895.0,44.75,-989.0,-49.45,47.5,96.7,-62.00,-3.10
,278662858,14/02/2025 21:56,17/02/2025 03:42,XAUUSD,Buy,0.050,0.00000,0.00000,2879.26000,2895.98000,0.0000,0.0000,1672.0,83.60,0.17,"",0,02:05:45:46,8.7,4h 40m,1479.0,0.04,1689.0,84.45,-61.0,-3.0500000000000003,96.5,99.0,-17.00,-0.85
,257571881,17/02/2025 02:00,,,Deposit,0.000,0.00000,0.00000,0.00000,0.00000,0.0000,0.0000,0.0,31.73,0,"Cash Promo - Funds Growth",0,00:00:00:00,,,,,,,,,,,,
,277700326,12/02/2025 16:37,14/02/2025 20:39,XAUUSD,Sell,0.050,0.00000,0.00000,2896.30000,2882.63000,0.0000,0.0000,1367.0,68.35,0.14,"",0,02:04:01:39,9.8,5h 5m,4531.0,3.12,1391.0,69.55,-4336.0,-216.8,24.3,99.6,-24.00,-1.20
,278322811,14/02/2025 08:59,14/02/2025 17:23,XAUUSD,Sell,0.050,0.00000,0.00000,2933.81000,2904.71000,0.0000,0.0000,2910.0,145.50,0.30,"",0,00:08:23:51,67.7,5h 41m,1267.0,0.20,2979.0,148.95000000000002,-607.0,-30.35,83.1,98.1,-69.00,-3.45
,275397292,13/02/2025 03:16,14/02/2025 09:01,USOUSD,Buy,0.100,0.00000,74.94200,71.08000,71.56000,0.0000,0.0000,48.0,48.50,0.10,"",0,01:05:44:09,,,,,,,,,,,,
,277987316,13/02/2025 11:56,14/02/2025 09:01,USOUSD,Buy,0.060,0.00000,0.00000,70.64000,71.56000,0.0000,0.0000,92.0,55.20,0.11,"",0,00:21:05:04,,,,,,,,,,,,
,277018853,11/02/2025 03:33,14/02/2025 08:49,XAUUSD,Buy,0.050,0.00000,0.00000,2928.69000,2936.17000,0.0000,0.0000,748.0,37.40,0.08,"",0,03:05:15:56,8.0,6h 10m,6148.0,7.92,777.0,38.85,-6148.0,-307.40000000000003,11.2,99.6,-29.00,-1.45
,277698326,12/02/2025 16:35,13/02/2025 06:54,XAUUSD,Buy,0.070,0.00000,0.00000,2897.04000,2918.46000,0.0000,0.0000,2142.0,149.94,0.31,"",0,00:14:19:08,94.3,13h 30m,1441.0,0.12,2199.0,153.93,-269.0,-18.830000000000002,89.1,97.7,-57.00,-3.99
,277528100,12/02/2025 10:44,12/02/2025 16:35,XAUUSD,Buy,0.070,0.00000,0.00000,2893.17000,2896.89000,0.0000,0.0000,372.0,26.04,0.05,"",0,00:05:50:48,38.5,2h 15m,2769.0,5.88,471.0,32.970000000000006,-2769.0,-193.83,14.5,96.9,-99.00,-6.93
,277676436,12/02/2025 16:08,12/02/2025 16:34,XAUUSD,Buy,0.050,0.00000,0.00000,2887.35000,2897.73000,0.0000,0.0000,1038.0,51.90,0.11,"",0,00:00:26:20,3.9,1m,0.0,0.00,1038.0,51.900000000000006,0.0,0.0,100.0,100.0,0.00,0.00
,277665848,12/02/2025 15:58,12/02/2025 16:05,XAUUSD,Buy,0.050,0.00000,0.00000,2881.50000,2885.36000,0.0000,0.0000,386.0,19.30,0.04,"",0,00:00:06:51,14.3,58s,0.0,0.00,386.0,19.3,0.0,0.0,100.0,100.0,0.00,0.00
,277653255,12/02/2025 15:45,12/02/2025 15:58,XAUUSD,Buy,0.050,0.00000,0.00000,2873.47000,2881.16000,0.0000,0.0000,769.0,38.45,0.08,"",0,00:00:12:41,7.7,58s,0.0,0.00,769.0,38.45,0.0,0.0,100.0,100.0,0.00,0.00
,277629928,12/02/2025 15:31,12/02/2025 15:45,XAUUSD,Buy,0.080,0.00000,0.00000,2865.59000,2872.36000,0.0000,0.0000,677.0,54.16,0.11,"",0,00:00:14:30,7.2,1m,0.0,0.00,677.0,54.160000000000004,0.0,0.0,100.0,100.0,0.00,0.00
,275269844,05/02/2025 12:10,12/02/2025 15:31,XAUUSD,Sell,0.050,0.00000,0.00000,2870.44000,2865.86000,0.0000,0.0000,458.0,22.90,0.05,"",0,07:03:20:43,61.6,4d 9h ,9791.0,2.43,2851.0,142.55,-6940.0,-347.0,29.1,75.6,-2393.00,-119.65
,276161392,07/02/2025 16:37,12/02/2025 15:30,XAUUSD,Sell,0.050,0.00000,2818.97000,2875.89000,2865.78000,0.0000,0.0000,1011.0,50.55,0.11,"",0,04:22:53:25,51.8,2d 13h ,8614.0,2.89,2212.0,110.60000000000001,-6402.0,-320.1,25.7,86.1,-1201.00,-60.05
,277545642,12/02/2025 11:51,12/02/2025 15:30,XAUUSD,Sell,0.050,0.00000,0.00000,2887.30000,2865.83000,0.0000,0.0000,2147.0,107.35,0.23,"",0,00:03:39:55,100.0,3h 39m,620.0,0.00,2182.0,109.10000000000001,0.0,0.0,100.0,98.4,-35.00,-1.75
,275232321,05/02/2025 10:20,12/02/2025 15:30,VIX.R,Buy,0.100,0.00000,0.00000,18.00000,17.00000,0.0000,0.0000,-1.0,-52.30,-0.11,"",0,07:05:10:06,,,,,,,,,,,,
,275372783,05/02/2025 16:01,12/02/2025 15:30,VIX.R,Buy,0.100,0.00000,0.00000,17.00000,17.00000,0.0000,0.0000,0.0,-26.30,-0.06,"",0,06:23:28:44,,,,,,,,,,,,
,275044745,04/02/2025 19:18,12/02/2025 15:30,VIX.R,Buy,0.100,0.00000,0.00000,17.00000,17.00000,0.0000,0.0000,0.0,-11.30,-0.02,"",0,07:20:12:19,,,,,,,,,,,,
,275232398,05/02/2025 18:50,12/02/2025 15:30,VIX.R,Buy,0.500,0.00000,18.87700,17.00000,17.00000,0.0000,0.0000,0.0,218.50,0.46,"",0,06:20:39:58,,,,,,,,,,,,
,275023082,06/02/2025 16:45,12/02/2025 15:30,VIX.R,Buy,0.500,0.00000,18.72300,17.00000,17.00000,0.0000,0.0000,0.0,343.50,0.73,"",0,05:22:45:00,,,,,,,,,,,,
,275421726,10/02/2025 10:48,12/02/2025 11:50,XAUUSD,Sell,0.070,0.00000,2798.19000,2898.81000,2888.41000,0.0000,0.0000,1040.0,72.80,0.15,"",0,02:01:01:50,35.2,17h 15m,4344.0,2.50,1646.0,115.22000000000001,-4110.0,-287.70000000000005,28.6,89.5,-606.00,-42.42
,276911761,10/02/2025 18:01,12/02/2025 11:50,XAUUSD,Sell,0.050,0.00000,0.00000,2909.35000,2888.41000,0.0000,0.0000,2094.0,104.70,0.22,"",0,01:17:48:39,75.3,1d 7h ,3666.0,1.13,2700.0,135.0,-3056.0,-152.8,46.9,89.5,-606.00,-30.30
,274461867,03/02/2025 17:27,11/02/2025 11:56,USOUSD,Buy,0.110,0.00000,0.00000,72.88000,73.44000,0.0000,0.0000,56.0,61.05,0.13,"",0,07:18:28:50,,,,,,,,,,,,
,275243770,05/02/2025 14:42,11/02/2025 03:33,USOUSD,Buy,0.070,0.00000,73.97800,72.27000,72.60000,0.0000,0.0000,33.0,23.24,0.05,"",0,05:12:51:40,,,,,,,,,,,,
,275576294,06/02/2025 01:34,11/02/2025 03:33,USOUSD,Buy,0.070,0.00000,0.00000,71.68000,72.60000,0.0000,0.0000,92.0,63.84,0.14,"",0,05:01:59:53,,,,,,,,,,,,
,276014050,07/02/2025 01:43,11/02/2025 03:33,USOUSD,Buy,0.050,0.00000,0.00000,71.00000,72.60000,0.0000,0.0000,160.0,79.90,0.17,"",0,04:01:50:33,,,,,,,,,,,,
,276911694,10/02/2025 18:01,11/02/2025 01:51,XAUUSD,Buy,0.050,0.00000,0.00000,2909.48000,2920.09000,0.0000,0.0000,1061.0,53.05,0.11,"",0,00:07:49:52,36.4,2h 51m,815.0,0.69,1175.0,58.75,-815.0,-40.75,59.0,94.3,-114.00,-5.70
,276743931,10/02/2025 12:20,10/02/2025 18:01,XAUUSD,Buy,0.050,0.00000,0.00000,2904.70000,2909.18000,0.0000,0.0000,448.0,22.40,0.05,"",0,00:05:40:37,67.5,3h 49m,1301.0,1.25,640.0,32.0,-797.0,-39.85,44.5,86.6,-192.00,-9.60
,276304128,07/02/2025 17:25,10/02/2025 10:43,XAUUSD,Buy,0.050,0.00000,0.00000,2882.49000,2898.31000,0.0000,0.0000,1582.0,79.10,0.17,"",0,02:17:18:00,7.0,4h 34m,2906.0,1.84,1582.0,79.10000000000001,-2906.0,-145.3,35.2,100.0,0.00,0.00
,275438983,05/02/2025 17:31,10/02/2025 10:43,XAUUSD,Buy,0.050,0.00000,0.00000,2877.31000,2898.11000,0.0000,0.0000,2080.0,104.00,0.22,"",0,04:17:12:09,6.5,7h 21m,3967.0,1.91,2080.0,104.0,-3967.0,-198.35000000000002,34.4,100.0,0.00,0.00
,255283972,09/02/2025 14:20,,,Withdrawal,0.000,0.00000,0.00000,0.00000,0.00000,0.0000,0.0000,0.0,-300.00,0,"Withdraw-TH-CPS",0,00:00:00:00,,,,,,,,,,,,
,276249148,07/02/2025 16:27,07/02/2025 17:20,XAUUSD,Buy,0.050,0.00000,0.00000,2873.90000,2882.90000,0.0000,0.0000,900.0,45.00,0.10,"",0,00:00:52:47,1.9,1m,0.0,0.00,900.0,45.0,0.0,0.0,100.0,100.0,0.00,0.00
,276248878,07/02/2025 16:27,07/02/2025 16:27,XAUUSD,Buy,0.100,0.00000,0.00000,2873.91000,2873.86000,0.0000,0.0000,-5.0,-0.50,0.00,"",0,00:00:00:06,,,,,,,,,,,,
,276161150,07/02/2025 15:00,07/02/2025 16:24,XAUUSD,Buy,0.050,0.00000,0.00000,2863.86000,2871.65000,0.0000,0.0000,779.0,38.95,0.08,"",0,00:01:24:00,1.2,1m,0.0,0.00,779.0,38.95,0.0,0.0,100.0,100.0,0.00,0.00
,275267869,05/02/2025 12:02,05/02/2025 17:31,XAUUSD,Buy,0.050,0.00000,0.00000,2871.44000,2877.12000,0.0000,0.0000,568.0,28.40,0.06,"",0,00:05:28:12,48.4,2h 38m,1251.0,2.15,581.0,29.05,-1251.0,-62.550000000000004,31.7,99.3,-13.00,-0.65
,275187722,05/02/2025 07:36,05/02/2025 12:02,XAUUSD,Buy,0.050,0.00000,0.00000,2856.41000,2871.19000,0.0000,0.0000,1478.0,73.90,0.16,"",0,00:04:26:37,100.0,4h 26m,403.0,0.00,1542.0,77.10000000000001,0.0,0.0,100.0,95.8,-64.00,-3.20
,274941806,04/02/2025 16:38,05/02/2025 04:17,XAUUSD,Buy,0.050,0.00000,0.00000,2839.74000,2851.54000,0.0000,0.0000,1180.0,59.00,0.13,"",0,00:11:39:36,99.9,11h 38m,757.0,0.02,1351.0,67.55,-23.0,-1.1500000000000001,98.3,87.6,-171.00,-8.55
,274837944,04/02/2025 13:09,04/02/2025 16:49,USOUSD,Buy,0.050,0.00000,0.00000,72.37000,73.17000,0.0000,0.0000,80.0,40.05,0.09,"",0,00:03:40:44,,,,,,,,,,,,
,265936310,04/02/2025 14:16,04/02/2025 16:49,USOUSD,Buy,0.060,0.00000,75.84700,72.08000,73.17000,0.0000,0.0000,109.0,65.46,0.14,"",0,00:02:33:46,,,,,,,,,,,,
,272903822,04/02/2025 15:03,04/02/2025 16:49,USOUSD,Buy,0.070,0.00000,0.00000,72.01000,73.12000,0.0000,0.0000,111.0,77.42,0.17,"",0,00:01:46:29,,,,,,,,,,,,
,274896550,04/02/2025 15:35,04/02/2025 16:49,USOUSD,Buy,0.070,0.00000,0.00000,71.67000,73.12000,0.0000,0.0000,145.0,101.57,0.22,"",0,00:01:14:48,,,,,,,,,,,,
,274930442,04/02/2025 16:29,04/02/2025 16:49,USOUSD,Buy,0.110,0.00000,0.00000,71.43000,73.12000,0.0000,0.0000,169.0,186.01,0.40,"",0,00:00:20:35,,,,,,,,,,,,
,274892412,04/02/2025 15:29,04/02/2025 16:38,XAUUSD,Buy,0.050,0.00000,0.00000,2834.92000,2839.42000,0.0000,0.0000,450.0,22.50,0.05,"",0,00:01:09:09,1.5,1m,0.0,0.00,450.0,22.5,0.0,0.0,100.0,100.0,0.00,0.00
,274418947,03/02/2025 16:50,04/02/2025 15:28,XAUUSD,Buy,0.050,0.00000,0.00000,2827.94000,2833.72000,0.0000,0.0000,578.0,28.90,0.06,"",0,00:22:37:33,10.0,2h 15m,2038.0,3.53,578.0,28.900000000000002,-2038.0,-101.9,22.1,100.0,0.00,0.00
,274807014,04/02/2025 11:48,04/02/2025 15:28,XAUUSD,Buy,0.050,0.00000,0.00000,2820.64000,2833.59000,0.0000,0.0000,1295.0,64.75,0.14,"",0,00:03:39:20,74.1,2h 42m,607.0,0.46,1324.0,66.2,-607.0,-30.35,68.6,98.5,-29.00,-1.45
,274664490,04/02/2025 04:44,04/02/2025 07:07,VIX.R,Buy,0.200,0.00000,0.00000,18.00000,19.00000,0.0000,0.0000,1.0,243.40,0.53,"",0,00:02:22:13,,,,,,,,,,,,
,273612091,31/01/2025 17:13,03/02/2025 16:50,XAUUSD,Buy,0.050,0.00000,0.00000,2816.84000,2827.32000,0.0000,0.0000,1048.0,52.40,0.12,"",0,02:23:37:17,3.4,2h 26m,4353.0,4.15,1048.0,52.400000000000006,-4353.0,-217.65,19.4,100.0,0.00,0.00
,274342328,03/02/2025 14:41,03/02/2025 16:10,XAUUSD,Buy,0.050,0.00000,0.00000,2807.96000,2814.05000,0.0000,0.0000,609.0,30.45,0.07,"",0,00:01:29:28,1.2,1m,0.0,0.00,609.0,30.450000000000003,0.0,0.0,100.0,100.0,0.00,0.00
,274245131,03/02/2025 10:15,03/02/2025 14:41,XAUUSD,Buy,0.050,0.00000,0.00000,2794.14000,2808.04000,0.0000,0.0000,1390.0,69.50,0.15,"",0,00:04:25:14,98.9,4h 22m,486.0,0.03,1398.0,69.9,-43.0,-2.15,97.0,99.4,-8.00,-0.40
,274122426,03/02/2025 03:14,03/02/2025 10:15,XAUUSD,Buy,0.070,0.00000,0.00000,2784.99000,2793.73000,0.0000,0.0000,874.0,61.18,0.13,"",0,00:07:01:21,56.8,3h 59m,1230.0,1.40,879.0,61.53000000000001,-1230.0,-86.10000000000001,41.7,99.8,-5.00,-0.35
,274166079,03/02/2025 04:34,03/02/2025 09:43,XAUUSD,Buy,0.050,0.00000,0.00000,2778.89000,2789.36000,0.0000,0.0000,1047.0,52.35,0.12,"",0,00:05:09:17,100.0,5h 9m,313.0,0.00,1047.0,52.35,0.0,0.0,100.0,100.0,0.00,0.00
,273198098,30/01/2025 15:57,03/02/2025 04:34,XAUUSD,Sell,0.070,0.00000,0.00000,2784.35000,2778.43000,0.0000,0.0000,592.0,41.44,0.09,"",0,03:12:37:03,4.1,3h 28m,3116.0,4.77,653.0,45.71,-3116.0,-218.12000000000003,17.3,98.4,-61.00,-4.27
,273282319,30/01/2025 17:55,03/02/2025 03:14,XAUUSD,Sell,0.080,0.00000,0.00000,2794.56000,2785.77000,0.0000,0.0000,879.0,70.32,0.16,"",0,03:09:18:35,13.0,10h 34m,2459.0,2.15,973.0,77.84,-2095.0,-167.6,31.7,96.9,-94.00,-7.52
,236448708,31/01/2025 09:30,03/02/2025 03:14,XAUUSD,Sell,0.050,0.00000,0.00000,2800.00000,2785.94000,0.0000,0.0000,1406.0,70.30,0.16,"",0,02:17:44:07,12.7,8h 20m,2532.0,0.99,1693.0,84.65,-1670.0,-83.5,50.3,91.5,-287.00,-14.35
,273552721,31/01/2025 15:16,03/02/2025 01:38,XAUUSD,Sell,0.050,0.00000,0.00000,2805.38000,2785.89000,0.0000,0.0000,1949.0,97.45,0.22,"",0,02:10:22:02,95.1,2d 7h ,1301.0,0.49,2133.0,106.65,-1053.0,-52.650000000000006,66.9,94.2,-184.00,-9.20
,272425776,28/01/2025 15:55,03/02/2025 01:01,USOUSD,Buy,0.070,0.00000,0.00000,74.66000,75.72000,0.0000,0.0000,106.0,74.62,0.17,"",0,05:09:05:54,,,,,,,,,,,,
,272110750,27/01/2025 17:32,03/02/2025 01:01,USOUSD,Buy,0.060,0.00000,0.00000,74.80000,75.72000,0.0000,0.0000,92.0,55.26,0.12,"",0,06:07:29:14,,,,,,,,,,,,
,273301572,30/01/2025 18:59,03/02/2025 01:00,USOUSD,Buy,0.080,0.00000,75.11000,73.53000,75.49000,0.0000,0.0000,196.0,156.24,0.35,"",0,03:06:01:11,,,,,,,,,,,,
,272463532,28/01/2025 16:48,03/02/2025 01:00,USOUSD,Buy,0.080,0.00000,0.00000,74.09000,75.49000,0.0000,0.0000,140.0,112.08,0.25,"",0,05:08:11:24,,,,,,,,,,,,
,273044578,30/01/2025 06:06,03/02/2025 01:00,VIX.R,Buy,0.500,0.00000,0.00000,17.00000,19.00000,0.0000,0.0000,2.0,1083.50,2.49,"",0,03:18:53:41,,,,,,,,,,,,
,272661172,29/01/2025 08:02,03/02/2025 01:00,VIX.R,Buy,0.300,0.00000,0.00000,17.00000,19.00000,0.0000,0.0000,2.0,605.10,1.41,"",0,04:16:57:30,,,,,,,,,,,,
,272427619,28/01/2025 16:00,03/02/2025 01:00,VIX.R,Buy,0.200,0.00000,0.00000,18.00000,19.00000,0.0000,0.0000,1.0,275.40,0.64,"",0,05:08:59:26,,,,,,,,,,,,
,272348006,28/01/2025 11:11,03/02/2025 01:00,VIX.R,Buy,0.300,0.00000,0.00000,17.00000,19.00000,0.0000,0.0000,2.0,455.10,1.08,"",0,05:13:48:49,,,,,,,,,,,,
,272321052,28/01/2025 17:16,03/02/2025 01:00,VIX.R,Buy,0.200,0.00000,19.17400,17.00000,19.00000,0.0000,0.0000,2.0,345.40,0.82,"",0,05:07:43:13,,,,,,,,,,,,
,272320845,28/01/2025 09:54,03/02/2025 01:00,VIX.R,Buy,0.200,0.00000,0.00000,18.00000,19.00000,0.0000,0.0000,1.0,193.40,0.46,"",0,05:15:05:56,,,,,,,,,,,,
,273283372,30/01/2025 17:56,31/01/2025 15:15,XAUUSD,Buy,0.080,0.00000,0.00000,2796.75000,2805.07000,0.0000,0.0000,832.0,66.56,0.16,"",0,00:21:19:28,31.3,6h 40m,841.0,0.56,1042.0,83.36,-583.0,-46.64,64.1,87.1,-210.00,-16.80
,272714192,29/01/2025 11:23,30/01/2025 17:55,USOUSD,Buy,0.080,0.00000,0.00000,73.82000,74.08000,0.0000,0.0000,26.0,20.40,0.05,"",0,01:06:31:58,,,,,,,,,,,,
,272903503,29/01/2025 19:25,30/01/2025 17:55,USOUSD,Buy,0.050,0.00000,0.00000,73.64000,74.08000,0.0000,0.0000,44.0,22.00,0.05,"",0,00:22:29:19,,,,,,,,,,,,
,272714049,29/01/2025 11:22,30/01/2025 17:55,USOUSD,Buy,0.080,0.00000,0.00000,73.80000,74.08000,0.0000,0.0000,28.0,22.40,0.05,"",0,01:06:32:26,,,,,,,,,,,,
,272908150,29/01/2025 19:47,30/01/2025 17:55,USOUSD,Buy,0.050,0.00000,0.00000,73.40000,74.08000,0.0000,0.0000,68.0,34.00,0.08,"",0,00:22:07:53,,,,,,,,,,,,
,273198088,30/01/2025 15:57,30/01/2025 17:54,XAUUSD,Buy,0.070,0.00000,0.00000,2784.54000,2795.17000,0.0000,0.0000,1063.0,74.41,0.18,"",0,00:01:57:40,0.9,1m,0.0,0.00,1063.0,74.41000000000001,0.0,0.0,100.0,100.0,0.00,0.00
,272904387,29/01/2025 19:30,30/01/2025 17:54,USOUSD,Buy,0.070,0.00000,0.00000,73.50000,74.07000,0.0000,0.0000,57.0,39.90,0.10,"",0,00:22:24:37,,,,,,,,,,,,
,273108834,30/01/2025 11:20,30/01/2025 17:54,USOUSD,Buy,0.090,0.00000,0.00000,72.96000,74.07000,0.0000,0.0000,111.0,99.99,0.24,"",0,00:06:34:40,,,,,,,,,,,,
,271299271,24/01/2025 15:05,30/01/2025 15:57,XAUUSD,Buy,0.080,0.00000,0.00000,2779.91000,2784.22000,0.0000,0.0000,431.0,34.48,0.08,"",0,06:00:51:59,2.8,4h 3m,5092.0,11.34,431.0,34.480000000000004,-4882.0,-390.56,8.1,100.0,0.00,0.00
,271168001,24/01/2025 07:42,30/01/2025 15:57,XAUUSD,Buy,0.060,0.00000,0.00000,2775.65000,2784.26000,0.0000,0.0000,861.0,51.66,0.13,"",0,06:08:14:50,7.6,11h 34m,5408.0,4.68,952.0,57.12,-4456.0,-267.36,17.6,98.3,-91.00,-5.46
,271952388,27/01/2025 13:11,30/01/2025 11:20,XAUUSD,Buy,0.060,0.00000,0.00000,2768.00000,2773.80000,0.0000,0.0000,580.0,34.80,0.08,"",0,02:22:08:12,5.3,3h 43m,3691.0,4.56,810.0,48.6,-3691.0,-221.45999999999998,18.0,94.9,-230.00,-13.80
,272627244,29/01/2025 02:19,30/01/2025 11:19,XAUUSD,Buy,0.060,0.00000,0.00000,2762.82000,2773.85000,0.0000,0.0000,1103.0,66.18,0.16,"",0,01:09:00:53,24.5,8h 5m,1975.0,1.30,1328.0,79.67999999999999,-1724.0,-103.44,43.5,92.6,-225.00,-13.50
,272661417,29/01/2025 08:03,30/01/2025 11:19,XAUUSD,Buy,0.050,0.00000,0.00000,2760.20000,2773.83000,0.0000,0.0000,1363.0,68.15,0.17,"",0,01:03:16:27,43.5,11h 51m,1975.0,0.92,1590.0,79.5,-1462.0,-73.10000000000001,52.1,92.6,-227.00,-11.35
,272661329,29/01/2025 15:18,30/01/2025 07:47,XAUUSD,Buy,0.050,0.00000,0.00000,2753.54000,2759.72000,0.0000,0.0000,618.0,30.90,0.08,"",0,00:16:29:26,76.8,12h 39m,1256.0,0.87,970.0,48.5,-843.0,-42.150000000000006,53.5,80.6,-352.00,-17.60
,272859312,29/01/2025 17:31,30/01/2025 07:47,XAUUSD,Buy,0.050,0.00000,0.00000,2750.82000,2759.72000,0.0000,0.0000,890.0,44.50,0.11,"",0,00:14:15:49,94.9,13h 32m,898.0,0.46,1242.0,62.1,-571.0,-28.55,68.5,80.6,-352.00,-17.60
,272501749,28/01/2025 17:54,29/01/2025 17:31,XAUUSD,Sell,0.070,0.00000,0.00000,2756.66000,2751.35000,0.0000,0.0000,531.0,37.17,0.09,"",0,00:23:37:16,12.7,2h 59m,935.0,1.46,639.0,44.730000000000004,-935.0,-65.45,40.6,93.1,-108.00,-7.56
,272627239,29/01/2025 02:19,29/01/2025 08:03,XAUUSD,Sell,0.060,0.00000,0.00000,2762.67000,2760.24000,0.0000,0.0000,243.0,14.58,0.04,"",0,00:05:44:25,62.5,3h 35m,290.0,0.52,523.0,31.38,-271.0,-16.259999999999998,65.9,64.7,-280.00,-16.80
,272037087,27/01/2025 15:51,29/01/2025 02:18,XAUUSD,Buy,0.060,0.00000,0.00000,2756.92000,2762.79000,0.0000,0.0000,587.0,35.22,0.09,"",0,01:10:27:16,30.1,10h 22m,2583.0,2.84,909.0,54.54,-2583.0,-154.98,26.0,90.8,-322.00,-19.32
,272069239,27/01/2025 16:36,28/01/2025 17:38,XAUUSD,Buy,0.060,0.00000,0.00000,2751.46000,2755.52000,0.0000,0.0000,406.0,24.36,0.06,"",0,01:01:01:52,14.1,3h 31m,2037.0,2.76,737.0,44.22,-2037.0,-122.22,26.6,88.1,-331.00,-19.86
,272428095,28/01/2025 16:01,28/01/2025 17:38,XAUUSD,Buy,0.050,0.00000,0.00000,2749.98000,2755.47000,0.0000,0.0000,549.0,27.45,0.07,"",0,00:01:37:12,100.0,1h 37m,336.0,0.00,885.0,44.25,0.0,0.0,100.0,62.0,-336.00,-16.80
,272058337,27/01/2025 16:29,28/01/2025 17:38,XAUUSD,Buy,0.060,0.00000,0.00000,2750.65000,2755.41000,0.0000,0.0000,476.0,28.56,0.07,"",0,01:01:09:30,14.6,3h 40m,1956.0,2.39,818.0,49.08,-1956.0,-117.36,29.5,87.7,-342.00,-20.52
,272423416,28/01/2025 15:49,28/01/2025 17:38,XAUUSD,Buy,0.050,0.00000,0.00000,2748.06000,2755.70000,0.0000,0.0000,764.0,38.20,0.09,"",0,00:01:49:21,100.0,1h 49m,313.0,0.00,1077.0,53.85,0.0,0.0,100.0,70.9,-313.00,-15.65
,251255829,28/01/2025 16:04,,,Withdrawal,0.000,0.00000,0.00000,0.00000,0.00000,0.0000,0.0000,0.0,-1000.00,0,"Withdraw-TH-CPS",0,00:00:00:00,,,,,,,,,,,,
,272111024,27/01/2025 17:34,28/01/2025 15:38,USOUSD,Buy,0.060,0.00000,0.00000,74.56500,74.85100,0.0000,0.0000,28.6,17.16,0.04,"",0,00:22:04:40,,,,,,,,,,,,
,272111147,27/01/2025 17:34,28/01/2025 15:38,USOUSD,Buy,0.060,0.00000,0.00000,74.55500,74.84600,0.0000,0.0000,29.1,17.46,0.04,"",0,00:22:04:37,,,,,,,,,,,,
,272029083,27/01/2025 17:02,28/01/2025 15:38,XAUUSD,Buy,0.080,0.00000,0.00000,2746.19000,2749.15000,0.0000,0.0000,296.0,23.68,0.06,"",0,00:22:35:52,11.9,2h 41m,1510.0,1.47,1029.0,82.32000000000001,-1510.0,-120.8,40.5,71.1,-733.00,-58.64
,266109604,27/01/2025 18:07,28/01/2025 15:38,USOUSD,Buy,0.050,0.00000,0.00000,74.16500,74.86600,0.0000,0.0000,70.1,35.05,0.08,"",0,00:21:31:18,,,,,,,,,,,,
,272114833,27/01/2025 18:07,28/01/2025 15:38,USOUSD,Buy,0.060,0.00000,0.00000,74.19500,74.86600,0.0000,0.0000,67.1,40.26,0.10,"",0,00:21:31:21,,,,,,,,,,,,
,272096367,27/01/2025 17:34,28/01/2025 15:38,XAUUSD,Buy,0.060,0.00000,0.00000,2741.29000,2748.92000,0.0000,0.0000,763.0,45.78,0.11,"",0,00:22:03:34,53.3,11h 45m,953.0,0.52,1519.0,91.14,-788.0,-47.28,65.8,67.2,-756.00,-45.36
,265936134,27/01/2025 18:51,28/01/2025 15:38,USOUSD,Buy,0.060,0.00000,0.00000,73.66500,74.86600,0.0000,0.0000,120.1,72.06,0.17,"",0,00:20:46:29,,,,,,,,,,,,
,272153555,27/01/2025 18:59,28/01/2025 15:38,USOUSD,Buy,0.060,0.00000,0.00000,73.57000,74.86600,0.0000,0.0000,129.6,77.76,0.19,"",0,00:20:38:49,,,,,,,,,,,,
,272152493,27/01/2025 18:56,28/01/2025 15:38,XAUUSD,Buy,0.060,0.00000,0.00000,2733.86000,2748.92000,0.0000,0.0000,1506.0,90.36,0.22,"",0,00:20:41:33,100.0,20h 41m,953.0,0.00,2262.0,135.72,0.0,0.0,100.0,66.6,-756.00,-45.36
,270975634,23/01/2025 18:45,27/01/2025 16:29,XAUUSD,Sell,0.060,0.00000,0.00000,2755.68000,2751.05000,0.0000,0.0000,463.0,27.78,0.07,"",0,03:21:44:05,11.0,10h 18m,3303.0,2.00,1477.0,88.61999999999999,-2949.0,-176.94,33.4,77.1,-1014.00,-60.84
,271729922,27/01/2025 03:36,27/01/2025 12:53,XAUUSD,Buy,0.060,0.00000,0.00000,2766.62000,2770.83000,0.0000,0.0000,421.0,25.26,0.06,"",0,00:09:17:38,17.5,1h 37m,1868.0,3.71,504.0,30.24,-1868.0,-112.08,21.2,96.5,-83.00,-4.98
,271894652,27/01/2025 11:11,27/01/2025 12:53,XAUUSD,Buy,0.060,0.00000,0.00000,2763.77000,2770.83000,0.0000,0.0000,706.0,42.36,0.10,"",0,00:01:42:38,65.7,1h 7m,837.0,0.06,789.0,47.339999999999996,-48.0,-2.88,94.3,90.1,-83.00,-4.98
,267855554,15/01/2025 15:31,27/01/2025 12:53,VIX.R,Buy,0.200,0.00000,0.00000,17.30700,19.85900,0.0000,0.0000,2.6,510.40,1.25,"",0,11:21:21:19,,,,,,,,,,,,
,270226257,22/01/2025 02:49,27/01/2025 12:52,VIX.R,Buy,0.200,0.00000,0.00000,16.51700,19.68400,0.0000,0.0000,3.2,633.40,1.58,"",0,05:10:03:10,,,,,,,,,,,,
,270881092,23/01/2025 16:40,27/01/2025 12:52,VIX.R,Buy,0.300,0.00000,0.00000,16.50700,19.68400,0.0000,0.0000,3.2,953.10,2.43,"",0,03:20:12:38,,,,,,,,,,,,
,270880790,23/01/2025 16:24,27/01/2025 12:52,VIX.R,Buy,0.300,0.00000,18.95500,16.75700,18.98400,0.0000,0.0000,2.2,668.10,1.73,"[tp 18.955]",0,03:20:27:30,,,,,,,,,,,,
,267968985,15/01/2025 17:20,27/01/2025 12:52,VIX.R,Buy,0.200,0.00000,18.96300,16.50700,18.98400,0.0000,0.0000,2.5,495.40,1.30,"[tp 18.963]",0,11:19:32:08,,,,,,,,,,,,
,267855382,15/01/2025 15:31,27/01/2025 12:52,VIX.R,Buy,0.100,0.00000,18.95700,17.30700,18.98400,0.0000,0.0000,1.7,167.70,0.44,"[tp 18.957]",0,11:21:20:35,,,,,,,,,,,,
,267873731,15/01/2025 15:40,27/01/2025 12:52,VIX.R,Buy,0.200,0.00000,18.89900,16.95700,18.93400,0.0000,0.0000,2.0,395.40,1.06,"[tp 18.899]",0,11:21:12:04,,,,,,,,,,,,
,267785194,15/01/2025 12:22,27/01/2025 12:52,VIX.R,Buy,0.300,0.00000,18.90800,18.06700,18.93400,0.0000,0.0000,0.9,260.10,0.70,"[tp 18.908]",0,12:00:29:34,,,,,,,,,,,,
,271760252,27/01/2025 05:06,27/01/2025 11:11,XAUUSD,Buy,0.050,0.00000,0.00000,2757.38000,2763.63000,0.0000,0.0000,625.0,31.25,0.08,"",0,00:06:05:02,40.0,2h 26m,944.0,0.70,1344.0,67.2,-944.0,-47.2,58.7,68.6,-719.00,-35.95
,271718330,27/01/2025 03:04,27/01/2025 11:02,USOUSD,Buy,0.060,0.00000,0.00000,74.75000,75.42600,0.0000,0.0000,67.6,40.56,0.11,"",0,00:07:58:04,,,,,,,,,,,,
,271701077,27/01/2025 02:06,27/01/2025 11:02,USOUSD,Buy,0.070,0.00000,0.00000,75.04500,75.42600,0.0000,0.0000,38.1,26.67,0.07,"",0,00:08:56:22,,,,,,,,,,,,
,270768270,24/01/2025 04:16,27/01/2025 03:36,XAUUSD,Sell,0.060,0.00000,0.00000,2770.51000,2766.68000,0.0000,0.0000,383.0,22.98,0.06,"",0,02:23:19:22,6.5,4h 38m,1466.0,1.00,1464.0,87.84,-1466.0,-87.96,50.0,63.1,-1081.00,-64.86
,271163793,24/01/2025 07:19,27/01/2025 03:36,XAUUSD,Sell,0.060,0.00000,0.00000,2774.14000,2766.77000,0.0000,0.0000,737.0,44.22,0.12,"",0,02:20:16:44,88.6,2d 12h ,1448.0,0.60,1827.0,109.61999999999999,-1103.0,-66.17999999999999,62.4,62.8,-1090.00,-65.40
,271251379,24/01/2025 12:23,27/01/2025 02:06,USOUSD,Sell,0.060,0.00000,0.00000,75.82900,75.03500,0.0000,0.0000,79.4,47.64,0.13,"",0,02:13:42:46,,,,,,,,,,,,
,270975831,23/01/2025 18:39,24/01/2025 12:52,USOUSD,Buy,0.060,0.00000,0.00000,75.51400,75.93900,0.0000,0.0000,42.5,25.50,0.07,"",0,00:18:13:28,,,,,,,,,,,,
,271065275,23/01/2025 22:39,24/01/2025 12:01,USOUSD,Buy,0.060,0.00000,0.00000,75.28900,75.84900,0.0000,0.0000,56.0,33.60,0.09,"",0,00:13:22:08,,,,,,,,,,,,
,270973128,24/01/2025 03:00,24/01/2025 12:01,USOUSD,Buy,0.060,0.00000,0.00000,75.14300,75.84900,0.0000,0.0000,70.6,42.36,0.11,"",0,00:09:01:18,,,,,,,,,,,,
,271106188,24/01/2025 03:03,24/01/2025 12:01,USOUSD,Buy,0.060,0.00000,0.00000,75.01800,75.84900,0.0000,0.0000,83.1,49.86,0.14,"",0,00:08:58:24,,,,,,,,,,,,
,249999246,24/01/2025 08:20,,,Withdrawal,0.000,0.00000,0.00000,0.00000,0.00000,0.0000,0.0000,0.0,-4000.00,0,"Withdraw-TH-CPS",0,00:00:00:00,,,,,,,,,,,,
,271124646,24/01/2025 04:18,24/01/2025 07:42,XAUUSD,Buy,0.060,0.00000,0.00000,2769.32000,2775.35000,0.0000,0.0000,603.0,36.18,0.09,"",0,00:03:23:43,100.0,3h 23m,531.0,0.00,849.0,50.94,0.0,0.0,100.0,71.0,-246.00,-14.76
,236967923,31/10/2024 16:47,24/01/2025 04:18,XAUUSD,Buy,0.050,0.00000,0.00000,2762.98000,2769.25000,0.0000,0.0000,627.0,31.35,0.08,"",0,84:11:31:02,,,,,,,,,,,,
,270991648,23/01/2025 18:49,24/01/2025 03:16,XAUUSD,Buy,0.060,0.00000,0.00000,2756.08000,2761.78000,0.0000,0.0000,570.0,34.20,0.08,"",0,00:08:26:38,44.2,3h 43m,1553.0,0.21,2123.0,127.38,-438.0,-26.279999999999998,82.9,39.4,-1553.00,-93.18
,266151024,10/01/2025 11:21,24/01/2025 03:03,USOUSD,Sell,0.070,0.00000,0.00000,75.21800,75.02800,0.0000,0.0000,19.0,13.30,0.03,"",0,13:15:41:16,,,,,,,,,,,,
,266155743,10/01/2025 11:31,23/01/2025 22:40,USOUSD,Sell,0.050,0.00000,0.00000,75.60700,75.29900,0.0000,0.0000,30.8,15.40,0.04,"",0,13:11:08:21,,,,,,,,,,,,
,270974689,23/01/2025 18:26,23/01/2025 22:40,USOUSD,Sell,0.060,0.00000,0.00000,75.58000,75.28400,0.0000,0.0000,29.6,17.76,0.04,"",0,00:04:13:22,,,,,,,,,,,,
,270768062,23/01/2025 12:49,23/01/2025 18:49,XAUUSD,Buy,0.060,0.00000,0.00000,2751.28000,2754.98000,0.0000,0.0000,370.0,22.20,0.05,"",0,00:05:59:32,39.2,2h 20m,1501.0,1.99,753.0,45.18,-1501.0,-90.06,33.4,83.0,-383.00,-22.98
,266191563,10/01/2025 13:42,23/01/2025 18:26,USOUSD,Sell,0.060,0.00000,0.00000,76.21700,75.80900,0.0000,0.0000,40.8,24.48,0.06,"",0,13:04:44:06,,,,,,,,,,,,
,270953537,23/01/2025 18:00,23/01/2025 18:25,XAUUSD,Buy,0.060,0.00000,0.00000,2746.29000,2749.62000,0.0000,0.0000,333.0,19.98,0.05,"",0,00:00:24:42,100.0,24m,750.0,0.00,1083.0,64.98,0.0,0.0,100.0,30.7,-750.00,-45.00
,270839570,23/01/2025 15:25,23/01/2025 17:47,XAUUSD,Buy,0.060,0.00000,0.00000,2739.54000,2748.31000,0.0000,0.0000,877.0,52.62,0.13,"",0,00:02:21:43,100.0,2h 21m,1050.0,0.00,1927.0,115.61999999999999,0.0,0.0,100.0,45.5,-1050.00,-63.00
,270735497,23/01/2025 11:34,23/01/2025 12:49,XAUUSD,Buy,0.060,0.00000,0.00000,2742.73000,2751.00000,0.0000,0.0000,827.0,49.62,0.12,"",0,00:01:14:51,98.7,1h 13m,1140.0,0.00,1138.0,68.28,-2.0,-0.12,99.8,72.7,-311.00,-18.66
,270071554,22/01/2025 02:54,23/01/2025 11:34,XAUUSD,Sell,0.060,0.00000,0.00000,2748.25000,2743.23000,0.0000,0.0000,502.0,30.12,0.07,"",0,01:08:40:01,,,,,,,,,,,,
,270338705,22/01/2025 11:17,23/01/2025 11:34,XAUUSD,Sell,0.060,0.00000,0.00000,2757.24000,2743.76000,0.0000,0.0000,1348.0,80.88,0.20,"",0,01:00:17:21,,,,,,,,,,,,
,237370281,01/11/2024 09:17,22/01/2025 11:29,XAUUSD,Buy,0.050,0.00000,0.00000,2755.62000,2761.47000,0.0000,0.0000,585.0,29.25,0.07,"",0,82:02:11:15,,,,,,,,,,,,
,269901008,21/01/2025 10:56,22/01/2025 11:15,USOUSD,Buy,0.060,0.00000,0.00000,77.15000,77.21000,0.0000,0.0000,6.0,3.60,0.01,"",0,01:00:18:46,,,,,,,,,,,,
,270067181,21/01/2025 17:04,22/01/2025 11:15,USOUSD,Buy,0.060,0.00000,0.00000,77.03000,77.23000,0.0000,0.0000,20.0,12.00,0.03,"",0,00:18:10:53,,,,,,,,,,,,
,270074470,21/01/2025 17:13,22/01/2025 11:15,USOUSD,Buy,0.060,0.00000,0.00000,76.84000,77.23000,0.0000,0.0000,39.0,23.40,0.06,"",0,00:18:01:28,,,,,,,,,,,,
,270067290,22/01/2025 08:07,22/01/2025 11:15,USOUSD,Buy,0.060,0.00000,0.00000,76.49500,77.23000,0.0000,0.0000,73.5,44.10,0.11,"",0,00:03:08:17,,,,,,,,,,,,
,238987007,22/01/2025 07:47,22/01/2025 08:21,XAUUSD,Sell,0.050,0.00000,0.00000,2755.96000,2748.78000,0.0000,0.0000,718.0,35.90,0.09,"",0,00:00:34:12,,,,,,,,,,,,
,237678478,01/11/2024 17:39,22/01/2025 07:28,XAUUSD,Buy,0.050,0.00000,0.00000,2746.59000,2753.31000,0.0000,0.0000,672.0,33.60,0.08,"",0,81:13:49:06,,,,,,,,,,,,
,270065146,21/01/2025 17:02,22/01/2025 02:49,XAUUSD,Buy,0.060,0.00000,0.00000,2738.32000,2747.68000,0.0000,0.0000,936.0,56.16,0.14,"",0,00:09:46:50,,,,,,,,,,,,
,268138767,16/01/2025 04:53,22/01/2025 02:49,VIX.R,Buy,0.200,0.00000,0.00000,16.16700,16.43400,0.0000,0.0000,0.3,53.40,0.13,"",0,05:21:55:33,,,,,,,,,,,,
,238884549,05/11/2024 15:08,22/01/2025 02:49,XAUUSD,Buy,0.050,0.00000,0.00000,2737.45000,2747.59000,0.0000,0.0000,1014.0,50.70,0.13,"",0,77:11:40:31,,,,,,,,,,,,
,239558786,06/11/2024 10:35,21/01/2025 18:06,XAUUSD,Buy,0.050,0.00000,0.00000,2728.13000,2739.86000,0.0000,0.0000,1173.0,58.65,0.15,"",0,76:07:31:34,,,,,,,,,,,,
,269901026,21/01/2025 12:07,21/01/2025 17:04,USOUSD,Buy,0.060,0.00000,0.00000,76.82000,76.99600,0.0000,0.0000,17.6,10.56,0.03,"",0,00:04:56:37,,,,,,,,,,,,
,267289360,21/01/2025 13:04,21/01/2025 17:04,USOUSD,Buy,0.060,0.00000,0.00000,76.53500,76.99100,0.0000,0.0000,45.6,27.36,0.07,"",0,00:04:00:24,,,,,,,,,,,,
,270016304,21/01/2025 15:57,21/01/2025 17:04,USOUSD,Buy,0.050,0.00000,0.00000,76.28000,76.98600,0.0000,0.0000,70.6,35.30,0.09,"",0,00:01:06:43,,,,,,,,,,,,
,266268980,10/01/2025 15:40,21/01/2025 15:57,USOUSD,Sell,0.050,0.00000,0.00000,76.92200,76.27500,0.0000,0.0000,64.7,32.35,0.08,"",0,11:00:16:58,,,,,,,,,,,,
,257128162,12/12/2024 02:01,21/01/2025 06:31,XAUUSD,Buy,0.050,0.00000,0.00000,2720.00000,2726.84000,0.0000,0.0000,684.0,34.20,0.09,"",0,40:04:30:30,,,,,,,,,,,,
,268462031,16/01/2025 18:26,21/01/2025 06:31,XAUUSD,Buy,0.060,0.00000,0.00000,2719.17000,2726.56000,0.0000,0.0000,739.0,44.34,0.11,"",0,04:12:04:46,4.4,4h 45m,2935.0,3.05,962.0,57.72,-2935.0,-176.1,24.7,94.3,-223.00,-13.38
,269341011,20/01/2025 07:44,21/01/2025 03:47,XAUUSD,Buy,0.060,0.00000,0.00000,2707.06000,2715.78000,0.0000,0.0000,872.0,52.32,0.13,"",0,00:20:03:13,60.6,12h 9m,1001.0,0.19,1873.0,112.38,-353.0,-21.18,84.1,55.0,-1001.00,-60.06
,269585304,20/01/2025 19:02,21/01/2025 02:56,USOUSD,Sell,0.060,0.00000,0.00000,77.77200,77.29600,0.0000,0.0000,47.6,28.56,0.07,"",0,00:07:54:27,,,,,,,,,,,,
,267687491,15/01/2025 06:08,20/01/2025 15:57,USOUSD,Sell,0.060,0.00000,0.00000,77.59300,77.21100,0.0000,0.0000,38.2,22.92,0.06,"",0,05:09:49:29,,,,,,,,,,,,
,266684503,13/01/2025 01:25,20/01/2025 15:46,USOUSD,Sell,0.050,0.00000,0.00000,77.96900,77.68600,0.0000,0.0000,28.3,14.15,0.04,"",0,07:14:20:46,,,,,,,,,,,,
,267832378,15/01/2025 15:07,20/01/2025 15:46,USOUSD,Sell,0.060,0.00000,0.00000,78.00800,77.65100,0.0000,0.0000,35.7,21.42,0.05,"",0,05:00:38:52,,,,,,,,,,,,
,267855265,15/01/2025 15:31,20/01/2025 15:46,USOUSD,Sell,0.060,0.00000,0.00000,78.12300,77.64600,0.0000,0.0000,47.7,28.62,0.07,"",0,05:00:14:39,,,,,,,,,,,,
,225897881,13/01/2025 01:35,20/01/2025 15:46,USOUSD,Sell,0.050,0.00000,0.00000,78.28400,77.64100,0.0000,0.0000,64.3,32.15,0.08,"",0,07:14:10:44,,,,,,,,,,,,
,267472202,14/01/2025 16:05,20/01/2025 15:46,USOUSD,Sell,0.060,0.00000,0.00000,78.20600,77.63100,0.0000,0.0000,57.5,34.50,0.09,"",0,05:23:41:14,,,,,,,,,,,,
,267937569,15/01/2025 16:40,20/01/2025 15:46,USOUSD,Sell,0.060,0.00000,0.00000,78.56300,77.72600,0.0000,0.0000,83.7,50.22,0.13,"",0,04:23:05:59,,,,,,,,,,,,
,267386948,14/01/2025 13:43,20/01/2025 15:46,USOUSD,Sell,0.060,0.00000,0.00000,78.61100,77.72100,0.0000,0.0000,89.0,53.40,0.14,"",0,06:02:02:32,,,,,,,,,,,,
,267954096,15/01/2025 17:01,20/01/2025 15:46,USOUSD,Sell,0.060,0.00000,0.00000,78.82300,77.72100,0.0000,0.0000,110.2,66.12,0.17,"",0,04:22:44:45,,,,,,,,,,,,
,267329709,14/01/2025 11:16,20/01/2025 15:46,USOUSD,Sell,0.060,0.00000,0.00000,79.07600,77.71600,0.0000,0.0000,136.0,81.60,0.21,"",0,06:04:29:21,,,,,,,,,,,,
,268474354,16/01/2025 18:51,20/01/2025 15:46,USOUSD,Sell,0.060,0.00000,0.00000,79.11500,77.70100,0.0000,0.0000,141.4,84.84,0.22,"",0,03:20:54:16,,,,,,,,,,,,
,269319891,20/01/2025 05:16,20/01/2025 06:21,XAUUSD,Buy,0.060,0.00000,0.00000,2701.02000,2704.29000,0.0000,0.0000,327.0,19.62,0.05,"",0,00:01:04:12,100.0,1h 4m,430.0,0.00,757.0,45.42,0.0,0.0,100.0,43.2,-430.00,-25.80
,269298205,20/01/2025 03:37,20/01/2025 05:16,XAUUSD,Buy,0.060,0.00000,0.00000,2691.74000,2700.80000,0.0000,0.0000,906.0,54.36,0.14,"",0,00:01:39:01,5.0,4m,0.0,0.00,906.0,54.36,0.0,0.0,100.0,100.0,0.00,0.00
,268002852,15/01/2025 18:20,20/01/2025 03:38,USOUSD,Sell,0.060,0.00000,0.00000,79.47300,78.63100,0.0000,0.0000,84.2,50.52,0.13,"",0,04:09:17:43,,,,,,,,,,,,
,268000653,15/01/2025 20:08,20/01/2025 03:38,USOUSD,Sell,0.050,0.00000,0.00000,80.01800,78.63100,0.0000,0.0000,138.7,69.35,0.18,"",0,04:07:29:43,,,,,,,,,,,,
,267949935,15/01/2025 22:55,20/01/2025 03:37,XAUUSD,Sell,0.060,0.00000,0.00000,2696.04000,2691.67000,0.0000,0.0000,437.0,26.22,0.07,"",0,04:04:42:53,7.6,7h 39m,3378.0,4.54,622.0,37.32,-2820.0,-169.2,18.1,94.6,-185.00,-11.10
,257679245,16/01/2025 03:09,20/01/2025 03:37,XAUUSD,Sell,0.050,0.00000,0.00000,2699.75000,2691.88000,0.0000,0.0000,787.0,39.35,0.10,"",0,04:00:28:37,10.5,10h 7m,3378.0,2.47,993.0,49.650000000000006,-2449.0,-122.45,28.8,94.0,-206.00,-10.30
,268735683,17/01/2025 14:30,20/01/2025 03:37,XAUUSD,Sell,0.060,0.00000,0.00000,2709.69000,2691.92000,0.0000,0.0000,1777.0,106.62,0.27,"",0,02:13:06:55,94.2,2d 9h ,692.0,0.33,1987.0,119.22,-654.0,-39.24,75.2,92.0,-210.00,-12.60
,248082078,20/01/2025 02:00,,,Deposit,0.000,0.00000,0.00000,0.00000,0.00000,0.0000,0.0000,0.0,53.00,0,"Cash Promo - Funds Growth",0,00:00:00:00,,,,,,,,,,,,
,268735627,17/01/2025 14:30,17/01/2025 18:11,XAUUSD,Buy,0.060,0.00000,0.00000,2710.15000,2715.17000,0.0000,0.0000,502.0,30.12,0.08,"",0,00:03:41:12,93.3,3h 26m,638.0,0.79,705.0,42.3,-555.0,-33.3,56.0,83.9,-203.00,-12.18
,268813979,17/01/2025 16:35,17/01/2025 16:46,USOUSD,Buy,0.060,0.00000,0.00000,78.65300,78.96400,0.0000,0.0000,31.1,18.66,0.05,"",0,00:00:10:45,,,,,,,,,,,,
,147933347,26/04/2024 10:34,17/01/2025 15:22,USOUSD,Buy,0.050,0.00000,0.00000,84.40600,78.72400,0.0000,1.7200,-568.2,-282.38,-0.72,"",0,266:04:48:29,,,,,,,,,,,,
,268459582,17/01/2025 12:06,17/01/2025 14:30,XAUUSD,Buy,0.060,0.00000,0.00000,2704.25000,2710.05000,0.0000,0.0000,580.0,34.80,0.09,"",0,00:02:24:03,95.9,2h 18m,805.0,0.12,719.0,43.14,-86.0,-5.16,89.3,82.7,-139.00,-8.34
,268346073,16/01/2025 15:44,17/01/2025 12:06,XAUUSD,Sell,0.060,0.00000,0.00000,2714.44000,2704.94000,0.0000,0.0000,950.0,57.00,0.15,"",0,00:20:21:25,51.1,10h 24m,1097.0,0.92,1063.0,63.78,-980.0,-58.8,52.0,94.5,-113.00,-6.78
,268461955,16/01/2025 18:26,17/01/2025 12:06,XAUUSD,Sell,0.060,0.00000,0.00000,2718.97000,2704.99000,0.0000,0.0000,1398.0,83.88,0.22,"",0,00:17:39:40,100.0,17h 39m,643.0,0.00,1516.0,90.96,0.0,0.0,100.0,92.2,-118.00,-7.08
,247358049,17/01/2025 01:02,,,Withdrawal,0.000,0.00000,0.00000,0.00000,0.00000,0.0000,0.0000,0.0,-1117.20,0,"Cash Adj-Rollover-VIX",0,00:00:00:00,,,,,,,,,,,,
,257186759,12/12/2024 06:28,16/01/2025 18:17,XAUUSD,Buy,0.050,0.00000,0.00000,2713.15000,2718.39000,0.0000,0.0000,524.0,26.20,0.07,"",0,35:11:49:01,1.1,9h 22m,13285.0,14.97,855.0,42.75,-12789.0,-639.45,6.3,97.6,-331.00,-16.55
,268243508,16/01/2025 12:04,16/01/2025 15:44,XAUUSD,Buy,0.060,0.00000,0.00000,2705.76000,2714.38000,0.0000,0.0000,862.0,51.72,0.13,"",0,00:03:40:18,71.4,2h 37m,560.0,0.34,1353.0,81.17999999999999,-459.0,-27.54,74.7,72.9,-491.00,-29.46
,268124445,16/01/2025 03:34,16/01/2025 12:04,XAUUSD,Buy,0.060,0.00000,0.00000,2700.81000,2705.51000,0.0000,0.0000,470.0,28.20,0.07,"",0,00:08:29:59,36.3,3h 5m,1035.0,1.03,1005.0,60.3,-1035.0,-62.099999999999994,49.3,73.8,-535.00,-32.10
,266467554,10/01/2025 19:45,16/01/2025 03:34,XAUUSD,Buy,0.050,0.00000,0.00000,2696.99000,2702.14000,0.0000,0.0000,515.0,25.75,0.06,"",0,05:07:49:04,1.2,1h 32m,3950.0,7.67,515.0,25.75,-3950.0,-197.5,11.5,100.0,0.00,0.00
,187954365,19/07/2024 20:03,16/01/2025 03:34,USOUSD,Buy,0.070,0.00000,0.00000,79.95600,80.30600,0.0000,0.0000,35.0,24.50,0.06,"",0,180:07:30:54,,,,,,,,,,,,
,268002077,15/01/2025 18:18,16/01/2025 03:34,USOUSD,Buy,0.060,0.00000,0.00000,79.52200,80.30100,0.0000,0.0000,77.9,46.74,0.12,"",0,00:09:15:32,,,,,,,,,,,,
,268019757,15/01/2025 18:52,16/01/2025 03:34,XAUUSD,Buy,0.060,0.00000,0.00000,2689.10000,2700.21000,0.0000,0.0000,1111.0,66.66,0.17,"",0,00:08:42:08,100.0,8h 42m,484.0,0.00,1150.0,69.0,0.0,0.0,100.0,96.6,-39.00,-2.34
,267950009,15/01/2025 16:56,15/01/2025 18:51,XAUUSD,Buy,0.060,0.00000,0.00000,2684.03000,2688.85000,0.0000,0.0000,482.0,28.92,0.07,"",0,00:01:55:27,100.0,1h 55m,554.0,0.00,1036.0,62.16,0.0,0.0,100.0,46.5,-554.00,-33.24
,267988409,15/01/2025 17:53,15/01/2025 18:51,XAUUSD,Buy,0.050,0.00000,0.00000,2678.35000,2689.15000,0.0000,0.0000,1080.0,54.00,0.14,"",0,00:00:58:31,100.0,58m,524.0,0.00,1604.0,80.2,0.0,0.0,100.0,67.3,-524.00,-26.20
,200307107,13/08/2024 18:02,15/01/2025 18:18,USOUSD,Buy,0.030,0.00000,0.00000,79.00000,79.47300,0.0000,0.0000,47.3,14.19,0.04,"",0,155:00:16:40,,,,,,,,,,,,
,267083335,13/01/2025 18:04,15/01/2025 18:18,USOUSD,Buy,0.050,0.00000,0.00000,78.84300,79.49300,0.0000,0.0000,65.0,32.50,0.08,"",0,02:00:13:59,,,,,,,,,,,,
,267756951,15/01/2025 10:49,15/01/2025 17:14,XAUUSD,Sell,0.060,0.00000,0.00000,2684.10000,2679.14000,0.0000,0.0000,496.0,29.76,0.08,"",0,00:06:25:13,39.0,2h 30m,1484.0,1.44,681.0,40.86,-981.0,-58.86,41.0,88.9,-185.00,-11.10
,267467391,14/01/2025 15:57,15/01/2025 17:01,USOUSD,Buy,0.060,0.00000,0.00000,78.52500,78.85300,0.0000,0.0000,32.8,19.68,0.05,"",0,01:01:03:41,,,,,,,,,,,,
,267896047,15/01/2025 16:00,15/01/2025 16:56,XAUUSD,Sell,0.060,0.00000,0.00000,2693.83000,2684.01000,0.0000,0.0000,982.0,58.92,0.15,"",0,00:00:55:39,100.0,55m,739.0,0.00,1192.0,71.52,0.0,0.0,100.0,82.4,-210.00,-12.60
,267756906,15/01/2025 10:49,15/01/2025 15:31,XAUUSD,Buy,0.060,0.00000,0.00000,2684.36000,2690.87000,0.0000,0.0000,651.0,39.06,0.10,"",0,00:04:41:50,70.2,3h 17m,1662.0,0.74,955.0,57.3,-707.0,-42.42,57.5,81.7,-304.00,-18.24
,267323184,14/01/2025 11:04,15/01/2025 15:31,USOUSD,Sell,0.060,0.00000,0.00000,78.80600,78.11200,0.0000,0.0000,69.4,41.64,0.11,"",0,01:04:26:47,,,,,,,,,,,,
,266304000,13/01/2025 03:23,15/01/2025 10:49,XAUUSD,Buy,0.050,0.00000,0.00000,2680.22000,2684.08000,0.0000,0.0000,386.0,19.30,0.05,"",0,02:07:25:49,21.1,11h 41m,3329.0,2.17,1051.0,52.550000000000004,-2278.0,-113.9,31.6,80.0,-665.00,-33.25
,267297910,14/01/2025 10:06,15/01/2025 07:58,XAUUSD,Buy,0.060,0.00000,0.00000,2669.34000,2679.16000,0.0000,0.0000,982.0,58.92,0.15,"",0,00:21:51:58,74.9,16h 22m,931.0,0.60,1372.0,82.32,-818.0,-49.08,62.6,82.2,-390.00,-23.40
,200336067,13/08/2024 19:09,14/01/2025 11:03,USOUSD,Buy,0.030,0.00000,0.00000,78.43000,78.84600,0.0000,0.0000,41.6,12.48,0.03,"",0,153:15:54:36,,,,,,,,,,,,
,267260550,14/01/2025 07:04,14/01/2025 11:03,USOUSD,Buy,0.050,0.00000,0.00000,78.45500,78.83600,0.0000,0.0000,38.1,19.05,0.05,"",0,00:03:59:18,,,,,,,,,,,,
,267279346,14/01/2025 08:49,14/01/2025 11:02,USOUSD,Buy,0.060,0.00000,0.00000,78.32500,78.76600,0.0000,0.0000,44.1,26.46,0.07,"",0,00:02:12:47,,,,,,,,,,,,
,267289911,14/01/2025 09:31,14/01/2025 11:02,USOUSD,Buy,0.060,0.00000,0.00000,78.21500,78.76100,0.0000,0.0000,54.6,32.76,0.08,"",0,00:01:30:33,,,,,,,,,,,,
,267083340,13/01/2025 18:04,14/01/2025 09:31,USOUSD,Sell,0.050,0.00000,0.00000,78.81400,78.20500,0.0000,0.0000,60.9,30.45,0.08,"",0,00:15:26:54,,,,,,,,,,,,
,267083074,13/01/2025 18:04,14/01/2025 06:54,XAUUSD,Buy,0.060,0.00000,0.00000,2663.10000,2673.22000,0.0000,0.0000,1012.0,60.72,0.16,"",0,00:12:50:14,62.8,8h 3m,750.0,0.53,1176.0,70.56,-618.0,-37.08,65.6,90.9,-164.00,-9.84
,267132381,13/01/2025 20:06,14/01/2025 02:47,XAUUSD,Buy,0.050,0.00000,0.00000,2660.74000,2670.62000,0.0000,0.0000,988.0,49.40,0.13,"",0,00:06:41:40,93.1,6h 13m,365.0,0.14,1108.0,55.400000000000006,-159.0,-7.95,87.5,90.5,-120.00,-6.00
,266303704,10/01/2025 16:06,13/01/2025 18:04,XAUUSD,Sell,0.050,0.00000,0.00000,2683.60000,2663.12000,0.0000,0.0000,2048.0,102.40,0.26,"",0,03:01:58:28,11.9,8h 48m,1331.0,0.55,2418.0,120.9,-1331.0,-66.55,64.5,90.1,-370.00,-18.50
,266366884,10/01/2025 17:06,13/01/2025 18:04,XAUUSD,Sell,0.050,0.00000,0.00000,2687.72000,2663.13000,0.0000,0.0000,2459.0,122.95,0.32,"",0,03:00:57:57,20.7,15h 6m,998.0,0.32,2830.0,141.5,-919.0,-45.95,75.5,90.1,-371.00,-18.55
,266370562,10/01/2025 17:10,13/01/2025 18:04,XAUUSD,Sell,0.050,0.00000,0.00000,2690.49000,2663.13000,0.0000,0.0000,2736.0,136.80,0.35,"",0,03:00:54:13,29.0,21h 8m,998.0,0.21,3107.0,155.35000000000002,-642.0,-32.1,82.9,90.1,-371.00,-18.55
,266409669,10/01/2025 17:56,13/01/2025 18:04,XAUUSD,Sell,0.050,0.00000,0.00000,2695.17000,2663.16000,0.0000,0.0000,3201.0,160.05,0.41,"",0,03:00:08:23,100.0,3d ,998.0,0.00,3575.0,178.75,0.0,0.0,100.0,89.5,-374.00,-18.70
,200696278,14/08/2024 14:15,13/01/2025 18:03,USOUSD,Buy,0.030,0.00000,78.77900,78.15200,78.78400,0.0000,0.0000,63.2,18.96,0.05,"[tp 78.779]",0,152:03:47:53,,,,,,,,,,,,
,200375655,14/08/2024 13:38,13/01/2025 10:40,USOUSD,Buy,0.030,0.00000,0.00000,78.07200,78.47400,0.0000,0.0000,40.2,12.06,0.03,"",0,151:21:02:16,,,,,,,,,,,,
,225548548,07/10/2024 23:30,13/01/2025 10:40,USOUSD,Buy,0.080,0.00000,0.00000,77.68100,78.52900,0.0000,0.0000,84.8,67.84,0.18,"",0,97:11:10:27,,,,,,,,,,,,
,245501989,13/01/2025 02:00,,,Deposit,0.000,0.00000,0.00000,0.00000,0.00000,0.0000,0.0000,0.0,54.93,0,"Cash Promo - Funds Growth",0,00:00:00:00,,,,,,,,,,,,
,266447890,10/01/2025 18:58,13/01/2025 01:07,USOUSD,Buy,0.060,0.00000,77.53200,76.20100,77.53400,0.0000,0.0000,133.3,79.98,0.21,"[tp 77.532]",0,02:06:08:53,,,,,,,,,,,,
,266409809,10/01/2025 17:56,10/01/2025 19:45,XAUUSD,Buy,0.050,0.00000,0.00000,2694.82000,2696.88000,0.0000,0.0000,206.0,10.30,0.03,"",0,00:01:49:13,7.4,8m,1131.0,4.87,206.0,10.3,-1003.0,-50.150000000000006,17.0,100.0,0.00,0.00
,266319350,10/01/2025 16:22,10/01/2025 18:06,USOUSD,Sell,0.050,0.00000,75.53600,77.53700,75.53600,0.0000,0.0000,200.1,100.05,0.26,"[tp 75.536]",0,00:01:43:14,,,,,,,,,,,,
,266376687,10/01/2025 17:15,10/01/2025 17:55,XAUUSD,Buy,0.050,0.00000,0.00000,2693.06000,2695.37000,0.0000,0.0000,231.0,11.55,0.03,"",0,00:00:40:02,100.0,40m,209.0,0.00,437.0,21.85,0.0,0.0,100.0,52.9,-206.00,-10.30
,257049234,12/12/2024 16:20,10/01/2025 17:10,XAUUSD,Buy,0.050,0.00000,0.00000,2686.84000,2690.50000,0.0000,0.0000,366.0,18.30,0.05,"",0,29:00:49:42,1.3,9h 3m,10447.0,12.63,805.0,40.25,-10158.0,-507.90000000000003,7.3,96.0,-439.00,-21.95
,266269457,10/01/2025 15:40,10/01/2025 16:22,USOUSD,Buy,0.050,0.00000,0.00000,76.94600,77.64700,0.0000,0.0000,70.1,35.05,0.09,"",0,00:00:41:02,,,,,,,,,,,,
,266208059,10/01/2025 14:28,10/01/2025 15:56,XAUUSD,Buy,0.050,0.00000,0.00000,2676.65000,2680.43000,0.0000,0.0000,378.0,18.90,0.05,"",0,00:01:27:53,100.0,1h 27m,1713.0,0.00,2091.0,104.55000000000001,0.0,0.0,100.0,18.1,-1713.00,-85.65
,225729423,08/10/2024 10:06,10/01/2025 15:40,USOUSD,Buy,0.050,0.00000,0.00000,76.33300,76.88700,0.0000,0.0000,55.4,27.70,0.07,"",0,94:05:33:40,,,,,,,,,,,,
,266248501,10/01/2025 15:31,10/01/2025 15:40,XAUUSD,Buy,0.050,0.00000,0.00000,2666.63000,2671.75000,0.0000,0.0000,512.0,25.60,0.07,"",0,00:00:08:30,100.0,8m,2581.0,0.00,3093.0,154.65,0.0,0.0,100.0,16.6,-2581.00,-129.05
,266109549,10/01/2025 09:22,10/01/2025 13:32,XAUUSD,Buy,0.060,0.00000,0.00000,2677.76000,2682.09000,0.0000,0.0000,433.0,25.98,0.07,"",0,00:04:09:58,86.5,3h 36m,1574.0,2.02,521.0,31.259999999999998,-1053.0,-63.18,33.1,94.4,-88.00,-5.28
,266155771,10/01/2025 11:31,10/01/2025 13:28,USOUSD,Buy,0.050,0.00000,0.00000,75.65600,76.22700,0.0000,0.0000,57.1,28.55,0.08,"",0,00:01:56:59,,,,,,,,,,,,
,265280522,08/01/2025 10:49,10/01/2025 11:31,USOUSD,Buy,0.050,0.00000,0.00000,75.28200,75.53200,0.0000,0.0000,25.0,12.50,0.03,"",0,02:00:42:17,,,,,,,,,,,,
,266138394,10/01/2025 10:49,10/01/2025 11:31,USOUSD,Buy,0.050,0.00000,0.00000,75.04600,75.53200,0.0000,0.0000,48.6,24.30,0.06,"",0,00:00:42:18,,,,,,,,,,,,
,265449089,08/01/2025 16:38,10/01/2025 10:47,USOUSD,Buy,0.060,0.00000,74.92800,74.58200,74.93700,0.0000,0.0000,35.5,21.30,0.06,"[tp 74.928]",0,01:18:08:08,,,,,,,,,,,,
,256378420,13/12/2024 11:04,10/01/2025 09:22,XAUUSD,Buy,0.050,0.00000,0.00000,2671.44000,2677.41000,0.0000,0.0000,597.0,29.85,0.08,"",0,27:22:17:52,1.8,12h 3m,8723.0,12.21,706.0,35.300000000000004,-8618.0,-430.90000000000003,7.6,98.8,-109.00,-5.45
,265926581,09/01/2025 17:38,10/01/2025 09:22,USOUSD,Buy,0.070,0.00000,0.00000,74.12400,74.63800,0.0000,0.0000,51.4,35.98,0.09,"",0,00:15:44:07,,,,,,,,,,,,
,265448174,08/01/2025 16:37,10/01/2025 09:22,XAUUSD,Buy,0.050,0.00000,0.00000,2667.03000,2677.43000,0.0000,0.0000,1040.0,52.00,0.14,"",0,01:16:44:16,54.9,22h 21m,1806.0,1.35,1147.0,57.35,-1551.0,-77.55000000000001,42.5,96.0,-107.00,-5.35
,256978851,13/12/2024 11:42,10/01/2025 09:22,XAUUSD,Buy,0.050,0.00000,0.00000,2670.30000,2677.45000,0.0000,0.0000,715.0,35.75,0.09,"",0,27:21:39:47,2.4,16h 4m,8723.0,10.37,820.0,41.0,-8504.0,-425.20000000000005,8.8,98.9,-105.00,-5.25
,265738330,09/01/2025 10:07,10/01/2025 09:22,XAUUSD,Buy,0.050,0.00000,0.00000,2662.64000,2677.41000,0.0000,0.0000,1477.0,73.85,0.20,"",0,00:23:14:29,100.0,23h 14m,1453.0,0.00,1586.0,79.30000000000001,0.0,0.0,100.0,93.1,-109.00,-5.45
,263726427,08/01/2025 18:18,09/01/2025 17:37,USOUSD,Buy,0.070,0.00000,0.00000,73.63200,74.07100,0.0000,0.0000,43.9,30.73,0.08,"",0,00:23:18:46,,,,,,,,,,,,
,265657190,09/01/2025 01:46,09/01/2025 17:37,USOUSD,Buy,0.050,0.00000,0.00000,73.36400,74.07000,0.0000,0.0000,70.6,35.30,0.09,"",0,00:15:50:52,,,,,,,,,,,,
,265668773,09/01/2025 03:34,09/01/2025 17:37,USOUSD,Buy,0.050,0.00000,0.00000,73.05900,74.07000,0.0000,0.0000,101.1,50.55,0.13,"",0,00:14:03:16,,,,,,,,,,,,
,262084621,09/01/2025 03:37,09/01/2025 17:37,USOUSD,Buy,0.050,0.00000,0.00000,72.95000,74.07000,0.0000,0.0000,112.0,56.00,0.15,"",0,00:13:59:36,,,,,,,,,,,,
,265689437,09/01/2025 06:09,09/01/2025 08:45,XAUUSD,Buy,0.050,0.00000,0.00000,2658.58000,2664.10000,0.0000,0.0000,552.0,27.60,0.07,"",0,00:02:36:22,100.0,2h 36m,580.0,0.00,800.0,40.0,0.0,0.0,100.0,69.0,-248.00,-12.40
,265570555,08/01/2025 19:51,09/01/2025 01:34,XAUUSD,Buy,0.050,0.00000,0.00000,2651.50000,2662.29000,0.0000,0.0000,1079.0,53.95,0.14,"",0,00:05:43:41,100.0,5h 43m,608.0,0.00,1236.0,61.800000000000004,0.0,0.0,100.0,87.3,-157.00,-7.85
,265025470,07/01/2025 17:18,08/01/2025 19:51,XAUUSD,Sell,0.050,0.00000,0.00000,2649.72000,2651.01000,0.0000,0.0000,-129.0,-6.45,-0.02,"",0,01:02:32:21,38.9,10h 19m,2383.0,5.01,397.0,19.85,-1986.0,-99.30000000000001,16.7,77.9,-526.00,-26.30
,265392046,08/01/2025 15:15,08/01/2025 19:50,XAUUSD,Sell,0.050,0.00000,0.00000,2655.42000,2650.15000,0.0000,0.0000,527.0,26.35,0.07,"",0,00:04:35:58,16.7,46m,1445.0,2.59,558.0,27.900000000000002,-1445.0,-72.25,27.9,98.5,-31.00,-1.55
,265419688,08/01/2025 15:57,08/01/2025 19:50,XAUUSD,Sell,0.050,0.00000,0.00000,2658.98000,2650.41000,0.0000,0.0000,857.0,42.85,0.11,"",0,00:03:53:22,52.0,2h 1m,1089.0,1.19,914.0,45.7,-1089.0,-54.45,45.6,97.2,-57.00,-2.85
,265456783,08/01/2025 16:47,08/01/2025 19:50,XAUUSD,Sell,0.050,0.00000,0.00000,2662.23000,2651.10000,0.0000,0.0000,1113.0,55.65,0.15,"",0,00:03:03:41,77.6,2h 22m,1065.0,0.62,1239.0,61.95,-764.0,-38.2,61.9,93.7,-126.00,-6.30
,265448517,08/01/2025 16:38,08/01/2025 19:50,XAUUSD,Sell,0.050,0.00000,0.00000,2666.17000,2651.13000,0.0000,0.0000,1504.0,75.20,0.20,"",0,00:03:12:37,75.6,2h 25m,1065.0,0.23,1633.0,81.65,-370.0,-18.5,81.5,93.6,-129.00,-6.45
,265127514,07/01/2025 20:36,08/01/2025 18:37,USOUSD,Sell,0.050,0.00000,0.00000,74.61700,73.49200,0.0000,0.0000,112.5,56.25,0.15,"",0,00:22:01:24,,,,,,,,,,,,
,265373263,08/01/2025 14:48,08/01/2025 18:37,USOUSD,Sell,0.050,0.00000,0.00000,74.98300,73.51200,0.0000,0.0000,147.1,73.55,0.20,"",0,00:03:49:15,,,,,,,,,,,,
,257790766,13/12/2024 15:52,08/01/2025 16:37,XAUUSD,Buy,0.050,0.00000,0.00000,2659.88000,2667.03000,0.0000,0.0000,715.0,35.75,0.10,"",0,26:00:45:50,2.1,13h 7m,7820.0,7.70,970.0,48.5,-7462.0,-373.1,11.5,97.0,-255.00,-12.75
,265031707,07/01/2025 17:25,08/01/2025 15:11,XAUUSD,Buy,0.050,0.00000,0.00000,2652.52000,2657.52000,0.0000,0.0000,500.0,25.00,0.07,"",0,00:21:46:07,23.8,5h 10m,871.0,0.49,1371.0,68.55,-677.0,-33.85,66.9,57.5,-871.00,-43.55
,265322694,08/01/2025 13:24,08/01/2025 14:48,USOUSD,Buy,0.050,0.00000,0.00000,74.65200,74.98900,0.0000,0.0000,33.7,16.85,0.05,"",0,00:01:24:04,,,,,,,,,,,,
,228657803,14/10/2024 17:02,08/01/2025 10:49,USOUSD,Buy,0.050,0.00000,0.00000,74.81400,75.25300,0.0000,0.0000,43.9,21.95,0.06,"",0,85:17:46:42,,,,,,,,,,,,
,264563103,06/01/2025 17:58,07/01/2025 20:35,USOUSD,Buy,0.050,0.00000,0.00000,74.26800,74.61200,0.0000,0.0000,34.4,17.20,0.05,"",0,01:02:36:23,,,,,,,,,,,,
,265000289,07/01/2025 17:02,07/01/2025 17:18,XAUUSD,Buy,0.050,0.00000,0.00000,2648.31000,2649.79000,0.0000,0.0000,148.0,7.40,0.02,"",0,00:00:15:47,100.0,15m,515.0,0.00,663.0,33.15,0.0,0.0,100.0,22.3,-515.00,-25.75
,264909917,07/01/2025 15:00,07/01/2025 17:02,XAUUSD,Sell,0.050,0.00000,0.00000,2651.41000,2648.38000,0.0000,0.0000,303.0,15.15,0.04,"",0,00:02:02:09,64.8,1h 19m,1147.0,0.42,807.0,40.35,-340.0,-17.0,70.4,56.1,-504.00,-25.20
,264923789,07/01/2025 15:20,07/01/2025 17:02,XAUUSD,Sell,0.050,0.00000,0.00000,2660.17000,2648.26000,0.0000,0.0000,1191.0,59.55,0.16,"",0,00:01:42:24,100.0,1h 42m,932.0,0.00,1468.0,73.4,0.0,0.0,100.0,81.1,-277.00,-13.85
,264268326,06/01/2025 19:31,07/01/2025 16:44,USOUSD,Buy,0.050,0.00000,0.00000,73.97300,74.26600,0.0000,0.0000,29.3,14.65,0.04,"",0,00:21:13:18,,,,,,,,,,,,
,264911243,07/01/2025 15:03,07/01/2025 15:20,XAUUSD,Buy,0.050,0.00000,0.00000,2653.95000,2658.36000,0.0000,0.0000,441.0,22.05,0.06,"",0,00:00:17:00,5.9,1m,1061.0,2.41,441.0,22.05,-1061.0,-53.050000000000004,29.4,100.0,0.00,0.00
,263791772,03/01/2025 15:26,07/01/2025 14:55,XAUUSD,Buy,0.070,0.00000,0.00000,2649.36000,2651.27000,0.0000,0.0000,191.0,13.37,0.04,"",0,03:23:29:25,2.7,2h 34m,3037.0,2.29,1325.0,92.75000000000001,-3037.0,-212.59000000000003,30.4,74.0,-1134.00,-79.38
,263858172,03/01/2025 17:19,07/01/2025 14:55,XAUUSD,Buy,0.060,0.00000,0.00000,2641.63000,2651.31000,0.0000,0.0000,968.0,58.08,0.16,"",0,03:21:35:41,14.4,13h 28m,2984.0,1.08,2098.0,125.88,-2264.0,-135.84,48.1,74.1,-1130.00,-67.80
,264422439,06/01/2025 15:36,07/01/2025 14:55,XAUUSD,Buy,0.060,0.00000,0.00000,2635.89000,2651.45000,0.0000,0.0000,1556.0,93.36,0.25,"",0,00:23:18:27,77.5,18h 3m,1116.0,0.12,2672.0,160.32,-325.0,-19.5,89.2,62.8,-1116.00,-66.96
,264434400,06/01/2025 15:44,07/01/2025 14:55,XAUUSD,Buy,0.060,0.00000,0.00000,2626.45000,2651.43000,0.0000,0.0000,2498.0,149.88,0.41,"",0,00:23:11:04,100.0,23h 11m,1118.0,0.00,3616.0,216.95999999999998,0.0,0.0,100.0,69.1,-1118.00,-67.08
,264435955,06/01/2025 15:44,07/01/2025 14:55,XAUUSD,Buy,0.060,0.00000,0.00000,2624.82000,2651.41000,0.0000,0.0000,2659.0,159.54,0.44,"",0,00:23:10:14,100.0,23h 10m,1120.0,0.00,3779.0,226.73999999999998,0.0,0.0,100.0,70.4,-1120.00,-67.20
,264475807,06/01/2025 16:20,07/01/2025 14:55,XAUUSD,Buy,0.060,0.00000,0.00000,2616.91000,2651.43000,0.0000,0.0000,3452.0,207.12,0.57,"",0,00:22:34:57,100.0,22h 34m,1118.0,0.00,4570.0,274.2,0.0,0.0,100.0,75.5,-1118.00,-67.08
,264724328,07/01/2025 02:29,07/01/2025 13:09,USOUSD,Buy,0.050,0.00000,0.00000,73.44500,74.07600,0.0000,0.0000,63.1,31.55,0.09,"",0,00:10:39:40,,,,,,,,,,,,
,264823147,07/01/2025 10:58,07/01/2025 13:09,USOUSD,Buy,0.050,0.00000,0.00000,73.27500,74.08600,0.0000,0.0000,81.1,40.55,0.11,"",0,00:02:10:54,,,,,,,,,,,,
,264445066,06/01/2025 15:53,06/01/2025 16:57,USOUSD,Buy,0.060,0.00000,0.00000,74.24800,75.00900,0.0000,0.0000,76.1,45.66,0.13,"",0,00:01:03:51,,,,,,,,,,,,
,264180395,06/01/2025 06:34,06/01/2025 14:13,USOUSD,Buy,0.070,0.00000,0.00000,73.98800,74.51000,0.0000,0.0000,52.2,36.54,0.10,"",0,00:07:38:55,,,,,,,,,,,,
,263388795,06/01/2025 06:22,06/01/2025 13:34,XAUUSD,Buy,0.050,0.00000,0.00000,2636.32000,2647.22000,0.0000,0.0000,1090.0,54.50,0.15,"",0,00:07:11:32,32.7,2h 21m,1074.0,0.84,1273.0,63.650000000000006,-1072.0,-53.6,54.3,92.2,-183.00,-9.15
,264224534,06/01/2025 09:33,06/01/2025 13:19,XAUUSD,Buy,0.050,0.00000,0.00000,2628.87000,2639.31000,0.0000,0.0000,1044.0,52.20,0.14,"",0,00:03:46:43,100.0,3h 46m,974.0,0.00,2018.0,100.9,0.0,0.0,100.0,51.7,-974.00,-48.70
,261365564,06/01/2025 09:37,06/01/2025 13:19,XAUUSD,Buy,0.050,0.00000,0.00000,2626.05000,2639.58000,0.0000,0.0000,1353.0,67.65,0.19,"",0,00:03:41:54,100.0,3h 41m,947.0,0.00,2300.0,115.0,0.0,0.0,100.0,58.8,-947.00,-47.35
,243034770,06/01/2025 02:00,,,Deposit,0.000,0.00000,0.00000,0.00000,0.00000,0.0000,0.0000,0.0,34.25,0,"Cash Promo - Funds Growth",0,00:00:00:00,,,,,,,,,,,,
,228736887,14/10/2024 18:35,03/01/2025 18:45,USOUSD,Buy,0.050,0.00000,0.00000,73.84400,74.09800,0.0000,0.0000,25.4,12.70,0.04,"",0,81:00:09:55,,,,,,,,,,,,
,263734167,03/01/2025 12:14,03/01/2025 15:19,USOUSD,Buy,0.070,0.00000,0.00000,72.95700,73.39300,0.0000,0.0000,43.6,30.52,0.09,"",0,00:03:05:01,,,,,,,,,,,,
,263424374,02/01/2025 17:02,03/01/2025 12:14,USOUSD,Sell,0.100,0.00000,0.00000,73.57100,72.95700,0.0000,0.0000,61.4,61.40,0.17,"",0,00:19:11:56,,,,,,,,,,,,
,258301109,16/12/2024 17:21,02/01/2025 18:23,XAUUSD,Buy,0.050,0.00000,0.00000,2652.09000,2656.98000,0.0000,0.0000,489.0,24.45,0.07,"",0,17:01:02:24,3.8,15h 32m,7281.0,9.41,711.0,35.550000000000004,-6683.0,-334.15000000000003,9.6,97.0,-222.00,-11.10
,259083433,18/12/2024 04:44,02/01/2025 17:58,XAUUSD,Buy,0.050,0.00000,0.00000,2648.04000,2654.96000,0.0000,0.0000,692.0,34.60,0.10,"",0,15:13:13:51,1.4,5h 13m,6338.0,5.63,1116.0,55.800000000000004,-6278.0,-313.90000000000003,15.1,94.3,-424.00,-21.20
,228460547,14/10/2024 23:43,02/01/2025 16:51,USOUSD,Buy,0.050,0.00000,73.46200,73.02900,73.47100,0.0000,0.0000,44.2,22.10,0.06,"[tp 73.462]",0,79:17:07:28,,,,,,,,,,,,
,263370536,02/01/2025 16:01,02/01/2025 16:24,XAUUSD,Buy,0.050,0.00000,0.00000,2641.60000,2646.29000,0.0000,0.0000,469.0,23.45,0.07,"",0,00:00:23:01,100.0,23m,1124.0,0.00,1593.0,79.65,0.0,0.0,100.0,29.4,-1124.00,-56.20
,259259218,18/12/2024 16:16,02/01/2025 15:57,XAUUSD,Buy,0.050,0.00000,0.00000,2640.53000,2644.98000,0.0000,0.0000,445.0,22.25,0.06,"",0,14:23:40:39,1.9,6h 50m,5527.0,4.10,1349.0,67.45,-5527.0,-276.35,19.6,86.9,-904.00,-45.20
,232631767,22/10/2024 19:20,02/01/2025 12:58,USOUSD,Buy,0.050,0.00000,0.00000,72.49100,72.91100,0.0000,0.0000,42.0,21.00,0.06,"",0,71:17:37:48,,,,,,,,,,,,
,263117963,02/01/2025 03:35,02/01/2025 12:31,XAUUSD,Buy,0.050,0.00000,0.00000,2634.54000,2644.52000,0.0000,0.0000,998.0,49.90,0.14,"",0,00:08:56:01,56.1,5h 0m,486.0,0.24,1102.0,55.1,-269.0,-13.450000000000001,80.4,92.4,-104.00,-5.20
,233478387,24/10/2024 05:30,02/01/2025 12:16,USOUSD,Buy,0.050,0.00000,0.00000,72.25100,72.82100,0.0000,0.0000,57.0,28.50,0.08,"",0,70:06:45:43,,,,,,,,,,,,
,239227244,06/11/2024 03:38,02/01/2025 03:35,USOUSD,Buy,0.050,0.00000,0.00000,71.92600,72.34100,0.0000,0.0000,41.5,20.75,0.06,"",0,56:23:56:45,,,,,,,,,,,,
,258874804,18/12/2024 21:00,02/01/2025 03:35,XAUUSD,Buy,0.050,0.00000,0.00000,2630.12000,2634.25000,0.0000,0.0000,413.0,20.65,0.06,"",0,14:06:34:58,6.2,21h 14m,4212.0,6.34,665.0,33.25,-4212.0,-210.60000000000002,13.6,94.8,-252.00,-12.60
,261937704,27/12/2024 10:15,02/01/2025 03:34,XAUUSD,Buy,0.050,0.00000,0.00000,2629.60000,2634.19000,0.0000,0.0000,459.0,22.95,0.06,"",0,05:17:19:51,2.2,3h 1m,3395.0,5.62,590.0,29.5,-3316.0,-165.8,15.1,96.6,-131.00,-6.55
,261665437,26/12/2024 11:31,02/01/2025 03:34,XAUUSD,Buy,0.050,0.00000,0.00000,2626.10000,2634.07000,0.0000,0.0000,797.0,39.85,0.11,"",0,06:16:03:17,17.2,1d 3h ,4033.0,2.78,1067.0,53.35,-2966.0,-148.3,26.5,93.3,-270.00,-13.50
,261624043,27/12/2024 15:23,02/01/2025 03:16,XAUUSD,Buy,0.050,0.00000,0.00000,2621.68000,2629.91000,0.0000,0.0000,823.0,41.15,0.12,"",0,05:11:52:52,33.4,1d 20h ,3077.0,1.83,1382.0,69.10000000000001,-2524.0,-126.2,35.4,85.7,-559.00,-27.95
,241186716,08/11/2024 11:49,02/01/2025 03:16,USOUSD,Buy,0.050,0.00000,0.00000,71.48600,72.33100,0.0000,0.0000,84.5,42.25,0.12,"",0,54:15:26:21,,,,,,,,,,,,
,241140275,08/11/2024 12:07,02/01/2025 03:15,USOUSD,Buy,0.050,0.00000,0.00000,71.23600,72.32600,0.0000,0.0000,109.0,54.50,0.15,"",0,54:15:08:23,,,,,,,,,,,,
,262058070,27/12/2024 16:24,02/01/2025 03:15,XAUUSD,Buy,0.050,0.00000,0.00000,2615.73000,2629.84000,0.0000,0.0000,1411.0,70.55,0.20,"",0,05:10:50:56,39.6,2d 3h ,3077.0,0.98,1977.0,98.85000000000001,-1929.0,-96.45,50.6,85.5,-566.00,-28.30
,262054638,27/12/2024 16:31,02/01/2025 03:15,XAUUSD,Buy,0.050,0.00000,0.00000,2612.45000,2629.95000,0.0000,0.0000,1750.0,87.50,0.25,"",0,05:10:44:50,83.4,4d 13h ,3077.0,0.69,2305.0,115.25,-1601.0,-80.05000000000001,59.0,85.8,-555.00,-27.75
,262556489,30/12/2024 16:35,02/01/2025 03:15,XAUUSD,Buy,0.050,0.00000,0.00000,2607.75000,2629.78000,0.0000,0.0000,2203.0,110.15,0.31,"",0,02:10:40:10,80.0,1d 22h ,1067.0,0.29,2812.0,140.6,-822.0,-41.1,77.4,83.2,-609.00,-30.45
,262084666,30/12/2024 17:07,02/01/2025 03:15,XAUUSD,Buy,0.050,0.00000,0.00000,2603.78000,2629.78000,0.0000,0.0000,2600.0,130.00,0.37,"",0,02:10:08:43,99.2,2d 9h ,1067.0,0.05,3209.0,160.45000000000002,-166.0,-8.3,95.1,82.0,-609.00,-30.45
,249767718,25/11/2024 08:41,30/12/2024 16:17,USOUSD,Buy,0.050,0.00000,0.00000,70.89100,71.48900,0.0000,0.0000,59.8,29.90,0.09,"",0,35:07:35:56,,,,,,,,,,,,
,258274580,16/12/2024 08:17,30/12/2024 16:17,USOUSD,Buy,0.050,0.00000,0.00000,70.84900,71.47900,0.0000,0.0000,63.0,31.50,0.09,"",0,14:08:00:34,,,,,,,,,,,,
,261613502,26/12/2024 07:36,30/12/2024 14:37,USOUSD,Buy,0.050,0.00000,0.00000,70.51500,71.18900,0.0000,0.0000,67.4,33.70,0.10,"",0,04:07:00:40,,,,,,,,,,,,
,262093237,27/12/2024 17:17,30/12/2024 14:37,USOUSD,Buy,0.050,0.00000,0.00000,70.38700,71.18900,0.0000,0.0000,80.2,40.10,0.12,"",0,02:21:19:44,,,,,,,,,,,,
,261769289,26/12/2024 18:42,27/12/2024 16:16,USOUSD,Buy,0.050,0.00000,0.00000,70.23000,70.68800,0.0000,0.0000,45.8,22.90,0.07,"",0,00:21:34:08,,,,,,,,,,,,
,261373939,26/12/2024 20:07,27/12/2024 16:16,USOUSD,Buy,0.050,0.00000,0.00000,70.07000,70.68800,0.0000,0.0000,61.8,30.90,0.09,"",0,00:20:08:46,,,,,,,,,,,,
,259731366,19/12/2024 12:24,26/12/2024 05:45,USOUSD,Buy,0.050,0.00000,0.00000,70.44000,70.67100,0.0000,0.0000,23.1,11.55,0.03,"",0,06:17:21:02,,,,,,,,,,,,
,260863959,23/12/2024 12:42,26/12/2024 05:03,XAUUSD,Buy,0.050,0.00000,0.00000,2621.09000,2628.40000,0.0000,0.0000,731.0,36.55,0.11,"",0,02:16:21:03,7.2,4h 37m,1211.0,1.57,770.0,38.5,-1211.0,-60.550000000000004,38.9,98.0,-39.00,-1.95
,260431363,24/12/2024 16:54,26/12/2024 03:05,XAUUSD,Buy,0.050,0.00000,2625.10000,2610.96000,2625.10000,0.0000,0.0000,1414.0,70.70,0.20,"[tp 2625.10]",0,01:10:11:02,100.0,1d 10h ,425.0,0.00,1748.0,87.4,0.0,0.0,100.0,80.9,-334.00,-16.70
,259770920,19/12/2024 14:15,24/12/2024 16:01,USOUSD,Buy,0.050,0.00000,0.00000,70.25000,70.43700,0.0000,0.0000,18.7,9.35,0.03,"",0,05:01:46:24,,,,,,,,,,,,
,260835662,23/12/2024 10:32,24/12/2024 16:01,USOUSD,Buy,0.050,0.00000,0.00000,69.86900,70.44700,0.0000,0.0000,57.8,28.90,0.08,"",0,01:05:29:36,,,,,,,,,,,,
,260942248,23/12/2024 14:05,24/12/2024 16:01,USOUSD,Buy,0.050,0.00000,0.00000,69.57900,70.44700,0.0000,0.0000,86.8,43.40,0.13,"",0,01:01:56:35,,,,,,,,,,,,
,259773197,19/12/2024 14:20,24/12/2024 16:01,USOUSD,Buy,0.050,0.00000,70.47600,70.06500,70.47700,0.0000,0.0000,41.2,20.60,0.06,"[tp 70.476]",0,05:01:40:25,,,,,,,,,,,,
,240366546,24/12/2024 15:50,,,Withdrawal,0.000,0.00000,0.00000,0.00000,0.00000,0.0000,0.0000,0.0,-3500.00,0,"Withdraw-TH-CPS",0,00:00:00:00,,,,,,,,,,,,
,260434775,23/12/2024 17:11,24/12/2024 01:49,USOUSD,Buy,0.050,0.00000,0.00000,69.19900,69.72700,0.0000,0.0000,52.8,26.40,0.07,"",0,00:08:37:54,,,,,,,,,,,,
,259770941,19/12/2024 18:18,23/12/2024 08:09,USOUSD,Buy,0.050,0.00000,0.00000,69.77000,70.02000,0.0000,0.0000,25.0,12.50,0.03,"",0,03:13:50:51,,,,,,,,,,,,
,239816680,23/12/2024 02:00,,,Deposit,0.000,0.00000,0.00000,0.00000,0.00000,0.0000,0.0000,0.0,36.75,0,"Cash Promo - Funds Growth",0,00:00:00:00,,,,,,,,,,,,
,258986827,19/12/2024 22:08,20/12/2024 18:23,USOUSD,Buy,0.050,0.00000,0.00000,69.54000,69.75800,0.0000,0.0000,21.8,10.90,0.03,"",0,00:20:15:45,,,,,,,,,,,,
,258986854,20/12/2024 05:43,20/12/2024 18:22,USOUSD,Buy,0.050,0.00000,0.00000,69.26700,69.67300,0.0000,0.0000,40.6,20.30,0.05,"",0,00:12:39:06,,,,,,,,,,,,
,257001812,20/12/2024 11:00,20/12/2024 18:22,USOUSD,Buy,0.050,0.00000,0.00000,69.19700,69.66900,0.0000,0.0000,47.2,23.60,0.06,"",0,00:07:21:56,,,,,,,,,,,,
,260212613,20/12/2024 12:17,20/12/2024 18:22,USOUSD,Buy,0.050,0.00000,0.00000,69.02300,69.66800,0.0000,0.0000,64.5,32.25,0.09,"",0,00:06:05:30,,,,,,,,,,,,
,260366001,20/12/2024 16:52,20/12/2024 18:22,USOUSD,Buy,0.050,0.00000,0.00000,68.90700,69.66800,0.0000,0.0000,76.1,38.05,0.10,"",0,00:01:30:39,,,,,,,,,,,,
,259387558,18/12/2024 21:07,20/12/2024 17:32,XAUUSD,Buy,0.050,0.00000,0.00000,2621.34000,2626.90000,0.0000,0.0000,556.0,27.80,0.07,"",0,01:20:25:11,6.8,3h 1m,3660.0,4.06,901.0,45.050000000000004,-3660.0,-183.0,19.8,92.4,-345.00,-17.25
,259416328,18/12/2024 21:09,20/12/2024 17:30,XAUUSD,Buy,0.050,0.00000,0.00000,2616.26000,2624.90000,0.0000,0.0000,864.0,43.20,0.11,"",0,01:20:20:53,16.2,7h 11m,3609.0,2.24,1409.0,70.45,-3152.0,-157.60000000000002,30.9,88.1,-545.00,-27.25
,259786451,19/12/2024 14:52,20/12/2024 17:30,XAUUSD,Buy,0.050,0.00000,0.00000,2608.13000,2624.92000,0.0000,0.0000,1679.0,83.95,0.22,"",0,01:02:37:47,15.0,3h 59m,2094.0,0.94,2222.0,111.10000000000001,-2094.0,-104.7,51.5,87.4,-543.00,-27.15
,259773256,19/12/2024 15:34,20/12/2024 17:30,XAUUSD,Buy,0.050,0.00000,0.00000,2598.81000,2624.70000,0.0000,0.0000,2589.0,129.45,0.34,"",0,01:01:55:52,56.1,14h 32m,1075.0,0.34,3154.0,157.70000000000002,-1075.0,-53.75,74.6,86.6,-565.00,-28.25
,259160086,18/12/2024 22:35,19/12/2024 12:24,USOUSD,Buy,0.050,0.00000,0.00000,69.89400,70.41100,0.0000,0.0000,51.7,25.85,0.07,"",0,00:13:49:20,,,,,,,,,,,,
,259087654,19/12/2024 10:12,19/12/2024 12:24,USOUSD,Buy,0.050,0.00000,0.00000,69.68500,70.41100,0.0000,0.0000,72.6,36.30,0.10,"",0,00:02:11:36,,,,,,,,,,,,
,259464487,18/12/2024 21:58,19/12/2024 03:42,XAUUSD,Buy,0.050,0.00000,0.00000,2606.14000,2612.16000,0.0000,0.0000,602.0,30.10,0.08,"",0,00:05:44:13,40.6,2h 19m,1876.0,1.83,1028.0,51.400000000000006,-1876.0,-93.80000000000001,35.4,85.3,-426.00,-21.30
,259557701,19/12/2024 01:57,19/12/2024 03:31,XAUUSD,Buy,0.050,0.00000,0.00000,2588.02000,2603.98000,0.0000,0.0000,1596.0,79.80,0.21,"",0,00:01:34:22,100.0,1h 34m,808.0,0.00,2404.0,120.2,0.0,0.0,100.0,66.4,-808.00,-40.40
,259169554,18/12/2024 10:56,19/12/2024 01:57,USOUSD,Sell,0.050,0.00000,0.00000,70.46900,69.81500,0.0000,0.0000,65.4,32.70,0.09,"",0,00:15:01:06,,,,,,,,,,,,
,259169501,18/12/2024 10:56,19/12/2024 01:57,USOUSD,Sell,0.050,0.00000,0.00000,70.46900,69.81500,0.0000,0.0000,65.4,32.70,0.09,"",0,00:15:01:21,,,,,,,,,,,,
,259169564,18/12/2024 14:51,18/12/2024 22:05,USOUSD,Sell,0.050,0.00000,70.04200,70.76400,70.04300,0.0000,0.0000,72.1,36.05,0.10,"[tp 70.042]",0,00:07:13:25,,,,,,,,,,,,
,246700579,19/11/2024 04:44,18/12/2024 21:09,XAUUSD,Sell,0.050,0.00000,0.00000,2623.48000,2616.48000,0.0000,0.0000,700.0,35.00,0.09,"",0,29:16:24:32,2.6,18h 31m,11388.0,2.64,3822.0,191.10000000000002,-10078.0,-503.90000000000003,27.5,77.5,-3122.00,-156.10
,258718902,17/12/2024 10:14,18/12/2024 17:32,USOUSD,Buy,0.050,0.00000,0.00000,70.46600,70.77400,0.0000,0.0000,30.8,15.40,0.04,"",0,01:07:17:50,,,,,,,,,,,,
,259117821,18/12/2024 07:52,18/12/2024 10:26,USOUSD,Buy,0.050,0.00000,0.00000,70.09300,70.43400,0.0000,0.0000,34.1,17.05,0.05,"",0,00:02:34:06,,,,,,,,,,,,
,257775868,17/12/2024 10:31,18/12/2024 10:26,USOUSD,Buy,0.050,0.00000,0.00000,70.19600,70.43400,0.0000,0.0000,23.8,11.90,0.03,"",0,00:23:55:16,,,,,,,,,,,,
,258734866,17/12/2024 10:50,18/12/2024 03:35,USOUSD,Buy,0.050,0.00000,0.00000,70.03600,70.14900,0.0000,0.0000,11.3,5.65,0.02,"",0,00:16:44:35,,,,,,,,,,,,
,258813656,17/12/2024 14:29,18/12/2024 03:34,USOUSD,Buy,0.050,0.00000,0.00000,69.88600,70.14400,0.0000,0.0000,25.8,12.90,0.03,"",0,00:13:05:31,,,,,,,,,,,,
,257775888,17/12/2024 15:53,18/12/2024 03:34,USOUSD,Buy,0.050,0.00000,0.00000,69.79600,70.14400,0.0000,0.0000,34.8,17.40,0.05,"",0,00:11:41:04,,,,,,,,,,,,
,258456621,17/12/2024 10:57,18/12/2024 03:34,XAUUSD,Buy,0.050,0.00000,0.00000,2642.21000,2650.79000,0.0000,0.0000,858.0,42.90,0.12,"",0,00:16:37:40,69.9,11h 37m,1131.0,0.84,886.0,44.300000000000004,-744.0,-37.2,54.4,98.3,-28.00,-1.40
,258744860,17/12/2024 11:36,18/12/2024 03:34,XAUUSD,Buy,0.050,0.00000,0.00000,2639.98000,2650.57000,0.0000,0.0000,1059.0,52.95,0.14,"",0,00:15:57:47,83.8,13h 22m,1131.0,0.47,1109.0,55.45,-521.0,-26.05,68.0,96.9,-50.00,-2.50
,258886040,17/12/2024 16:39,17/12/2024 19:39,USOUSD,Buy,0.050,0.00000,0.00000,69.56600,69.77800,0.0000,0.0000,21.2,10.60,0.03,"",0,00:03:00:46,,,,,,,,,,,,
,258946249,17/12/2024 17:54,17/12/2024 19:39,USOUSD,Buy,0.050,0.00000,0.00000,69.29600,69.77800,0.0000,0.0000,48.2,24.10,0.07,"",0,00:01:45:15,,,,,,,,,,,,
,258946262,17/12/2024 17:54,17/12/2024 19:39,USOUSD,Buy,0.050,0.00000,0.00000,69.29600,69.77800,0.0000,0.0000,48.2,24.10,0.07,"",0,00:01:45:10,,,,,,,,,,,,
,257885804,13/12/2024 16:33,17/12/2024 10:50,USOUSD,Sell,0.050,0.00000,0.00000,70.57000,70.02600,0.0000,0.0000,54.4,27.20,0.07,"",0,03:18:17:10,,,,,,,,,,,,
,258025535,13/12/2024 23:22,16/12/2024 10:24,XAUUSD,Buy,0.050,0.00000,0.00000,2649.54000,2657.49000,0.0000,0.0000,795.0,39.75,0.11,"",0,02:11:02:06,18.1,10h 41m,821.0,0.45,1083.0,54.150000000000006,-487.0,-24.35,69.0,81.7,-288.00,-14.40
,255854118,16/12/2024 02:50,16/12/2024 10:24,XAUUSD,Buy,0.050,0.00000,0.00000,2644.66000,2657.49000,0.0000,0.0000,1283.0,64.15,0.17,"",0,00:07:33:07,100.0,7h 33m,528.0,0.00,1659.0,82.95,0.0,0.0,100.0,77.3,-376.00,-18.80
,237284880,16/12/2024 02:00,,,Deposit,0.000,0.00000,0.00000,0.00000,0.00000,0.0000,0.0000,0.0,37.63,0,"Cash Promo - Funds Growth",0,00:00:00:00,,,,,,,,,,,,
,257885807,13/12/2024 16:33,13/12/2024 21:04,USOUSD,Buy,0.050,0.00000,0.00000,70.59900,71.25000,0.0000,0.0000,65.1,32.55,0.09,"",0,00:04:30:42,,,,,,,,,,,,
,255723038,09/12/2024 12:39,13/12/2024 20:41,XAUUSD,Sell,0.050,0.00000,2653.86000,2654.49000,2653.86000,0.0000,0.0000,63.0,3.15,0.01,"[tp 2653.86]",0,04:08:02:05,2.2,2h 17m,6977.0,14.12,494.0,24.700000000000003,-6977.0,-348.85,6.6,94.2,-431.00,-21.55
,257790925,13/12/2024 13:04,13/12/2024 16:07,USOUSD,Sell,0.050,0.00000,0.00000,70.89000,70.29900,0.0000,0.0000,59.1,29.55,0.08,"",0,00:03:02:51,,,,,,,,,,,,
,256136005,10/12/2024 04:38,13/12/2024 16:07,XAUUSD,Sell,0.050,0.00000,0.00000,2669.10000,2662.33000,0.0000,0.0000,677.0,33.85,0.09,"",0,03:11:28:41,10.4,8h 40m,6246.0,4.83,1142.0,57.1,-5516.0,-275.8,17.2,93.0,-465.00,-23.25
,253788787,04/12/2024 12:01,13/12/2024 13:04,USOUSD,Buy,0.050,0.00000,0.00000,70.50000,70.89500,0.0000,0.0000,39.5,19.75,0.05,"",0,09:01:02:31,,,,,,,,,,,,
,257124123,12/12/2024 01:20,13/12/2024 13:04,USOUSD,Buy,0.050,0.00000,0.00000,70.43100,70.89600,0.0000,0.0000,46.5,23.25,0.06,"",0,01:11:43:55,,,,,,,,,,,,
,257418665,12/12/2024 16:21,13/12/2024 12:21,USOUSD,Buy,0.050,0.00000,0.00000,70.05600,70.66000,0.0000,0.0000,60.4,30.20,0.08,"",0,00:20:00:12,,,,,,,,,,,,
,257607031,12/12/2024 23:09,13/12/2024 12:19,XAUUSD,Sell,0.050,0.00000,0.00000,2680.40000,2669.70000,0.0000,0.0000,1070.0,53.50,0.15,"",0,00:13:10:09,29.3,3h 51m,1291.0,0.69,1698.0,84.9,-1167.0,-58.35,59.3,78.1,-628.00,-31.40
,256377387,10/12/2024 16:00,13/12/2024 12:19,XAUUSD,Sell,0.050,0.00000,0.00000,2680.60000,2669.65000,0.0000,0.0000,1095.0,54.75,0.15,"",0,02:20:18:55,9.8,6h 41m,4559.0,2.72,1605.0,80.25,-4366.0,-218.3,26.9,91.5,-510.00,-25.50
,257502788,12/12/2024 17:56,13/12/2024 07:29,XAUUSD,Buy,0.050,0.00000,0.00000,2680.78000,2687.09000,0.0000,0.0000,631.0,31.55,0.09,"",0,00:13:32:58,82.1,11h 7m,935.0,0.13,1129.0,56.45,-151.0,-7.550000000000001,88.2,61.1,-498.00,-24.90
,257502794,12/12/2024 17:56,12/12/2024 23:08,USOUSD,Buy,0.050,0.00000,0.00000,69.36600,70.11700,0.0000,0.0000,75.1,37.55,0.10,"",0,00:05:12:38,,,,,,,,,,,,
,257036217,11/12/2024 18:52,12/12/2024 17:56,USOUSD,Sell,0.050,0.00000,0.00000,70.05400,69.37100,0.0000,0.0000,68.3,34.15,0.09,"",0,00:23:03:54,,,,,,,,,,,,
,256572452,10/12/2024 21:37,12/12/2024 17:55,XAUUSD,Sell,0.050,0.00000,0.00000,2692.21000,2680.62000,0.0000,0.0000,1159.0,57.95,0.16,"",0,01:20:18:18,16.6,7h 21m,4559.0,2.04,1568.0,78.4,-3205.0,-160.25,32.9,91.4,-409.00,-20.45
,249923699,11/12/2024 02:34,12/12/2024 17:55,XAUUSD,Sell,0.050,0.00000,0.00000,2698.71000,2680.20000,0.0000,0.0000,1851.0,92.55,0.26,"",0,01:15:21:49,35.6,14h 0m,4559.0,1.15,2218.0,110.9,-2555.0,-127.75,46.5,92.3,-367.00,-18.35
,256986621,11/12/2024 17:27,12/12/2024 17:55,XAUUSD,Sell,0.050,0.00000,0.00000,2710.66000,2680.46000,0.0000,0.0000,3020.0,151.00,0.42,"",0,01:00:28:12,35.4,8h 39m,1616.0,0.40,3413.0,170.65,-1360.0,-68.0,71.5,91.8,-393.00,-19.65
,257162542,12/12/2024 04:09,12/12/2024 06:13,XAUUSD,Buy,0.050,0.00000,0.00000,2705.81000,2710.69000,0.0000,0.0000,488.0,24.40,0.07,"",0,00:02:04:21,100.0,2h 4m,513.0,0.00,1001.0,50.050000000000004,0.0,0.0,100.0,48.8,-513.00,-25.65
,256980019,12/12/2024 03:00,12/12/2024 04:09,XAUUSD,Sell,0.050,0.00000,0.00000,2725.49000,2705.90000,0.0000,0.0000,1959.0,97.95,0.27,"",0,00:01:09:14,100.0,1h 9m,576.0,0.00,2038.0,101.9,0.0,0.0,100.0,96.1,-79.00,-3.95
,253867977,04/12/2024 14:58,12/12/2024 01:20,USOUSD,Buy,0.050,0.00000,0.00000,70.12000,70.40200,0.0000,0.0000,28.2,14.10,0.04,"",0,07:10:22:25,,,,,,,,,,,,
,250020935,25/11/2024 16:08,12/12/2024 01:20,USOUSD,Buy,0.050,0.00000,0.00000,69.96100,70.39700,0.0000,0.0000,43.6,21.80,0.06,"",0,16:09:11:26,,,,,,,,,,,,
,253999575,04/12/2024 17:26,12/12/2024 01:20,USOUSD,Buy,0.050,0.00000,0.00000,69.88000,70.39700,0.0000,0.0000,51.7,25.85,0.07,"",0,07:07:53:40,,,,,,,,,,,,
,239674061,06/11/2024 13:25,11/12/2024 19:14,XAUUSD,Buy,0.050,0.00000,0.00000,2714.75000,2718.90000,0.0000,0.0000,415.0,20.75,0.06,"",0,35:05:48:47,0.6,5h 4m,17126.0,34.25,501.0,25.05,-17126.0,-856.3000000000001,2.8,99.5,-86.00,-4.30
,256984513,11/12/2024 17:25,11/12/2024 19:13,XAUUSD,Buy,0.050,0.00000,0.00000,2711.68000,2718.75000,0.0000,0.0000,707.0,35.35,0.10,"",0,00:01:48:24,100.0,1h 48m,666.0,0.00,927.0,46.35,0.0,0.0,100.0,76.3,-220.00,-11.00
,256999260,11/12/2024 17:42,11/12/2024 18:47,USOUSD,Buy,0.050,0.00000,70.01200,69.26300,70.06400,0.0000,0.0000,80.1,40.05,0.11,"[tp 70.012]",0,00:01:04:51,,,,,,,,,,,,
,253548081,04/12/2024 19:00,11/12/2024 18:47,USOUSD,Buy,0.050,0.00000,70.02000,69.50000,70.06400,0.0000,0.0000,56.4,28.20,0.08,"[tp 70.020]",0,06:23:47:16,,,,,,,,,,,,
,254041801,04/12/2024 18:25,11/12/2024 18:47,USOUSD,Buy,0.050,0.00000,70.00400,69.55000,70.00400,0.0000,0.0000,45.4,22.70,0.06,"[tp 70.004]",0,07:00:22:04,,,,,,,,,,,,
,239736540,06/11/2024 14:15,11/12/2024 17:17,XAUUSD,Buy,0.050,0.00000,0.00000,2707.21000,2712.45000,0.0000,0.0000,524.0,26.20,0.07,"",0,35:03:02:06,1.1,9h 16m,16372.0,13.05,1255.0,62.75,-16372.0,-818.6,7.1,95.9,-731.00,-36.55
,253548101,04/12/2024 19:58,11/12/2024 17:17,USOUSD,Buy,0.050,0.00000,0.00000,69.09000,69.66400,0.0000,0.0000,57.4,28.70,0.08,"",0,06:21:18:55,,,,,,,,,,,,
,256672917,11/12/2024 09:45,11/12/2024 17:17,USOUSD,Buy,0.050,0.00000,0.00000,68.76300,69.66400,0.0000,0.0000,90.1,45.05,0.13,"",0,00:07:31:54,,,,,,,,,,,,
,256646457,11/12/2024 03:56,11/12/2024 17:17,XAUUSD,Buy,0.050,0.00000,0.00000,2700.45000,2712.04000,0.0000,0.0000,1159.0,57.95,0.16,"",0,00:13:20:42,24.4,3h 15m,2178.0,1.17,1866.0,93.30000000000001,-2178.0,-108.9,46.1,82.5,-707.00,-35.35
,254084353,04/12/2024 19:59,11/12/2024 05:44,USOUSD,Buy,0.050,0.00000,0.00000,68.84000,68.99400,0.0000,0.0000,15.4,7.70,0.02,"",0,06:09:44:59,,,,,,,,,,,,
,256572507,10/12/2024 21:37,11/12/2024 05:44,USOUSD,Buy,0.050,0.00000,0.00000,68.65000,68.99400,0.0000,0.0000,34.4,17.20,0.05,"",0,00:08:06:49,,,,,,,,,,,,
,256463727,10/12/2024 21:41,11/12/2024 05:44,USOUSD,Buy,0.050,0.00000,0.00000,68.51000,68.99400,0.0000,0.0000,48.4,24.20,0.07,"",0,00:08:03:44,,,,,,,,,,,,
,256577289,10/12/2024 21:55,11/12/2024 05:44,USOUSD,Buy,0.050,0.00000,0.00000,68.41000,68.99400,0.0000,0.0000,58.4,29.20,0.08,"",0,00:07:49:00,,,,,,,,,,,,
,256417733,10/12/2024 16:49,11/12/2024 01:49,XAUUSD,Buy,0.050,0.00000,0.00000,2690.04000,2698.09000,0.0000,0.0000,805.0,40.25,0.11,"",0,00:09:00:24,100.0,9h 0m,414.0,0.00,1156.0,57.800000000000004,0.0,0.0,100.0,69.6,-351.00,-17.55
,253548130,04/12/2024 19:59,10/12/2024 17:52,USOUSD,Buy,0.050,0.00000,0.00000,68.68000,68.91100,0.0000,0.0000,23.1,11.55,0.03,"",0,05:21:52:43,,,,,,,,,,,,
,256378809,10/12/2024 16:03,10/12/2024 17:52,USOUSD,Buy,0.050,0.00000,0.00000,68.47000,68.91100,0.0000,0.0000,44.1,22.05,0.06,"",0,00:01:49:06,,,,,,,,,,,,
,249952602,25/11/2024 14:56,10/12/2024 16:49,XAUUSD,Buy,0.050,0.00000,0.00000,2681.43000,2689.62000,0.0000,0.0000,819.0,40.95,0.12,"",0,15:01:52:50,1.0,3h 37m,7105.0,6.56,1084.0,54.2,-7105.0,-355.25,13.2,96.8,-265.00,-13.25
,256176974,10/12/2024 07:39,10/12/2024 16:02,USOUSD,Buy,0.050,0.00000,0.00000,68.00000,68.44100,0.0000,0.0000,44.1,22.05,0.06,"",0,00:08:23:47,,,,,,,,,,,,
,256098226,10/12/2024 02:20,10/12/2024 16:02,USOUSD,Buy,0.050,0.00000,0.00000,68.20000,68.44100,0.0000,0.0000,24.1,12.05,0.03,"",0,00:13:42:25,,,,,,,,,,,,
,256347048,10/12/2024 15:10,10/12/2024 16:00,XAUUSD,Buy,0.050,0.00000,0.00000,2676.21000,2680.52000,0.0000,0.0000,431.0,21.55,0.06,"",0,00:00:49:21,100.0,49m,824.0,0.00,1255.0,62.75,0.0,0.0,100.0,34.3,-824.00,-41.20
,255908013,09/12/2024 17:35,10/12/2024 12:59,XAUUSD,Buy,0.050,0.00000,0.00000,2671.10000,2675.56000,0.0000,0.0000,446.0,22.30,0.06,"",0,00:19:24:52,16.0,3h 6m,1386.0,1.91,725.0,36.25,-1386.0,-69.3,34.3,86.8,-279.00,-13.95
,255854287,09/12/2024 21:23,10/12/2024 04:37,XAUUSD,Buy,0.050,0.00000,0.00000,2660.66000,2670.51000,0.0000,0.0000,985.0,49.25,0.14,"",0,00:07:13:12,64.1,4h 37m,501.0,0.22,1268.0,63.400000000000006,-279.0,-13.950000000000001,82.0,81.7,-283.00,-14.15
,254870849,06/12/2024 08:19,09/12/2024 17:34,USOUSD,Buy,0.050,0.00000,0.00000,68.48700,68.83700,0.0000,0.0000,35.0,17.50,0.05,"",0,03:09:14:48,,,,,,,,,,,,
,254400659,05/12/2024 13:51,09/12/2024 17:34,USOUSD,Buy,0.050,0.00000,0.00000,68.32800,68.82700,0.0000,0.0000,49.9,24.95,0.07,"",0,04:03:42:55,,,,,,,,,,,,
,254400650,05/12/2024 13:51,09/12/2024 17:34,USOUSD,Buy,0.050,0.00000,0.00000,68.32300,68.82700,0.0000,0.0000,50.4,25.20,0.07,"",0,04:03:42:54,,,,,,,,,,,,
,254084841,05/12/2024 13:56,09/12/2024 17:01,USOUSD,Buy,0.050,0.00000,0.00000,68.11800,68.42700,0.0000,0.0000,30.9,15.45,0.04,"",0,04:03:05:01,,,,,,,,,,,,
,255853850,09/12/2024 16:34,09/12/2024 17:01,XAUUSD,Buy,0.050,0.00000,0.00000,2668.89000,2671.97000,0.0000,0.0000,308.0,15.40,0.04,"",0,00:00:26:41,16.7,4m,267.0,0.87,308.0,15.4,-267.0,-13.350000000000001,53.6,100.0,0.00,0.00
,254885173,06/12/2024 12:04,09/12/2024 17:01,USOUSD,Buy,0.050,0.00000,0.00000,68.02700,68.44700,0.0000,0.0000,42.0,21.00,0.06,"",0,03:04:57:13,,,,,,,,,,,,
,254885165,06/12/2024 12:46,09/12/2024 17:01,USOUSD,Buy,0.050,0.00000,0.00000,67.88200,68.45200,0.0000,0.0000,57.0,28.50,0.08,"",0,03:04:14:40,,,,,,,,,,,,
,250029336,25/11/2024 16:12,09/12/2024 16:34,XAUUSD,Buy,0.050,0.00000,0.00000,2664.30000,2668.80000,0.0000,0.0000,450.0,22.50,0.06,"",0,14:00:22:24,1.2,4h 2m,5502.0,4.66,1181.0,59.050000000000004,-5502.0,-275.1,17.7,89.1,-731.00,-36.55
,255714605,09/12/2024 12:22,09/12/2024 16:34,XAUUSD,Buy,0.050,0.00000,0.00000,2657.85000,2668.78000,0.0000,0.0000,1093.0,54.65,0.16,"",0,00:04:12:27,78.0,3h 16m,918.0,0.22,1826.0,91.30000000000001,-402.0,-20.1,82.0,67.1,-733.00,-36.65
,250039906,25/11/2024 16:17,09/12/2024 12:15,XAUUSD,Buy,0.050,0.00000,0.00000,2652.18000,2656.61000,0.0000,0.0000,443.0,22.15,0.06,"",0,13:19:57:36,7.7,1d 1h ,5016.0,3.11,1380.0,69.0,-4290.0,-214.5,24.3,83.5,-937.00,-46.85
,253514558,03/12/2024 18:47,09/12/2024 11:34,XAUUSD,Buy,0.050,0.00000,0.00000,2646.10000,2653.58000,0.0000,0.0000,748.0,37.40,0.11,"",0,05:16:46:39,23.5,1d 8h ,3984.0,2.52,1202.0,60.1,-3028.0,-151.4,28.4,89.3,-454.00,-22.70
,252903448,02/12/2024 17:03,09/12/2024 11:34,XAUUSD,Buy,0.050,0.00000,0.00000,2642.09000,2653.62000,0.0000,0.0000,1153.0,57.65,0.16,"",0,06:18:30:34,37.0,2d 12h ,3984.0,1.64,1603.0,80.15,-2627.0,-131.35,37.9,89.4,-450.00,-22.50
,253788714,04/12/2024 12:01,09/12/2024 11:34,XAUUSD,Buy,0.050,0.00000,0.00000,2641.19000,2653.51000,0.0000,0.0000,1232.0,61.60,0.18,"",0,04:23:32:25,31.4,1d 13h ,3984.0,1.50,1693.0,84.65,-2537.0,-126.85000000000001,40.0,89.1,-461.00,-23.05
,254870740,06/12/2024 08:19,09/12/2024 11:33,XAUUSD,Buy,0.050,0.00000,0.00000,2638.52000,2653.64000,0.0000,0.0000,1512.0,75.60,0.22,"",0,03:03:14:32,18.2,13h 41m,1693.0,0.52,2065.0,103.25,-1080.0,-54.0,65.7,82.4,-553.00,-27.65
,254962612,06/12/2024 12:48,09/12/2024 11:33,XAUUSD,Buy,0.050,0.00000,0.00000,2634.53000,2653.63000,0.0000,0.0000,1910.0,95.50,0.27,"",0,02:22:45:15,25.6,18h 6m,1556.0,0.28,2464.0,123.2,-681.0,-34.050000000000004,78.3,82.4,-554.00,-27.70
,246862362,06/12/2024 15:00,09/12/2024 10:32,USOUSD,Buy,0.050,0.00000,0.00000,67.51700,68.15700,0.0000,0.0000,64.0,32.00,0.09,"",0,02:19:32:03,,,,,,,,,,,,
,255151764,06/12/2024 17:29,09/12/2024 10:31,USOUSD,Buy,0.050,0.00000,0.00000,67.10700,68.17200,0.0000,0.0000,106.5,53.25,0.15,"",0,02:17:02:04,,,,,,,,,,,,
,255087398,06/12/2024 16:12,09/12/2024 03:38,XAUUSD,Buy,0.050,0.00000,0.00000,2624.83000,2648.80000,0.0000,0.0000,2397.0,119.85,0.35,"",0,02:11:26:21,100.0,2d 11h ,1944.0,0.00,2514.0,125.7,0.0,0.0,100.0,95.3,-117.00,-5.85
,234604208,09/12/2024 02:00,,,Deposit,0.000,0.00000,0.00000,0.00000,0.00000,0.0000,0.0000,0.0,23.13,0,"Cash Promo - Funds Growth",0,00:00:00:00,,,,,,,,,,,,
,253883313,04/12/2024 15:15,06/12/2024 06:30,XAUUSD,Buy,0.050,0.00000,0.00000,2636.01000,2642.10000,0.0000,0.0000,609.0,30.45,0.09,"",0,01:15:14:45,71.6,1d 4h ,3984.0,1.03,1965.0,98.25,-2019.0,-100.95,49.3,66.0,-1356.00,-67.80
,254622142,05/12/2024 19:12,06/12/2024 06:30,XAUUSD,Buy,0.050,0.00000,0.00000,2631.31000,2642.10000,0.0000,0.0000,1079.0,53.95,0.16,"",0,00:11:17:50,61.1,6h 54m,1793.0,1.36,1140.0,57.0,-1549.0,-77.45,42.4,97.7,-61.00,-3.05
,253868460,05/12/2024 19:13,06/12/2024 06:30,XAUUSD,Buy,0.050,0.00000,0.00000,2627.95000,2642.10000,0.0000,0.0000,1415.0,70.75,0.21,"",0,00:11:16:20,81.7,9h 12m,1793.0,0.82,1476.0,73.8,-1213.0,-60.650000000000006,54.9,97.7,-61.00,-3.05
,254562453,05/12/2024 19:26,06/12/2024 06:30,XAUUSD,Buy,0.050,0.00000,0.00000,2625.97000,2642.10000,0.0000,0.0000,1613.0,80.65,0.24,"",0,00:11:03:05,82.8,9h 9m,1793.0,0.61,1674.0,83.7,-1015.0,-50.75,62.3,97.7,-61.00,-3.05
,250763387,26/11/2024 16:39,03/12/2024 18:27,USOUSD,Buy,0.050,0.00000,0.00000,69.43400,69.92800,0.0000,0.0000,49.4,24.70,0.07,"",0,07:01:48:10,,,,,,,,,,,,
,250173610,25/11/2024 18:03,03/12/2024 18:27,USOUSD,Buy,0.050,0.00000,0.00000,69.39100,69.93300,0.0000,0.0000,54.2,27.10,0.08,"",0,08:00:24:13,,,,,,,,,,,,
,253452910,03/12/2024 17:21,03/12/2024 18:27,XAUUSD,Buy,0.050,0.00000,0.00000,2639.08000,2644.45000,0.0000,0.0000,537.0,26.85,0.08,"",0,00:01:05:34,100.0,1h 5m,487.0,0.00,993.0,49.650000000000006,0.0,0.0,100.0,54.1,-456.00,-22.80
,250165709,25/11/2024 20:07,03/12/2024 17:44,USOUSD,Buy,0.050,0.00000,0.00000,69.10100,69.70300,0.0000,0.0000,60.2,30.10,0.09,"",0,07:21:36:48,,,,,,,,,,,,
,247135100,25/11/2024 20:07,03/12/2024 17:44,USOUSD,Buy,0.050,0.00000,0.00000,69.07100,69.70800,0.0000,0.0000,63.7,31.85,0.09,"",0,07:21:36:40,,,,,,,,,,,,
,250871253,26/11/2024 19:26,03/12/2024 17:34,USOUSD,Buy,0.050,0.00000,0.00000,68.74900,69.63800,0.0000,0.0000,88.9,44.45,0.13,"",0,06:22:08:38,,,,,,,,,,,,
,252895245,02/12/2024 16:55,03/12/2024 17:34,USOUSD,Buy,0.050,0.00000,0.00000,68.39400,69.62800,0.0000,0.0000,123.4,61.70,0.18,"",0,01:00:39:00,,,,,,,,,,,,
,252971417,02/12/2024 18:39,03/12/2024 17:34,USOUSD,Buy,0.050,0.00000,0.00000,68.07400,69.62800,0.0000,0.0000,155.4,77.70,0.23,"",0,00:22:55:07,,,,,,,,,,,,
,251362446,27/11/2024 20:13,03/12/2024 17:33,USOUSD,Buy,0.050,0.00000,69.69800,68.32700,69.69800,0.0000,0.0000,137.1,68.55,0.20,"[tp 69.698]",0,05:21:19:30,,,,,,,,,,,,
,250029553,25/11/2024 16:12,03/12/2024 17:33,USOUSD,Buy,0.050,0.00000,69.69800,69.83100,69.69800,0.0000,0.0000,-13.3,-6.65,-0.02,"[tp 69.698]",0,08:01:20:26,,,,,,,,,,,,
,252895235,02/12/2024 16:55,03/12/2024 17:33,USOUSD,Buy,0.050,0.00000,69.69800,68.39400,69.69800,0.0000,0.0000,130.4,65.20,0.19,"[tp 69.698]",0,01:00:37:11,,,,,,,,,,,,
,252864873,02/12/2024 16:21,02/12/2024 17:02,XAUUSD,Sell,0.050,0.00000,0.00000,2650.14000,2643.44000,0.0000,0.0000,670.0,33.50,0.10,"",0,00:00:40:45,100.0,40m,418.0,0.00,1088.0,54.400000000000006,0.0,0.0,100.0,61.6,-418.00,-20.90
,252517052,02/12/2024 02:40,02/12/2024 16:19,XAUUSD,Buy,0.050,0.00000,0.00000,2640.20000,2649.57000,0.0000,0.0000,937.0,46.85,0.14,"",0,00:13:38:35,35.6,4h 51m,1716.0,1.55,1107.0,55.35,-1716.0,-85.80000000000001,39.2,94.0,-170.00,-8.50
,252608234,02/12/2024 07:23,02/12/2024 13:38,XAUUSD,Buy,0.050,0.00000,0.00000,2623.52000,2643.17000,0.0000,0.0000,1965.0,98.25,0.29,"",0,00:06:15:53,100.0,6h 15m,810.0,0.00,2348.0,117.4,0.0,0.0,100.0,83.7,-383.00,-19.15
,252541005,02/12/2024 03:26,02/12/2024 03:42,XAUUSD,Buy,0.050,0.00000,0.00000,2626.51000,2635.26000,0.0000,0.0000,875.0,43.75,0.13,"",0,00:00:15:42,,,,,,,,,,,,
,230795997,28/11/2024 12:38,,,Withdrawal,0.000,0.00000,0.00000,0.00000,0.00000,0.0000,0.0000,0.0,-2500.00,0,"Withdraw-TH-CPS",0,00:00:00:00,,,,,,,,,,,,
,251316801,27/11/2024 21:40,28/11/2024 10:45,XAUUSD,Buy,0.050,0.00000,0.00000,2634.21000,2640.90000,0.0000,0.0000,669.0,33.45,0.09,"",0,00:13:05:11,58.0,7h 35m,1516.0,0.75,1501.0,75.05,-1128.0,-56.400000000000006,57.1,68.4,-832.00,-41.60
,230678654,28/11/2024 05:57,,,Withdrawal,0.000,0.00000,0.00000,0.00000,0.00000,0.0000,0.0000,0.0,-3500.00,0,"Withdraw-TH-CPS",0,00:00:00:00,,,,,,,,,,,,
,251357950,27/11/2024 17:53,27/11/2024 17:53,XAUUSD,Sell,0.050,0.00000,0.00000,2644.95000,2644.56000,0.0000,0.0000,39.0,1.95,0.00,"",0,00:00:00:38,,,,,,,,,,,,
,250222237,25/11/2024 19:18,27/11/2024 07:48,XAUUSD,Buy,0.050,0.00000,0.00000,2627.83000,2644.74000,0.0000,0.0000,1691.0,84.55,0.21,"",0,01:12:29:22,54.8,19h 59m,2120.0,1.00,2022.0,101.10000000000001,-2019.0,-100.95,50.0,91.8,-331.00,-16.55
,250044802,25/11/2024 16:20,25/11/2024 17:59,XAUUSD,Sell,0.050,0.00000,0.00000,2645.60000,2628.55000,0.0000,0.0000,1705.0,85.25,0.22,"",0,00:01:39:16,100.0,1h 39m,372.0,0.00,2077.0,103.85000000000001,0.0,0.0,100.0,82.1,-372.00,-18.60
,247822584,20/11/2024 17:37,25/11/2024 17:59,XAUUSD,Sell,0.050,0.00000,0.00000,2646.04000,2628.57000,0.0000,0.0000,1747.0,87.35,0.22,"",0,05:00:22:08,3.4,4h 5m,7372.0,3.48,2121.0,106.05000000000001,-7372.0,-368.6,22.3,96.1,-374.00,-18.70
,248192780,21/11/2024 11:10,25/11/2024 16:16,XAUUSD,Sell,0.050,0.00000,0.00000,2670.07000,2656.20000,0.0000,0.0000,1387.0,69.35,0.18,"",0,04:05:05:46,14.8,14h 57m,5692.0,1.19,4179.0,208.95000000000002,-4969.0,-248.45000000000002,45.7,69.5,-2792.00,-139.60
,249132723,22/11/2024 16:52,25/11/2024 16:08,USOUSD,Sell,0.050,0.00000,69.97000,70.76200,69.97100,0.0000,0.0000,79.1,39.55,0.10,"[tp 69.970]",0,02:23:15:51,,,,,,,,,,,,
,249719850,25/11/2024 06:26,25/11/2024 13:37,XAUUSD,Buy,0.050,0.00000,0.00000,2668.32000,2686.34000,0.0000,0.0000,1802.0,90.10,0.23,"",0,00:07:11:20,85.0,6h 6m,1211.0,0.18,2034.0,101.7,-358.0,-17.900000000000002,85.0,90.3,-232.00,-11.60
,242071491,22/11/2024 04:47,25/11/2024 06:15,XAUUSD,Sell,0.050,0.00000,0.00000,2686.27000,2670.03000,0.0000,0.0000,1624.0,81.20,0.21,"",0,03:01:27:54,4.6,3h 22m,3576.0,1.27,2631.0,131.55,-3349.0,-167.45000000000002,44.0,83.2,-1007.00,-50.35
,249132931,22/11/2024 16:53,25/11/2024 06:15,XAUUSD,Sell,0.050,0.00000,0.00000,2694.90000,2670.31000,0.0000,0.0000,2459.0,122.95,0.32,"",0,02:13:21:53,5.6,3h 26m,2486.0,0.71,3494.0,174.70000000000002,-2486.0,-124.30000000000001,58.4,82.7,-1035.00,-51.75
,228747060,25/11/2024 02:00,,,Deposit,0.000,0.00000,0.00000,0.00000,0.00000,0.0000,0.0000,0.0,30.00,0,"Cash Promo - Funds Growth",0,00:00:00:00,,,,,,,,,,,,
,241396837,08/11/2024 17:08,22/11/2024 17:47,USOUSD,Buy,0.050,0.00000,0.00000,70.59600,71.33200,0.0000,0.0000,73.6,36.80,0.09,"",0,14:00:39:33,,,,,,,,,,,,
,249090828,22/11/2024 16:08,22/11/2024 16:48,USOUSD,Buy,0.050,0.00000,0.00000,70.18600,70.63200,0.0000,0.0000,44.6,22.30,0.06,"",0,00:00:40:13,,,,,,,,,,,,
,247114895,19/11/2024 17:14,22/11/2024 16:08,USOUSD,Buy,0.050,0.00000,0.00000,69.92100,70.14200,0.0000,0.0000,22.1,11.05,0.03,"",0,02:22:53:07,,,,,,,,,,,,
,249015569,22/11/2024 14:27,22/11/2024 16:07,USOUSD,Buy,0.050,0.00000,0.00000,69.54100,70.17200,0.0000,0.0000,63.1,31.55,0.08,"",0,00:01:40:42,,,,,,,,,,,,
,241216036,08/11/2024 12:39,22/11/2024 11:41,XAUUSD,Buy,0.050,0.00000,2706.16000,2685.64000,2706.16000,0.0000,0.0000,2052.0,102.60,0.27,"[tp 2706.16]",0,13:23:01:08,4.5,15h 4m,15646.0,6.44,2210.0,110.5,-14215.0,-710.75,13.5,99.0,-158.00,-7.90
,241036115,08/11/2024 07:02,22/11/2024 11:38,XAUUSD,Buy,0.050,0.00000,2704.67000,2694.98000,2704.67000,0.0000,0.0000,969.0,48.45,0.13,"[tp 2704.67]",0,14:04:36:20,1.5,5h 6m,15646.0,11.88,1276.0,63.800000000000004,-15149.0,-757.45,7.8,98.1,-307.00,-15.35
,242003595,11/11/2024 03:58,22/11/2024 10:14,USOUSD,Buy,0.050,0.00000,70.88800,70.24700,70.89200,0.0000,0.0000,64.5,32.25,0.08,"[tp 70.888]",0,11:06:15:50,,,,,,,,,,,,
,240701029,11/11/2024 04:33,22/11/2024 03:52,XAUUSD,Buy,0.050,0.00000,0.00000,2670.05000,2678.29000,0.0000,0.0000,824.0,41.20,0.11,"",0,10:23:18:33,4.0,10h 31m,12968.0,6.63,1910.0,95.5,-12656.0,-632.8000000000001,13.1,92.5,-1086.00,-54.30
,241443735,11/11/2024 12:00,21/11/2024 13:55,USOUSD,Buy,0.050,0.00000,70.38200,69.53700,70.39900,0.0000,0.0000,86.2,43.10,0.11,"[tp 70.382]",0,10:01:55:02,,,,,,,,,,,,
,247790745,20/11/2024 17:30,21/11/2024 10:54,USOUSD,Buy,0.050,0.00000,0.00000,69.20500,69.73900,0.0000,0.0000,53.4,26.70,0.07,"",0,00:17:24:17,,,,,,,,,,,,
,242343799,11/11/2024 15:31,21/11/2024 10:23,XAUUSD,Buy,0.050,0.00000,0.00000,2651.30000,2665.96000,0.0000,0.0000,1466.0,73.30,0.19,"",0,09:18:51:54,5.2,12h 12m,10781.0,6.15,1755.0,87.75,-10781.0,-539.0500000000001,14.0,97.7,-289.00,-14.45
,247840875,20/11/2024 17:57,21/11/2024 10:23,XAUUSD,Buy,0.050,0.00000,0.00000,2647.66000,2666.15000,0.0000,0.0000,1849.0,92.45,0.24,"",0,00:16:25:39,98.5,16h 10m,689.0,0.02,2340.0,117.0,-55.0,-2.75,97.7,79.5,-491.00,-24.55
,247052660,19/11/2024 16:12,20/11/2024 17:15,XAUUSD,Buy,0.050,0.00000,0.00000,2630.72000,2647.96000,0.0000,0.0000,1724.0,86.20,0.23,"",0,01:01:03:53,63.8,15h 59m,2038.0,0.41,2382.0,119.10000000000001,-971.0,-48.550000000000004,71.0,80.4,-658.00,-32.90
,242366511,11/11/2024 15:42,20/11/2024 17:15,XAUUSD,Buy,0.050,0.00000,0.00000,2638.99000,2647.94000,0.0000,0.0000,895.0,44.75,0.12,"",0,09:01:33:18,2.8,6h 5m,9550.0,6.14,1555.0,77.75,-9550.0,-477.5,14.0,94.1,-660.00,-33.00
,242362387,11/11/2024 15:40,20/11/2024 17:15,XAUUSD,Buy,0.050,0.00000,0.00000,2640.48000,2647.99000,0.0000,0.0000,751.0,37.55,0.10,"",0,09:01:35:14,2.0,4h 21m,9699.0,6.90,1406.0,70.3,-9699.0,-484.95000000000005,12.7,94.1,-655.00,-32.75
,242320325,11/11/2024 15:05,19/11/2024 17:07,USOUSD,Buy,0.050,0.00000,0.00000,69.02700,69.80200,0.0000,0.0000,77.5,38.75,0.10,"",0,08:02:02:03,,,,,,,,,,,,
,227442804,11/11/2024 16:31,19/11/2024 12:19,XAUUSD,Buy,0.050,0.00000,0.00000,2625.04000,2634.03000,0.0000,0.0000,899.0,44.95,0.12,"",0,07:19:47:09,2.6,4h 52m,8180.0,7.46,1093.0,54.650000000000006,-8155.0,-407.75,11.8,97.9,-194.00,-9.70
,242470928,12/11/2024 09:24,19/11/2024 04:26,XAUUSD,Buy,0.050,0.00000,0.00000,2603.48000,2618.31000,0.0000,0.0000,1483.0,74.15,0.20,"",0,06:19:02:10,19.2,1d 7h ,7211.0,2.80,2144.0,107.2,-5999.0,-299.95,26.3,91.9,-661.00,-33.05
,242217646,11/11/2024 15:50,18/11/2024 21:31,USOUSD,Buy,0.050,0.00000,0.00000,68.59700,69.30900,0.0000,0.0000,71.2,35.60,0.09,"",0,07:05:41:32,,,,,,,,,,,,
,242552157,11/11/2024 18:23,18/11/2024 21:31,USOUSD,Buy,0.050,0.00000,0.00000,68.26200,69.29900,0.0000,0.0000,103.7,51.85,0.14,"",0,07:03:08:02,,,,,,,,,,,,
,242471610,12/11/2024 04:11,18/11/2024 21:31,USOUSD,Buy,0.050,0.00000,0.00000,68.04700,69.31900,0.0000,0.0000,127.2,63.60,0.17,"",0,06:17:20:03,,,,,,,,,,,,
,243904702,13/11/2024 17:00,18/11/2024 21:31,USOUSD,Buy,0.050,0.00000,0.00000,67.04300,69.31900,0.0000,0.0000,227.6,113.80,0.30,"",0,05:04:31:45,,,,,,,,,,,,
,244221471,13/11/2024 21:51,18/11/2024 03:34,XAUUSD,Buy,0.050,0.00000,2595.56000,2581.00000,2595.56000,0.0000,0.0000,1456.0,72.80,0.19,"[tp 2595.56]",0,04:05:42:37,2.5,2h 32m,4141.0,2.68,1546.0,77.30000000000001,-4135.0,-206.75,27.2,98.4,-90.00,-4.50
,244965129,15/11/2024 08:13,18/11/2024 03:04,XAUUSD,Buy,0.050,0.00000,0.00000,2556.50000,2580.02000,0.0000,0.0000,2352.0,117.60,0.31,"",0,02:18:50:31,100.0,2d 18h ,1644.0,0.00,3996.0,199.8,0.0,0.0,100.0,58.9,-1644.00,-82.20
,225027726,16/11/2024 09:43,,,Withdrawal,0.000,0.00000,0.00000,0.00000,0.00000,0.0000,0.0000,0.0,-150.00,0,"Withdraw-TH-CPS",0,00:00:00:00,,,,,,,,,,,,
,243012972,14/11/2024 03:58,14/11/2024 18:20,XAUUSD,Buy,0.050,0.00000,2574.84000,2562.70000,2574.84000,0.0000,0.0000,1214.0,60.70,0.16,"[tp 2574.84]",0,00:14:22:35,27.0,3h 52m,2847.0,1.78,1465.0,73.25,-2604.0,-130.20000000000002,36.0,93.8,-251.00,-12.55
,244604262,14/11/2024 12:09,14/11/2024 18:18,XAUUSD,Buy,0.050,0.00000,2574.51000,2541.02000,2574.51000,0.0000,0.0000,3349.0,167.45,0.45,"[tp 2574.51]",0,00:06:09:39,100.0,6h 9m,967.0,0.00,3633.0,181.65,0.0,0.0,100.0,92.2,-284.00,-14.20
,217140397,19/09/2024 07:33,14/11/2024 11:34,XAUUSD,Sell,0.050,0.00000,0.00000,2562.31000,2548.42000,0.0000,0.0000,1389.0,69.45,0.19,"",0,56:04:00:52,1.2,16h 10m,22474.0,16.18,1389.0,69.45,-22474.0,-1123.7,5.8,100.0,0.00,0.00
,217517567,19/09/2024 16:51,14/11/2024 04:17,XAUUSD,Sell,0.050,0.00000,0.00000,2570.80000,2563.12000,0.0000,0.0000,768.0,38.40,0.10,"",0,55:11:25:55,1.0,13h 18m,21625.0,15.50,1396.0,69.8,-21625.0,-1081.25,6.1,97.3,-628.00,-31.40
,217563480,19/09/2024 17:34,13/11/2024 22:39,XAUUSD,Sell,0.050,0.00000,0.00000,2582.60000,2576.47000,0.0000,0.0000,613.0,30.65,0.08,"",0,55:05:04:42,1.0,13h 15m,20445.0,17.67,1158.0,57.900000000000006,-20445.0,-1022.25,5.4,97.5,-545.00,-27.25
,217623270,19/09/2024 19:08,13/11/2024 21:51,XAUUSD,Sell,0.050,0.00000,0.00000,2589.32000,2581.09000,0.0000,0.0000,823.0,41.15,0.11,"",0,55:02:43:20,1.0,13h 13m,19773.0,10.81,1830.0,91.5,-19773.0,-988.6500000000001,8.5,95.3,-1007.00,-50.35
,243894955,13/11/2024 16:09,13/11/2024 21:51,USOUSD,Buy,0.050,0.00000,0.00000,67.54800,68.37900,0.0000,0.0000,83.1,41.55,0.11,"",0,00:05:42:09,,,,,,,,,,,,
,217793511,20/09/2024 09:27,13/11/2024 21:51,XAUUSD,Sell,0.070,0.00000,0.00000,2599.06000,2581.12000,0.0000,0.0000,1794.0,125.58,0.34,"",0,54:12:24:19,2.5,1d 8h ,18799.0,6.71,2804.0,196.28000000000003,-18799.0,-1315.93,13.0,95.3,-1010.00,-70.70
,243157159,12/11/2024 14:34,12/11/2024 14:43,USOUSD,Sell,0.070,0.00000,0.00000,68.54300,68.66700,0.0000,0.0000,-12.4,-8.68,-0.02,"",0,00:00:09:14,,,,,,,,,,,,
,217820780,20/09/2024 10:01,12/11/2024 11:31,XAUUSD,Sell,0.040,0.00000,0.00000,2605.75000,2593.87000,0.0000,0.0000,1188.0,47.52,0.13,"",0,53:01:30:01,1.0,12h 44m,18130.0,15.27,1188.0,47.52,-18130.0,-725.2,6.1,100.0,0.00,0.00
,227563756,11/10/2024 03:26,11/11/2024 16:32,XAUUSD,Sell,0.050,0.00000,2624.22000,2633.24000,2624.22000,0.0000,0.0000,902.0,45.10,0.12,"[tp 2624.22]",0,31:13:05:08,0.6,4h 32m,15554.0,8.33,1869.0,93.45,-15554.0,-777.7,10.7,94.4,-967.00,-48.35
,226591513,11/10/2024 05:33,11/11/2024 16:02,XAUUSD,Sell,0.050,0.00000,0.00000,2641.79000,2631.82000,0.0000,0.0000,997.0,49.85,0.13,"",0,31:10:28:12,1.1,8h 17m,15085.0,5.40,2724.0,136.20000000000002,-14699.0,-734.95,15.6,90.1,-1727.00,-86.35
,229006570,15/10/2024 10:54,11/11/2024 15:40,XAUUSD,Sell,0.050,0.00000,0.00000,2650.77000,2639.82000,0.0000,0.0000,1095.0,54.75,0.15,"",0,27:04:45:54,1.1,7h 10m,14040.0,3.81,3622.0,181.10000000000002,-13801.0,-690.0500000000001,20.8,85.5,-2527.00,-126.35
,242075343,11/11/2024 07:58,11/11/2024 15:31,XAUUSD,Sell,0.050,0.00000,0.00000,2668.76000,2652.08000,0.0000,0.0000,1668.0,83.40,0.23,"",0,00:07:32:30,77.0,5h 48m,3552.0,0.09,5220.0,261.0,-478.0,-23.900000000000002,91.6,37.7,-3552.00,-177.60
,240542554,07/11/2024 15:13,11/11/2024 07:48,XAUUSD,Sell,0.050,0.00000,0.00000,2677.99000,2670.89000,0.0000,0.0000,710.0,35.50,0.10,"",0,03:16:34:37,7.7,6h 49m,3173.0,3.20,992.0,49.6,-3173.0,-158.65,23.8,93.2,-282.00,-14.10
,221228850,11/11/2024 02:00,,,Deposit,0.000,0.00000,0.00000,0.00000,0.00000,0.0000,0.0000,0.0,33.80,0,"Cash Promo - Funds Growth",0,00:00:00:00,,,,,,,,,,,,
,240657674,07/11/2024 22:08,08/11/2024 09:27,XAUUSD,Sell,0.050,0.00000,2680.57000,2700.54000,2680.57000,0.0000,0.0000,1997.0,99.85,0.27,"[tp 2680.57]",0,00:11:19:48,69.9,7h 55m,918.0,0.46,1997.0,99.85000000000001,-918.0,-45.900000000000006,68.5,100.0,0.00,0.00
,239733700,06/11/2024 14:24,08/11/2024 02:29,XAUUSD,Buy,0.050,0.00000,0.00000,2700.90000,2709.02000,0.0000,0.0000,812.0,40.60,0.11,"",0,01:12:04:49,15.5,5h 35m,5292.0,6.00,882.0,44.1,-5292.0,-264.6,14.3,98.9,-70.00,-3.50
,240618244,07/11/2024 16:22,07/11/2024 19:10,USOUSD,Buy,0.050,0.00000,72.32400,71.03600,72.32200,0.0000,0.0000,128.6,64.30,0.18,"[tp 72.324]",0,00:02:48:46,,,,,,,,,,,,
,239801573,06/11/2024 15:08,07/11/2024 17:21,XAUUSD,Buy,0.050,0.00000,0.00000,2686.54000,2697.43000,0.0000,0.0000,1089.0,54.45,0.15,"",0,01:02:12:55,12.4,3h 15m,3856.0,3.01,1281.0,64.05,-3856.0,-192.8,24.9,96.3,-192.00,-9.60
,239819191,06/11/2024 15:17,07/11/2024 16:43,XAUUSD,Buy,0.050,0.00000,0.00000,2681.07000,2691.18000,0.0000,0.0000,1011.0,50.55,0.14,"",0,01:01:25:43,13.5,3h 25m,3309.0,1.81,1825.0,91.25,-3309.0,-165.45000000000002,35.5,84.1,-814.00,-40.70
,240418409,07/11/2024 13:23,07/11/2024 15:14,USOUSD,Buy,0.050,0.00000,0.00000,71.05100,71.61700,0.0000,0.0000,56.6,28.30,0.08,"",0,00:01:51:00,,,,,,,,,,,,
,239860123,06/11/2024 15:39,07/11/2024 15:13,XAUUSD,Buy,0.050,0.00000,0.00000,2660.47000,2677.70000,0.0000,0.0000,1723.0,86.15,0.24,"",0,00:23:34:01,64.4,15h 10m,2687.0,0.35,3596.0,179.8,-1249.0,-62.45,74.2,61.3,-1873.00,-93.65
,239436226,06/11/2024 16:31,07/11/2024 15:13,XAUUSD,Buy,0.050,0.00000,0.00000,2656.72000,2677.92000,0.0000,0.0000,2120.0,106.00,0.29,"",0,00:22:41:23,86.4,19h 36m,2075.0,0.22,3971.0,198.55,-874.0,-43.7,82.0,61.8,-1851.00,-92.55
,230141965,06/11/2024 16:33,07/11/2024 15:13,XAUUSD,Buy,0.050,0.00000,0.00000,2655.91000,2677.74000,0.0000,0.0000,2183.0,109.15,0.30,"",0,00:22:40:00,90.5,20h 30m,2075.0,0.20,4052.0,202.60000000000002,-793.0,-39.650000000000006,83.6,61.4,-1869.00,-93.45
,240217676,07/11/2024 03:36,07/11/2024 15:13,XAUUSD,Buy,0.050,0.00000,0.00000,2647.40000,2677.38000,0.0000,0.0000,2998.0,149.90,0.42,"",0,00:11:37:14,100.0,11h 37m,1905.0,0.00,4903.0,245.15,0.0,0.0,100.0,61.1,-1905.00,-95.25
,239995190,06/11/2024 17:30,07/11/2024 13:28,USOUSD,Sell,0.050,0.00000,0.00000,71.79100,71.08600,0.0000,0.0000,70.5,35.25,0.10,"",0,00:19:57:16,,,,,,,,,,,,
,239380223,06/11/2024 07:49,06/11/2024 17:23,USOUSD,Buy,0.050,0.00000,0.00000,71.14500,72.14600,0.0000,0.0000,100.1,50.05,0.14,"",0,00:09:33:58,,,,,,,,,,,,
,239809337,06/11/2024 15:12,06/11/2024 17:23,USOUSD,Buy,0.050,0.00000,0.00000,70.21000,72.12100,0.0000,0.0000,191.1,95.55,0.27,"",0,00:02:11:01,,,,,,,,,,,,
,229562976,16/10/2024 05:24,06/11/2024 15:39,XAUUSD,Sell,0.050,0.00000,0.00000,2667.60000,2660.29000,0.0000,0.0000,731.0,36.55,0.10,"",0,21:10:14:55,0.4,2h 3m,12131.0,13.85,877.0,43.85,-12131.0,-606.5500000000001,6.7,98.9,-146.00,-7.30
,229630560,16/10/2024 09:28,06/11/2024 15:39,XAUUSD,Sell,0.050,0.00000,0.00000,2676.31000,2660.29000,0.0000,0.0000,1602.0,80.10,0.22,"",0,21:06:10:32,2.9,14h 47m,12082.0,6.44,1748.0,87.4,-11260.0,-563.0,13.4,98.9,-146.00,-7.30
,230584417,17/10/2024 17:39,06/11/2024 15:08,XAUUSD,Sell,0.050,0.00000,0.00000,2694.82000,2686.60000,0.0000,0.0000,822.0,41.10,0.12,"",0,19:21:29:03,2.0,9h 32m,9934.0,2.61,3599.0,179.95000000000002,-9409.0,-470.45000000000005,27.7,78.7,-2777.00,-138.85
,239497649,06/11/2024 09:24,06/11/2024 13:25,XAUUSD,Sell,0.050,0.00000,0.00000,2724.42000,2715.45000,0.0000,0.0000,897.0,44.85,0.13,"",0,00:04:00:51,85.1,3h 24m,3624.0,0.05,4521.0,226.05,-234.0,-11.700000000000001,95.1,23.8,-3624.00,-181.20
,239482185,06/11/2024 09:14,06/11/2024 10:24,XAUUSD,Buy,0.050,0.00000,0.00000,2722.32000,2731.74000,0.0000,0.0000,942.0,47.10,0.13,"",0,00:01:09:12,58.6,40m,936.0,0.61,942.0,47.1,-577.0,-28.85,62.0,100.0,0.00,0.00
,239414219,06/11/2024 08:29,06/11/2024 09:14,XAUUSD,Buy,0.050,0.00000,0.00000,2716.26000,2722.03000,0.0000,0.0000,577.0,28.85,0.08,"",0,00:00:44:57,100.0,44m,830.0,0.00,1407.0,70.35000000000001,0.0,0.0,100.0,41.0,-830.00,-41.50
,239423808,06/11/2024 08:34,06/11/2024 09:14,XAUUSD,Buy,0.050,0.00000,0.00000,2714.54000,2721.95000,0.0000,0.0000,741.0,37.05,0.10,"",0,00:00:40:27,100.0,40m,774.0,0.00,1515.0,75.75,0.0,0.0,100.0,48.9,-774.00,-38.70
,237144535,06/11/2024 08:34,06/11/2024 09:14,XAUUSD,Buy,0.050,0.00000,0.00000,2711.35000,2721.94000,0.0000,0.0000,1059.0,52.95,0.15,"",0,00:00:40:03,100.0,40m,775.0,0.00,1834.0,91.7,0.0,0.0,100.0,57.7,-775.00,-38.75
,239434194,06/11/2024 08:38,06/11/2024 09:10,XAUUSD,Buy,0.050,0.00000,0.00000,2703.71000,2716.62000,0.0000,0.0000,1291.0,64.55,0.18,"",0,00:00:32:44,100.0,32m,1175.0,0.00,2466.0,123.30000000000001,0.0,0.0,100.0,52.4,-1175.00,-58.75
,229445098,18/10/2024 05:31,06/11/2024 08:38,XAUUSD,Sell,0.050,0.00000,0.00000,2711.02000,2702.42000,0.0000,0.0000,860.0,43.00,0.12,"",0,19:03:06:51,1.2,5h 30m,8661.0,8.94,872.0,43.6,-7789.0,-389.45000000000005,10.1,99.9,-12.00,-0.60
,234208660,25/10/2024 14:30,06/11/2024 08:29,XAUUSD,Sell,0.050,0.00000,0.00000,2725.63000,2716.98000,0.0000,0.0000,865.0,43.25,0.12,"",0,11:17:59:10,0.8,2h 15m,6328.0,3.44,1840.0,92.0,-6328.0,-316.40000000000003,22.5,88.1,-975.00,-48.75
,238950356,05/11/2024 16:37,06/11/2024 03:38,USOUSD,Sell,0.050,0.00000,0.00000,72.52600,71.92600,0.0000,0.0000,60.0,30.00,0.08,"",0,00:11:01:03,,,,,,,,,,,,
,238796039,05/11/2024 11:21,05/11/2024 15:08,XAUUSD,Sell,0.050,0.00000,0.00000,2743.90000,2737.37000,0.0000,0.0000,653.0,32.65,0.09,"",0,00:03:47:47,68.9,2h 36m,1194.0,0.69,705.0,35.25,-489.0,-24.450000000000003,59.0,95.6,-52.00,-2.60
,238241927,04/11/2024 10:53,05/11/2024 11:39,USOUSD,Buy,0.050,0.00000,0.00000,71.45500,72.14600,0.0000,0.0000,69.1,34.55,0.10,"",0,01:00:45:24,,,,,,,,,,,,
,238375123,04/11/2024 15:23,05/11/2024 11:19,XAUUSD,Buy,0.050,0.00000,0.00000,2740.25000,2743.95000,0.0000,0.0000,370.0,18.50,0.05,"",0,00:19:55:11,8.8,1h 45m,1517.0,3.08,454.0,22.700000000000003,-1399.0,-69.95,24.5,95.5,-84.00,-4.20
,234759650,05/11/2024 04:35,05/11/2024 10:59,XAUUSD,Buy,0.050,0.00000,0.00000,2728.55000,2742.34000,0.0000,0.0000,1379.0,68.95,0.20,"",0,00:06:24:15,100.0,6h 24m,859.0,0.00,1624.0,81.2,0.0,0.0,100.0,84.9,-245.00,-12.25
,234349099,25/10/2024 17:16,05/11/2024 04:35,XAUUSD,Sell,0.050,0.00000,2728.74000,2736.29000,2728.74000,0.0000,0.0000,755.0,37.75,0.11,"[tp 2728.74]",0,10:11:18:57,27.7,2d 21h ,6151.0,5.92,889.0,44.45,-5262.0,-263.1,14.5,97.8,-134.00,-6.70
,237671802,01/11/2024 17:34,04/11/2024 10:53,USOUSD,Buy,0.050,0.00000,0.00000,70.51400,71.42600,0.0000,0.0000,91.2,45.60,0.13,"",0,02:17:19:38,,,,,,,,,,,,
,237765776,01/11/2024 19:43,04/11/2024 10:53,USOUSD,Buy,0.050,0.00000,0.00000,70.11400,71.41600,0.0000,0.0000,130.2,65.10,0.19,"",0,02:15:10:22,,,,,,,,,,,,
,237377408,01/11/2024 09:34,01/11/2024 17:38,XAUUSD,Sell,0.050,0.00000,0.00000,2753.38000,2746.33000,0.0000,0.0000,705.0,35.25,0.10,"",0,00:08:04:25,75.9,6h 7m,1619.0,0.45,1691.0,84.55000000000001,-767.0,-38.35,68.8,59.9,-986.00,-49.30
,237425273,01/11/2024 11:37,01/11/2024 17:34,USOUSD,Sell,0.050,0.00000,0.00000,71.60500,70.50400,0.0000,0.0000,110.1,55.05,0.16,"",0,00:05:56:50,,,,,,,,,,,,
,237290800,01/11/2024 02:50,01/11/2024 11:30,USOUSD,Buy,0.050,0.00000,0.00000,70.93900,71.53500,0.0000,0.0000,59.6,29.80,0.09,"",0,00:08:40:16,,,,,,,,,,,,
,237049594,31/10/2024 17:27,01/11/2024 09:17,XAUUSD,Buy,0.050,0.00000,0.00000,2750.85000,2755.10000,0.0000,0.0000,425.0,21.25,0.06,"",0,00:15:49:52,30.6,4h 50m,1180.0,1.93,610.0,30.5,-1180.0,-59.0,34.1,89.7,-185.00,-9.25
,236962466,31/10/2024 17:34,01/11/2024 09:17,XAUUSD,Buy,0.050,0.00000,0.00000,2745.98000,2755.09000,0.0000,0.0000,911.0,45.55,0.13,"",0,00:15:42:46,78.4,12h 19m,949.0,0.63,1097.0,54.85,-693.0,-34.65,61.3,89.6,-186.00,-9.30
,237116476,31/10/2024 18:08,31/10/2024 22:12,USOUSD,Buy,0.050,0.00000,70.95800,69.94400,70.95500,0.0000,0.0000,101.1,50.55,0.15,"[tp 70.958]",0,00:04:04:13,,,,,,,,,,,,
,236613372,31/10/2024 06:42,31/10/2024 18:08,USOUSD,Buy,0.050,0.00000,0.00000,69.28400,69.91500,0.0000,0.0000,63.1,31.55,0.09,"",0,00:11:26:21,,,,,,,,,,,,
,235521809,29/10/2024 15:48,31/10/2024 17:36,XAUUSD,Sell,0.050,0.00000,0.00000,2752.20000,2747.51000,0.0000,0.0000,469.0,23.45,0.07,"",0,02:01:48:56,7.1,3h 32m,3757.0,1.96,1913.0,95.65,-3757.0,-187.85000000000002,33.7,74.5,-1444.00,-72.20
,235761470,30/10/2024 01:25,31/10/2024 16:46,XAUUSD,Sell,0.050,0.00000,0.00000,2774.99000,2762.41000,0.0000,0.0000,1258.0,62.90,0.18,"",0,01:15:21:00,12.1,4h 45m,2934.0,0.35,4192.0,209.60000000000002,-1478.0,-73.9,73.9,48.3,-2934.00,-146.70
,234864299,28/10/2024 12:50,31/10/2024 06:42,USOUSD,Buy,0.050,0.00000,0.00000,67.64300,69.25500,0.0000,0.0000,161.2,80.60,0.23,"",0,02:17:51:52,,,,,,,,,,,,
,234843918,28/10/2024 12:14,31/10/2024 06:42,USOUSD,Buy,0.050,0.00000,0.00000,68.15800,69.25500,0.0000,0.0000,109.7,54.85,0.16,"",0,02:18:27:41,,,,,,,,,,,,
,234233644,28/10/2024 01:00,31/10/2024 06:42,USOUSD,Buy,0.050,0.00000,0.00000,68.74800,69.25500,0.0000,0.0000,50.7,25.35,0.07,"",0,03:05:41:58,,,,,,,,,,,,
,234678280,28/10/2024 04:29,31/10/2024 06:42,USOUSD,Buy,0.050,0.00000,0.00000,68.90800,69.25500,0.0000,0.0000,34.7,17.35,0.05,"",0,03:02:13:16,,,,,,,,,,,,
,232896127,29/10/2024 17:18,29/10/2024 18:26,XAUUSD,Sell,0.050,0.00000,0.00000,2769.57000,2761.09000,0.0000,0.0000,848.0,42.40,0.12,"",0,00:01:08:35,71.5,49m,414.0,0.33,848.0,42.400000000000006,-282.0,-14.100000000000001,75.0,100.0,0.00,0.00
,214969650,29/10/2024 17:23,,,Deposit,0.000,0.00000,0.00000,0.00000,0.00000,0.0000,0.0000,0.0,1500.00,0,"Deposit-TH-Banking-CPS-APP",0,00:00:00:00,,,,,,,,,,,,
,235009255,28/10/2024 17:01,29/10/2024 04:54,XAUUSD,Buy,0.050,0.00000,0.00000,2741.03000,2751.69000,0.0000,0.0000,1066.0,53.30,0.16,"",0,00:11:53:29,92.3,10h 58m,753.0,0.07,1586.0,79.30000000000001,-110.0,-5.5,93.5,69.3,-520.00,-26.00
,234758055,28/10/2024 09:37,28/10/2024 09:41,XAUUSD,Buy,0.050,0.00000,0.00000,2742.81000,2744.01000,0.0000,0.0000,120.0,6.00,0.02,"",0,00:00:04:18,25.0,1m,1113.0,9.28,120.0,6.0,-1113.0,-55.650000000000006,9.7,100.0,0.00,0.00
,234756971,28/10/2024 09:33,28/10/2024 09:34,XAUUSD,Buy,0.050,0.00000,0.00000,2741.06000,2741.50000,0.0000,0.0000,44.0,2.20,0.01,"",0,00:00:00:17,,,,,,,,,,,,
,234657720,28/10/2024 03:32,28/10/2024 09:33,XAUUSD,Buy,0.050,0.00000,0.00000,2736.25000,2740.63000,0.0000,0.0000,438.0,21.90,0.07,"",0,00:06:00:59,47.1,2h 50m,1522.0,0.86,818.0,40.900000000000006,-704.0,-35.2,53.7,75.0,-380.00,-19.00
,233126207,23/10/2024 16:24,28/10/2024 09:33,XAUUSD,Buy,0.050,0.00000,0.00000,2736.62000,2740.81000,0.0000,0.0000,419.0,20.95,0.06,"",0,04:17:09:35,56.8,2d 16h ,2473.0,1.99,1159.0,57.95,-2306.0,-115.30000000000001,33.4,78.6,-740.00,-37.00
,234398939,25/10/2024 23:51,28/10/2024 04:08,XAUUSD,Sell,0.050,0.00000,0.00000,2747.48000,2730.25000,0.0000,0.0000,1723.0,86.15,0.27,"",0,02:04:16:26,12.0,6h 16m,908.0,0.03,2170.0,108.5,-73.0,-3.6500000000000004,96.7,80.1,-447.00,-22.35
,234397496,25/10/2024 18:31,28/10/2024 02:44,USOUSD,Sell,0.050,0.00000,0.00000,72.15300,69.17800,0.0000,0.0000,297.5,148.75,0.46,"",0,02:08:13:17,,,,,,,,,,,,
,233662389,24/10/2024 14:51,25/10/2024 18:31,USOUSD,Buy,0.050,0.00000,0.00000,71.55100,72.17300,0.0000,0.0000,62.2,31.10,0.10,"",0,01:03:39:25,,,,,,,,,,,,
,234208396,25/10/2024 14:30,25/10/2024 17:16,XAUUSD,Buy,0.050,0.00000,0.00000,2725.79000,2736.28000,0.0000,0.0000,1049.0,52.45,0.16,"",0,00:02:46:05,100.0,2h 46m,779.0,0.00,1608.0,80.4,0.0,0.0,100.0,65.2,-559.00,-27.95
,232974247,24/10/2024 17:52,25/10/2024 15:00,USOUSD,Buy,0.050,0.00000,0.00000,70.57100,71.22300,0.0000,0.0000,65.2,32.60,0.10,"",0,00:21:08:42,,,,,,,,,,,,
,213541895,25/10/2024 14:39,,,Withdrawal,0.000,0.00000,0.00000,0.00000,0.00000,0.0000,0.0000,0.0,-1000.00,0,"Withdraw-TH-CPS",0,00:00:00:00,,,,,,,,,,,,
,233544276,25/10/2024 12:05,25/10/2024 14:30,XAUUSD,Buy,0.050,0.00000,0.00000,2717.85000,2725.51000,0.0000,0.0000,766.0,38.30,0.12,"",0,00:02:24:12,100.0,2h 24m,1291.0,0.00,2057.0,102.85000000000001,0.0,0.0,100.0,37.2,-1291.00,-64.55
,233464897,24/10/2024 04:31,25/10/2024 12:17,XAUUSD,Sell,0.050,0.00000,0.00000,2726.63000,2719.74000,0.0000,0.0000,689.0,34.45,0.10,"",0,01:07:45:28,20.3,6h 26m,1705.0,1.74,929.0,46.45,-1612.0,-80.60000000000001,36.6,90.6,-240.00,-12.00
,233351954,24/10/2024 09:40,25/10/2024 12:17,XAUUSD,Sell,0.050,0.00000,0.00000,2736.08000,2719.74000,0.0000,0.0000,1634.0,81.70,0.25,"",0,01:02:36:41,82.2,21h 52m,1396.0,0.36,1874.0,93.7,-667.0,-33.35,73.8,90.6,-240.00,-12.00
,233202501,23/10/2024 17:13,24/10/2024 09:40,XAUUSD,Buy,0.050,0.00000,2735.84000,2726.95000,2736.10000,0.0000,0.0000,915.0,45.75,0.14,"[tp 2735.84]",0,00:16:26:32,28.3,4h 39m,1368.0,1.21,1134.0,56.7,-1368.0,-68.4,45.3,91.2,-219.00,-10.95
,232846893,23/10/2024 09:48,24/10/2024 05:30,USOUSD,Buy,0.050,0.00000,0.00000,71.77100,72.23200,0.0000,0.0000,46.1,23.05,0.07,"",0,00:19:42:10,,,,,,,,,,,,
,233239377,23/10/2024 17:38,24/10/2024 04:31,XAUUSD,Buy,0.050,0.00000,0.00000,2719.43000,2726.34000,0.0000,0.0000,691.0,34.55,0.11,"",0,00:10:52:56,44.3,4h 49m,616.0,0.89,691.0,34.550000000000004,-616.0,-30.8,52.9,100.0,0.00,0.00
,233229380,23/10/2024 17:33,24/10/2024 04:30,USOUSD,Buy,0.050,0.00000,0.00000,71.32100,72.03300,0.0000,0.0000,71.2,35.60,0.11,"",0,00:10:57:01,,,,,,,,,,,,
,233296343,23/10/2024 18:22,24/10/2024 04:30,USOUSD,Buy,0.050,0.00000,0.00000,71.05600,72.03300,0.0000,0.0000,97.7,48.85,0.15,"",0,00:10:08:44,,,,,,,,,,,,
,233155238,23/10/2024 18:13,24/10/2024 04:30,XAUUSD,Buy,0.050,0.00000,0.00000,2711.87000,2726.26000,0.0000,0.0000,1439.0,71.95,0.22,"",0,00:10:17:19,100.0,10h 17m,550.0,0.00,1442.0,72.10000000000001,0.0,0.0,100.0,99.8,-3.00,-0.15
,231282061,21/10/2024 03:35,23/10/2024 17:39,XAUUSD,Sell,0.050,0.00000,0.00000,2725.29000,2719.00000,0.0000,0.0000,629.0,31.45,0.10,"",0,02:14:03:57,22.5,13h 57m,4321.0,2.24,1453.0,72.65,-3250.0,-162.5,30.9,82.5,-824.00,-41.20
,231770046,21/10/2024 14:12,23/10/2024 17:13,XAUUSD,Sell,0.050,0.00000,0.00000,2735.24000,2727.00000,0.0000,0.0000,824.0,41.20,0.13,"",0,02:03:00:49,45.8,23h 21m,4321.0,0.92,2448.0,122.4,-2255.0,-112.75,52.1,65.5,-1624.00,-81.20
,232526100,22/10/2024 16:59,23/10/2024 17:13,XAUUSD,Sell,0.050,0.00000,0.00000,2737.94000,2727.31000,0.0000,0.0000,1063.0,53.15,0.16,"",0,01:00:14:23,16.2,3h 55m,1985.0,0.73,2718.0,135.9,-1985.0,-99.25,57.8,64.8,-1655.00,-82.75
,231690195,23/10/2024 07:33,23/10/2024 16:10,XAUUSD,Sell,0.050,0.00000,0.00000,2750.22000,2740.11000,0.0000,0.0000,1011.0,50.55,0.16,"",0,00:08:37:04,52.9,4h 33m,3036.0,0.19,4047.0,202.35000000000002,-773.0,-38.650000000000006,84.0,37.0,-3036.00,-151.80
,232524714,23/10/2024 13:26,23/10/2024 16:10,USOUSD,Buy,0.050,0.00000,0.00000,70.91100,71.49200,0.0000,0.0000,58.1,29.05,0.09,"",0,00:02:43:30,,,,,,,,,,,,
,232523206,22/10/2024 16:56,22/10/2024 19:20,USOUSD,Buy,0.050,0.00000,0.00000,72.08100,72.47200,0.0000,0.0000,39.1,19.55,0.06,"",0,00:02:24:28,,,,,,,,,,,,
,232557576,22/10/2024 17:25,22/10/2024 18:41,USOUSD,Buy,0.050,0.00000,0.00000,71.56100,72.18200,0.0000,0.0000,62.1,31.05,0.10,"",0,00:01:16:03,,,,,,,,,,,,
,227428150,15/10/2024 01:00,22/10/2024 16:56,USOUSD,Buy,0.050,0.00000,0.00000,71.65100,72.27200,0.0000,0.0000,62.1,31.05,0.10,"13b7f55c6576aa7b",0,07:15:55:55,,,,,,,,,,,,
,228920331,15/10/2024 08:27,22/10/2024 16:56,USOUSD,Buy,0.050,0.00000,0.00000,71.11600,72.21200,0.0000,0.0000,109.6,54.80,0.17,"",0,07:08:28:09,,,,,,,,,,,,
,223840421,15/10/2024 11:04,22/10/2024 16:55,USOUSD,Buy,0.050,0.00000,0.00000,70.63100,72.13200,0.0000,0.0000,150.1,75.05,0.23,"",0,07:05:51:16,,,,,,,,,,,,
,222575876,15/10/2024 13:00,22/10/2024 16:55,USOUSD,Buy,0.050,0.00000,71.96400,69.88100,71.99200,0.0000,0.0000,211.1,105.55,0.33,"[tp 71.964]",0,07:03:55:07,,,,,,,,,,,,
,231193641,18/10/2024 18:01,22/10/2024 16:55,USOUSD,Buy,0.050,0.00000,71.93900,69.03900,71.93700,0.0000,0.0000,289.8,144.90,0.45,"[tp 71.939]",0,03:22:53:43,,,,,,,,,,,,
,229780550,16/10/2024 14:07,22/10/2024 16:55,USOUSD,Buy,0.050,0.00000,71.91400,70.28700,71.93200,0.0000,0.0000,164.5,82.25,0.26,"[tp 71.914]",0,06:02:47:18,,,,,,,,,,,,
,229051110,15/10/2024 12:21,22/10/2024 16:55,USOUSD,Buy,0.050,0.00000,71.88900,70.52100,71.93200,0.0000,0.0000,141.1,70.55,0.22,"[tp 71.889]",0,07:04:33:29,,,,,,,,,,,,
,210850501,21/10/2024 02:00,,,Deposit,0.000,0.00000,0.00000,0.00000,0.00000,0.0000,0.0000,0.0,26.58,0,"Cash Promo - Funds Growth",0,00:00:00:00,,,,,,,,,,,,
,230348832,17/10/2024 13:58,17/10/2024 17:39,XAUUSD,Buy,0.050,0.00000,0.00000,2687.94000,2694.64000,0.0000,0.0000,670.0,33.50,0.11,"",0,00:03:40:35,93.2,3h 25m,1080.0,0.28,844.0,42.2,-236.0,-11.8,78.1,83.9,-174.00,-8.70
,230401436,17/10/2024 15:24,17/10/2024 17:38,XAUUSD,Buy,0.050,0.00000,0.00000,2679.66000,2694.47000,0.0000,0.0000,1481.0,74.05,0.23,"",0,00:02:14:13,100.0,2h 14m,1032.0,0.00,1624.0,81.2,0.0,0.0,100.0,91.2,-143.00,-7.15
,230143945,17/10/2024 04:54,17/10/2024 13:39,XAUUSD,Buy,0.050,0.00000,0.00000,2682.29000,2686.52000,0.0000,0.0000,423.0,21.15,0.07,"",0,00:08:44:49,42.0,3h 40m,1385.0,1.29,605.0,30.25,-780.0,-39.0,43.7,86.9,-182.00,-9.10
,229978211,16/10/2024 17:46,17/10/2024 04:48,XAUUSD,Buy,0.050,0.00000,0.00000,2674.90000,2680.77000,0.0000,0.0000,587.0,29.35,0.09,"",0,00:11:01:37,53.1,5h 51m,857.0,0.39,924.0,46.2,-358.0,-17.900000000000002,72.1,73.7,-337.00,-16.85
,229631658,16/10/2024 09:29,16/10/2024 16:45,XAUUSD,Buy,0.050,0.00000,0.00000,2677.87000,2681.26000,0.0000,0.0000,339.0,16.95,0.05,"",0,00:07:16:26,46.6,3h 23m,1728.0,1.64,655.0,32.75,-1073.0,-53.650000000000006,37.9,81.7,-316.00,-15.80
,229563140,16/10/2024 05:25,16/10/2024 09:28,XAUUSD,Buy,0.050,0.00000,0.00000,2667.37000,2676.28000,0.0000,0.0000,891.0,44.55,0.14,"",0,00:04:03:20,96.3,3h 54m,496.0,0.06,1387.0,69.35000000000001,-84.0,-4.2,94.3,66.3,-496.00,-24.80
,229447039,15/10/2024 20:25,16/10/2024 05:23,XAUUSD,Buy,0.050,0.00000,0.00000,2661.98000,2667.31000,0.0000,0.0000,533.0,26.65,0.08,"",0,00:08:57:48,72.0,6h 27m,412.0,0.44,721.0,36.050000000000004,-320.0,-16.0,69.3,81.9,-188.00,-9.40
,229401359,15/10/2024 19:10,15/10/2024 20:14,XAUUSD,Sell,0.050,0.00000,0.00000,2667.65000,2659.78000,0.0000,0.0000,787.0,39.35,0.12,"",0,00:01:04:25,100.0,1h 4m,259.0,0.00,792.0,39.6,0.0,0.0,100.0,99.4,-5.00,-0.25
,228859798,15/10/2024 04:38,15/10/2024 19:10,XAUUSD,Buy,0.050,0.00000,0.00000,2651.38000,2666.83000,0.0000,0.0000,1545.0,77.25,0.25,"",0,00:14:31:42,66.9,9h 43m,1283.0,0.76,1697.0,84.85000000000001,-1283.0,-64.15,56.9,94.9,-152.00,-7.60
,228596182,15/10/2024 08:14,15/10/2024 10:54,XAUUSD,Buy,0.050,0.00000,0.00000,2641.63000,2650.80000,0.0000,0.0000,917.0,45.85,0.15,"",0,00:02:40:14,100.0,2h 40m,510.0,0.00,1427.0,71.35000000000001,0.0,0.0,100.0,64.3,-510.00,-25.50
,228267171,14/10/2024 02:48,15/10/2024 08:02,XAUUSD,Sell,0.050,0.00000,0.00000,2648.55000,2642.70000,0.0000,0.0000,585.0,29.25,0.09,"[tp 2642.62]",0,01:05:13:35,28.3,8h 16m,1753.0,1.75,1000.0,50.0,-1753.0,-87.65,36.3,84.9,-415.00,-20.75
,228557762,14/10/2024 15:24,14/10/2024 18:35,USOUSD,Sell,0.050,0.00000,0.00000,74.17500,73.83400,0.0000,0.0000,34.1,17.05,0.05,"",0,00:03:11:30,,,,,,,,,,,,
,228297673,14/10/2024 04:59,14/10/2024 18:35,USOUSD,Sell,0.050,0.00000,0.00000,74.55000,73.86400,0.0000,0.0000,68.6,34.30,0.11,"",0,00:13:35:30,,,,,,,,,,,,
,228657076,14/10/2024 17:02,14/10/2024 18:35,USOUSD,Sell,0.050,0.00000,0.00000,74.71500,73.83400,0.0000,0.0000,88.1,44.05,0.14,"",0,00:01:33:26,,,,,,,,,,,,
,228312791,14/10/2024 05:49,14/10/2024 17:49,XAUUSD,Sell,0.050,0.00000,0.00000,2652.58000,2648.09000,0.0000,0.0000,449.0,22.45,0.07,"",0,00:12:00:14,41.7,5h 0m,1350.0,1.97,685.0,34.25,-1350.0,-67.5,33.7,88.4,-236.00,-11.80
,228657424,14/10/2024 17:02,14/10/2024 17:49,XAUUSD,Sell,0.050,0.00000,0.00000,2655.00000,2648.14000,0.0000,0.0000,686.0,34.30,0.11,"",0,00:00:47:17,100.0,47m,162.0,0.00,757.0,37.85,0.0,0.0,100.0,90.6,-71.00,-3.55
,228323338,14/10/2024 06:15,14/10/2024 17:49,XAUUSD,Sell,0.050,0.00000,0.00000,2655.66000,2647.50000,0.0000,0.0000,816.0,40.80,0.13,"",0,00:11:34:09,57.3,6h 37m,1064.0,1.05,993.0,49.650000000000006,-1042.0,-52.1,48.8,91.3,-177.00,-8.85
,228352242,14/10/2024 08:16,14/10/2024 17:49,XAUUSD,Sell,0.050,0.00000,0.00000,2660.30000,2647.13000,0.0000,0.0000,1317.0,65.85,0.21,"",0,00:09:32:26,96.5,9h 12m,1064.0,0.15,1457.0,72.85000000000001,-219.0,-10.950000000000001,86.9,91.6,-140.00,-7.00
,228264339,14/10/2024 02:30,14/10/2024 17:02,USOUSD,Buy,0.050,0.00000,0.00000,74.33900,74.72000,0.0000,0.0000,38.1,19.05,0.06,"",0,00:14:32:01,,,,,,,,,,,,
,228634480,14/10/2024 16:46,14/10/2024 17:01,XAUUSD,Sell,0.050,0.00000,0.00000,2659.29000,2655.60000,0.0000,0.0000,369.0,18.45,0.06,"",0,00:00:15:10,100.0,15m,773.0,0.00,1142.0,57.1,0.0,0.0,100.0,32.3,-773.00,-38.65
,227909798,11/10/2024 16:42,14/10/2024 02:29,XAUUSD,Sell,0.050,0.00000,0.00000,2651.98000,2649.87000,0.0000,0.0000,211.0,10.55,0.03,"",0,02:09:47:42,7.8,4h 30m,908.0,1.08,842.0,42.1,-908.0,-45.400000000000006,48.1,63.9,-631.00,-31.55
,227823953,11/10/2024 17:33,14/10/2024 02:29,XAUUSD,Sell,0.050,0.00000,0.00000,2654.29000,2649.86000,0.0000,0.0000,443.0,22.15,0.07,"",0,02:08:55:59,8.0,4h 33m,675.0,0.54,1073.0,53.650000000000006,-574.0,-28.700000000000003,65.1,61.7,-630.00,-31.50
,228013113,11/10/2024 18:43,14/10/2024 02:29,XAUUSD,Sell,0.050,0.00000,0.00000,2659.02000,2649.84000,0.0000,0.0000,918.0,45.90,0.15,"",0,02:07:46:51,100.0,2d 7h ,675.0,0.00,1546.0,77.30000000000001,0.0,0.0,100.0,59.4,-628.00,-31.40
,227980418,11/10/2024 17:59,14/10/2024 02:29,USOUSD,Sell,0.050,0.00000,0.00000,76.18800,74.36900,0.0000,0.0000,181.9,90.95,0.29,"",0,02:08:30:19,,,,,,,,,,,,
,207657437,14/10/2024 02:00,,,Deposit,0.000,0.00000,0.00000,0.00000,0.00000,0.0000,0.0000,0.0,42.85,0,"Cash Promo - Funds Growth",0,00:00:00:00,,,,,,,,,,,,
,227428030,11/10/2024 09:27,11/10/2024 17:59,USOUSD,Buy,0.050,0.00000,0.00000,75.47100,76.18300,0.0000,0.0000,71.2,35.60,0.12,"13b7f55c6576aa7b",0,00:08:31:11,,,,,,,,,,,,
,227854608,11/10/2024 15:50,11/10/2024 16:20,XAUUSD,Buy,0.050,0.00000,0.00000,2641.60000,2647.41000,0.0000,0.0000,581.0,29.05,0.09,"",0,00:00:30:13,100.0,30m,1233.0,0.00,1814.0,90.7,0.0,0.0,100.0,32.0,-1233.00,-61.65
,227822462,11/10/2024 15:32,11/10/2024 15:45,XAUUSD,Sell,0.050,0.00000,0.00000,2649.32000,2642.31000,0.0000,0.0000,701.0,35.05,0.11,"",0,00:00:13:40,7.7,1m,980.0,1.40,701.0,35.050000000000004,-980.0,-49.0,41.7,100.0,0.00,0.00
,226012279,08/10/2024 16:50,11/10/2024 06:30,XAUUSD,Buy,0.050,0.00000,0.00000,2640.00000,2641.36000,0.0000,0.0000,136.0,6.80,0.02,"",0,02:13:40:26,6.9,4h 15m,3416.0,5.76,593.0,29.650000000000002,-3416.0,-170.8,14.8,88.6,-457.00,-22.85
,226064181,08/10/2024 17:27,11/10/2024 03:26,XAUUSD,Buy,0.050,0.00000,0.00000,2628.60000,2633.20000,0.0000,0.0000,460.0,23.00,0.07,"",0,02:09:59:07,13.6,7h 53m,2230.0,1.48,1512.0,75.60000000000001,-2230.0,-111.5,40.4,71.9,-1052.00,-52.60
,225593460,08/10/2024 11:16,10/10/2024 20:07,USOUSD,Buy,0.050,0.00000,0.00000,75.72800,76.13000,0.0000,0.0000,40.2,20.10,0.07,"",0,02:08:50:43,,,,,,,,,,,,
,227426828,10/10/2024 19:22,10/10/2024 19:48,XAUUSD,Sell,0.050,0.00000,2620.79000,2627.32000,2620.77000,0.0000,0.0000,655.0,32.75,0.11,"[tp 2620.79]",0,00:00:25:34,20.0,5m,252.0,0.38,655.0,32.75,-252.0,-12.600000000000001,72.2,100.0,0.00,0.00
,227279584,10/10/2024 16:31,10/10/2024 19:08,XAUUSD,Buy,0.050,0.00000,0.00000,2617.51000,2625.73000,0.0000,0.0000,822.0,41.10,0.13,"",0,00:02:36:04,0.7,1m,0.0,0.00,822.0,41.1,0.0,0.0,100.0,100.0,0.00,0.00
,227128558,10/10/2024 15:30,10/10/2024 19:08,XAUUSD,Buy,0.050,0.00000,0.00000,2606.57000,2625.73000,0.0000,0.0000,1916.0,95.80,0.31,"",0,00:03:37:58,100.0,3h 37m,289.0,0.00,2134.0,106.7,0.0,0.0,100.0,89.8,-218.00,-10.90
,227128404,10/10/2024 15:03,10/10/2024 19:08,USOUSD,Buy,0.050,0.00000,0.00000,74.26100,75.71000,0.0000,0.0000,144.9,72.45,0.24,"",0,00:04:04:13,,,,,,,,,,,,
,226974571,10/10/2024 07:57,10/10/2024 19:08,XAUUSD,Buy,0.050,0.00000,0.00000,2613.94000,2625.73000,0.0000,0.0000,1179.0,58.95,0.19,"",0,00:11:10:37,94.2,10h 31m,1013.0,0.15,1511.0,75.55,-231.0,-11.55,86.7,80.9,-332.00,-16.60
,226681959,09/10/2024 16:43,10/10/2024 19:08,USOUSD,Buy,0.050,0.00000,0.00000,72.21000,75.71000,0.0000,0.0000,350.0,175.00,0.58,"",0,01:02:24:07,,,,,,,,,,,,
,226551893,09/10/2024 14:02,10/10/2024 19:08,USOUSD,Buy,0.050,0.00000,0.00000,73.49000,75.71000,0.0000,0.0000,222.0,111.00,0.37,"",0,01:05:05:38,,,,,,,,,,,,
,226429213,09/10/2024 09:49,10/10/2024 19:08,USOUSD,Buy,0.050,0.00000,0.00000,74.07500,75.71000,0.0000,0.0000,163.5,81.75,0.27,"",0,01:09:18:47,,,,,,,,,,,,
,226428804,09/10/2024 09:48,10/10/2024 19:08,XAUUSD,Buy,0.050,0.00000,0.00000,2613.13000,2625.66000,0.0000,0.0000,1253.0,62.65,0.21,"",0,01:09:19:43,56.8,18h 55m,1556.0,0.46,1478.0,73.9,-683.0,-34.15,68.4,89.6,-225.00,-11.25
,226416239,09/10/2024 13:17,10/10/2024 19:08,USOUSD,Buy,0.050,0.00000,0.00000,73.55000,75.71000,0.0000,0.0000,216.0,108.00,0.36,"",0,01:05:50:39,,,,,,,,,,,,
,226029186,08/10/2024 17:32,10/10/2024 19:08,XAUUSD,Buy,0.050,0.00000,0.00000,2625.05000,2625.66000,0.0000,0.0000,61.0,3.05,0.01,"",0,02:01:35:31,8.1,4h 1m,1875.0,6.56,286.0,14.3,-1875.0,-93.75,13.2,89.6,-225.00,-11.25
,225780531,08/10/2024 16:46,10/10/2024 19:08,USOUSD,Buy,0.050,0.00000,0.00000,74.63800,75.71000,0.0000,0.0000,107.2,53.60,0.18,"",0,02:02:21:20,,,,,,,,,,,,
,224346459,09/10/2024 16:11,10/10/2024 19:08,USOUSD,Buy,0.050,0.00000,0.00000,73.01000,75.71000,0.0000,0.0000,270.0,135.00,0.45,"",0,01:02:56:20,,,,,,,,,,,,
,223840387,09/10/2024 16:29,10/10/2024 19:08,USOUSD,Buy,0.050,0.00000,0.00000,72.48000,75.71000,0.0000,0.0000,323.0,161.50,0.55,"",0,01:02:38:20,,,,,,,,,,,,
,223017868,09/10/2024 17:31,10/10/2024 19:08,XAUUSD,Buy,0.050,0.00000,0.00000,2605.55000,2625.66000,0.0000,0.0000,2011.0,100.55,0.34,"",0,01:01:36:36,100.0,1d 1h ,939.0,0.00,2236.0,111.80000000000001,0.0,0.0,100.0,89.9,-225.00,-11.25
,226317485,09/10/2024 02:56,09/10/2024 09:48,XAUUSD,Sell,0.050,0.00000,0.00000,2621.89000,2613.12000,0.0000,0.0000,877.0,43.85,0.15,"",0,00:06:51:39,96.4,6h 36m,926.0,0.15,1261.0,63.050000000000004,-193.0,-9.65,86.7,73.6,-384.00,-19.20
,226065395,08/10/2024 17:28,09/10/2024 08:38,USOUSD,Buy,0.050,0.00000,0.00000,73.78800,74.48900,0.0000,0.0000,70.1,35.05,0.12,"",0,00:15:10:42,,,,,,,,,,,,
,226127676,08/10/2024 18:10,09/10/2024 02:56,XAUUSD,Buy,0.050,0.00000,0.00000,2615.62000,2621.93000,0.0000,0.0000,631.0,31.55,0.11,"",0,00:08:45:35,94.3,8h 15m,551.0,0.10,744.0,37.2,-73.0,-3.6500000000000004,91.1,86.2,-113.00,-5.65
,226159568,08/10/2024 18:35,09/10/2024 02:56,XAUUSD,Buy,0.070,0.00000,0.00000,2605.20000,2621.94000,0.0000,0.0000,1674.0,117.18,0.40,"",0,00:08:21:16,100.0,8h 21m,551.0,0.00,1786.0,125.02000000000001,0.0,0.0,100.0,93.7,-112.00,-7.84
,218155381,20/09/2024 18:02,08/10/2024 18:34,XAUUSD,Sell,0.070,0.00000,0.00000,2615.66000,2607.51000,0.0000,0.0000,815.0,57.05,0.20,"",0,18:00:31:12,1.0,4h 19m,6723.0,8.18,815.0,57.050000000000004,-6669.0,-466.83000000000004,10.9,100.0,0.00,0.00
,217813923,20/09/2024 15:19,08/10/2024 18:34,XAUUSD,Sell,0.070,0.00000,0.00000,2616.57000,2607.52000,0.0000,0.0000,905.0,63.35,0.22,"",0,18:03:14:08,1.1,4h 47m,6723.0,7.27,905.0,63.35000000000001,-6578.0,-460.46000000000004,12.1,100.0,0.00,0.00
,217298229,20/09/2024 18:43,08/10/2024 18:10,XAUUSD,Sell,0.050,0.00000,0.00000,2622.36000,2615.49000,0.0000,0.0000,687.0,34.35,0.12,"",0,17:23:26:49,14.9,2d 16h ,6723.0,4.48,1338.0,66.9,-5999.0,-299.95,18.2,91.1,-651.00,-32.55
,218159974,20/09/2024 19:00,08/10/2024 18:10,XAUUSD,Sell,0.070,0.00000,0.00000,2623.34000,2615.41000,0.0000,0.0000,793.0,55.51,0.19,"",0,17:23:09:11,14.9,2d 16h ,6723.0,4.11,1436.0,100.52000000000001,-5901.0,-413.07000000000005,19.6,91.2,-643.00,-45.01
,225043939,07/10/2024 09:38,08/10/2024 17:28,USOUSD,Sell,0.050,0.00000,0.00000,74.49500,73.85800,0.0000,0.0000,63.7,31.85,0.11,"",0,01:07:50:02,,,,,,,,,,,,
,218756620,23/09/2024 16:44,08/10/2024 17:27,XAUUSD,Sell,0.050,0.00000,0.00000,2630.48000,2629.13000,0.0000,0.0000,135.0,6.75,0.02,"",0,15:00:43:11,5.6,20h 12m,5708.0,2.41,2150.0,107.5,-5187.0,-259.35,29.3,72.5,-2015.00,-100.75
,218755754,23/09/2024 16:43,08/10/2024 17:27,XAUUSD,Sell,0.050,0.00000,0.00000,2631.06000,2629.16000,0.0000,0.0000,190.0,9.50,0.03,"",0,15:00:44:07,5.7,20h 33m,5708.0,2.32,2208.0,110.4,-5129.0,-256.45,30.1,72.5,-2018.00,-100.90
,225821606,08/10/2024 12:35,08/10/2024 17:27,XAUUSD,Sell,0.050,0.00000,0.00000,2640.12000,2627.89000,0.0000,0.0000,1223.0,61.15,0.21,"",0,00:04:52:06,82.2,4h 0m,2217.0,0.24,3440.0,172.0,-822.0,-41.1,80.7,48.0,-2217.00,-110.85
,225289413,07/10/2024 16:06,08/10/2024 16:46,USOUSD,Sell,0.050,0.00000,74.72000,75.89000,74.71800,0.0000,0.0000,117.2,58.60,0.20,"[tp 74.720]",0,01:00:39:53,,,,,,,,,,,,
,225898127,08/10/2024 15:01,08/10/2024 15:31,XAUUSD,Sell,0.050,0.00000,0.00000,2651.94000,2643.57000,0.0000,0.0000,837.0,41.85,0.15,"",0,00:00:30:38,100.0,30m,3368.0,0.00,4205.0,210.25,0.0,0.0,100.0,19.9,-3368.00,-168.40
,225866761,08/10/2024 14:01,08/10/2024 15:00,XAUUSD,Buy,0.050,0.00000,0.00000,2647.25000,2651.56000,0.0000,0.0000,431.0,21.55,0.07,"",0,00:00:59:26,1.7,1m,2696.0,6.26,431.0,21.55,-2696.0,-134.8,13.8,100.0,0.00,0.00
,225344272,07/10/2024 16:47,08/10/2024 15:00,USOUSD,Sell,0.050,0.00000,0.00000,76.24000,75.83800,0.0000,0.0000,40.2,20.10,0.07,"",0,00:22:13:18,,,,,,,,,,,,
,225022313,08/10/2024 10:02,08/10/2024 12:34,XAUUSD,Buy,0.050,0.00000,0.00000,2633.77000,2639.35000,0.0000,0.0000,558.0,27.90,0.10,"",0,00:02:32:10,100.0,2h 32m,1289.0,0.00,1847.0,92.35000000000001,0.0,0.0,100.0,30.2,-1289.00,-64.45
,225290019,07/10/2024 16:06,08/10/2024 10:06,XAUUSD,Sell,0.050,0.00000,0.00000,2645.03000,2632.79000,0.0000,0.0000,1224.0,61.20,0.21,"",0,00:18:00:11,88.0,15h 50m,1043.0,0.23,1366.0,68.3,-320.0,-16.0,81.0,91.6,-142.00,-7.10
,225437618,08/10/2024 01:33,08/10/2024 05:30,USOUSD,Sell,0.060,0.00000,76.48800,77.95200,76.44800,0.0000,0.0000,150.4,90.24,0.32,"[tp 76.488]",0,00:03:56:43,,,,,,,,,,,,
,225441417,07/10/2024 18:35,07/10/2024 23:29,XAUUSD,Sell,0.060,0.00000,0.00000,2648.93000,2642.95000,0.0000,0.0000,598.0,35.88,0.13,"",0,00:04:54:56,100.0,4h 54m,500.0,0.00,844.0,50.64,0.0,0.0,100.0,70.9,-246.00,-14.76
,225159263,07/10/2024 13:01,07/10/2024 23:29,USOUSD,Buy,0.050,0.00000,0.00000,76.52600,77.66000,0.0000,0.0000,113.4,56.70,0.20,"",0,00:10:28:12,,,,,,,,,,,,
,208017790,30/08/2024 08:15,07/10/2024 23:29,USOUSD,Buy,0.080,0.00000,0.00000,76.82900,77.66000,0.0000,0.0000,83.1,66.48,0.23,"",0,38:15:14:29,,,,,,,,,,,,
,225306527,07/10/2024 16:16,07/10/2024 16:36,XAUUSD,Sell,0.050,0.00000,0.00000,2649.83000,2645.94000,0.0000,0.0000,389.0,19.45,0.07,"",0,00:00:20:21,5.0,1m,0.0,0.00,389.0,19.450000000000003,0.0,0.0,100.0,100.0,0.00,0.00
,225313562,07/10/2024 16:21,07/10/2024 16:36,XAUUSD,Sell,0.050,0.00000,0.00000,2652.78000,2645.98000,0.0000,0.0000,680.0,34.00,0.12,"",0,00:00:14:46,6.7,59s,0.0,0.00,680.0,34.0,0.0,0.0,100.0,100.0,0.00,0.00
,225265972,07/10/2024 15:48,07/10/2024 16:08,XAUUSD,Buy,0.050,0.00000,0.00000,2643.13000,2645.01000,0.0000,0.0000,188.0,9.40,0.03,"",0,00:00:19:52,100.0,19m,344.0,0.00,532.0,26.6,0.0,0.0,100.0,35.3,-344.00,-17.20
,225266302,07/10/2024 15:48,07/10/2024 16:06,USOUSD,Buy,0.050,0.00000,0.00000,75.62100,75.88500,0.0000,0.0000,26.4,13.20,0.05,"",0,00:00:17:47,,,,,,,,,,,,
,225118072,07/10/2024 11:47,07/10/2024 15:48,USOUSD,Sell,0.050,0.00000,0.00000,76.02500,75.62600,0.0000,0.0000,39.9,19.95,0.07,"",0,00:04:00:39,,,,,,,,,,,,
,225041331,07/10/2024 09:30,07/10/2024 15:48,XAUUSD,Sell,0.050,0.00000,0.00000,2641.85000,2643.19000,0.0000,0.0000,-134.0,-6.70,-0.02,"",0,00:06:17:23,11.4,43m,1754.0,4.89,359.0,17.95,-1754.0,-87.7,17.0,76.7,-493.00,-24.65
,225116894,07/10/2024 11:45,07/10/2024 15:47,XAUUSD,Sell,0.050,0.00000,0.00000,2652.78000,2641.32000,0.0000,0.0000,1146.0,57.30,0.20,"",0,00:04:02:34,86.0,3h 28m,1450.0,0.46,1452.0,72.60000000000001,-661.0,-33.050000000000004,68.7,85.5,-306.00,-15.30
,225159137,07/10/2024 14:09,07/10/2024 15:47,XAUUSD,Sell,0.050,0.00000,0.00000,2659.05000,2641.31000,0.0000,0.0000,1774.0,88.70,0.31,"",0,00:01:38:45,100.0,1h 38m,1047.0,0.00,1955.0,97.75,0.0,0.0,100.0,90.7,-181.00,-9.05
,208013085,30/08/2024 16:02,07/10/2024 13:01,USOUSD,Buy,0.080,0.00000,0.00000,75.59900,76.49000,0.0000,0.0000,89.1,71.28,0.25,"",0,37:20:59:24,,,,,,,,,,,,
,224982575,07/10/2024 04:53,07/10/2024 11:10,XAUUSD,Buy,0.050,0.00000,2655.39000,2645.91000,2655.39000,0.0000,0.0000,948.0,47.40,0.17,"[tp 2655.39]",0,00:06:17:14,65.0,4h 5m,677.0,0.47,1281.0,64.05,-606.0,-30.3,67.9,82.4,-333.00,-16.65
,225031216,07/10/2024 09:04,07/10/2024 09:21,XAUUSD,Buy,0.050,0.00000,0.00000,2640.29000,2643.51000,0.0000,0.0000,322.0,16.10,0.06,"",0,00:00:16:45,100.0,16m,918.0,0.00,1240.0,62.0,0.0,0.0,100.0,26.0,-918.00,-45.90
,224982431,07/10/2024 04:52,07/10/2024 09:03,USOUSD,Buy,0.050,0.00000,0.00000,74.40100,74.56500,0.0000,0.0000,16.4,8.20,0.03,"",0,00:04:10:41,,,,,,,,,,,,
,224729302,04/10/2024 19:33,07/10/2024 04:52,USOUSD,Sell,0.080,0.00000,0.00000,75.45500,74.42600,0.0000,0.0000,102.9,82.32,0.29,"",0,02:09:18:30,,,,,,,,,,,,
,224658928,04/10/2024 18:12,07/10/2024 04:52,XAUUSD,Sell,0.050,0.00000,0.00000,2668.98000,2645.98000,0.0000,0.0000,2300.0,115.00,0.41,"",0,02:10:39:16,100.0,2d 10h ,888.0,0.00,2481.0,124.05000000000001,0.0,0.0,100.0,92.7,-181.00,-9.05
,224628590,04/10/2024 17:46,07/10/2024 04:52,XAUUSD,Sell,0.050,0.00000,0.00000,2655.69000,2645.98000,0.0000,0.0000,971.0,48.55,0.17,"",0,02:11:05:28,100.0,2d 11h ,888.0,0.00,1152.0,57.6,0.0,0.0,100.0,84.3,-181.00,-9.05
,224545578,04/10/2024 18:08,07/10/2024 04:52,XAUUSD,Sell,0.050,0.00000,0.00000,2667.62000,2645.98000,0.0000,0.0000,2164.0,108.20,0.39,"",0,02:10:43:59,100.0,2d 10h ,888.0,0.00,2345.0,117.25,0.0,0.0,100.0,92.3,-181.00,-9.05
,224540791,04/10/2024 16:23,07/10/2024 04:52,XAUUSD,Sell,0.050,0.00000,0.00000,2647.41000,2645.98000,0.0000,0.0000,143.0,7.15,0.03,"",0,02:12:28:17,6.4,3h 52m,991.0,1.32,427.0,21.35,-564.0,-28.200000000000003,43.1,71.3,-284.00,-14.20
,224109163,03/10/2024 19:39,07/10/2024 04:52,XAUUSD,Sell,0.050,0.00000,0.00000,2659.38000,2645.98000,0.0000,0.0000,1340.0,67.00,0.24,"",0,03:09:13:05,90.3,3d 1h ,3054.0,0.36,2310.0,115.5,-838.0,-41.900000000000006,73.4,69.2,-970.00,-48.50
,223852828,03/10/2024 15:25,07/10/2024 04:52,XAUUSD,Sell,0.050,0.00000,0.00000,2650.64000,2645.98000,0.0000,0.0000,466.0,23.30,0.08,"",0,03:13:26:39,12.9,11h 1m,3054.0,1.19,1436.0,71.8,-1712.0,-85.60000000000001,45.6,69.2,-970.00,-48.50
,223626866,03/10/2024 08:41,07/10/2024 04:52,XAUUSD,Sell,0.050,0.00000,0.00000,2653.23000,2645.98000,0.0000,0.0000,725.0,36.25,0.13,"",0,03:20:10:24,77.2,2d 23h ,3054.0,0.86,1695.0,84.75,-1453.0,-72.65,53.8,69.2,-970.00,-48.50
,223021279,02/10/2024 08:46,07/10/2024 04:52,XAUUSD,Sell,0.050,0.00000,0.00000,2647.18000,2645.98000,0.0000,0.0000,120.0,6.00,0.02,"",0,04:20:05:18,8.3,9h 38m,3054.0,1.89,1090.0,54.5,-2058.0,-102.9,34.6,69.2,-970.00,-48.50
,204284867,06/10/2024 04:09,,,Withdrawal,0.000,0.00000,0.00000,0.00000,0.00000,0.0000,0.0000,0.0,-2000.00,0,"Withdraw-TH-CPS",0,00:00:00:00,,,,,,,,,,,,
,208276932,30/08/2024 16:06,04/10/2024 19:31,USOUSD,Buy,0.080,0.00000,0.00000,74.91900,75.55000,0.0000,0.0000,63.1,50.48,0.18,"",0,35:03:25:00,,,,,,,,,,,,
,224007407,03/10/2024 17:15,04/10/2024 12:26,USOUSD,Buy,0.050,0.00000,0.00000,74.07500,74.89500,0.0000,0.0000,82.0,41.00,0.14,"",0,00:19:10:37,,,,,,,,,,,,
,209341921,03/09/2024 12:21,03/10/2024 17:14,USOUSD,Buy,0.080,0.00000,0.00000,73.48900,74.05400,0.0000,0.0000,56.5,45.20,0.15,"",0,30:04:52:59,,,,,,,,,,,,
,219309025,24/09/2024 16:00,03/10/2024 17:14,USOUSD,Buy,0.050,0.00000,0.00000,72.98500,74.02900,0.0000,0.0000,104.4,52.20,0.18,"",0,09:01:14:34,,,,,,,,,,,,
,219458961,24/09/2024 18:21,03/10/2024 17:14,USOUSD,Buy,0.050,0.00000,0.00000,72.24500,73.97400,0.0000,0.0000,172.9,86.45,0.30,"",0,08:22:53:46,,,,,,,,,,,,
,223771338,03/10/2024 14:28,03/10/2024 15:05,USOUSD,Buy,0.050,0.00000,0.00000,71.21500,72.07400,0.0000,0.0000,85.9,42.95,0.15,"",0,00:00:36:42,,,,,,,,,,,,
,223390142,02/10/2024 18:02,03/10/2024 12:45,USOUSD,Buy,0.050,0.00000,0.00000,71.59800,72.12400,0.0000,0.0000,52.6,26.30,0.09,"",0,00:18:43:09,,,,,,,,,,,,
,223421685,02/10/2024 18:34,03/10/2024 12:45,USOUSD,Buy,0.050,0.00000,0.00000,70.93800,72.14900,0.0000,0.0000,121.1,60.55,0.21,"",0,00:18:11:18,,,,,,,,,,,,
,223075221,02/10/2024 10:47,03/10/2024 08:20,XAUUSD,Sell,0.050,0.00000,2653.93000,2654.12000,2653.90000,0.0000,0.0000,22.0,1.10,0.00,"[tp 2653.93]",0,00:21:33:21,40.6,8h 45m,2037.0,0.65,1236.0,61.800000000000004,-801.0,-40.050000000000004,60.7,40.4,-1214.00,-60.70
,222991761,02/10/2024 07:24,03/10/2024 03:54,XAUUSD,Buy,0.050,0.00000,0.00000,2655.06000,2658.10000,0.0000,0.0000,304.0,15.20,0.05,"",0,00:20:30:15,48.8,10h 0m,1959.0,1.88,707.0,35.35,-1330.0,-66.5,34.7,80.2,-403.00,-20.15
,223030172,02/10/2024 09:02,02/10/2024 10:38,USOUSD,Buy,0.050,0.00000,0.00000,71.77300,72.39200,0.0000,0.0000,61.9,30.95,0.11,"",0,00:01:36:10,,,,,,,,,,,,
,222991602,02/10/2024 07:23,02/10/2024 08:46,USOUSD,Buy,0.050,0.00000,0.00000,71.46800,71.65700,0.0000,0.0000,18.9,9.45,0.03,"",0,00:01:23:17,,,,,,,,,,,,
,222432774,01/10/2024 13:48,02/10/2024 08:46,XAUUSD,Sell,0.050,0.00000,0.00000,2649.07000,2647.46000,0.0000,0.0000,161.0,8.05,0.03,"",0,00:18:57:57,7.9,1h 29m,2236.0,8.35,268.0,13.4,-2236.0,-111.80000000000001,10.7,95.7,-107.00,-5.35
,222572928,01/10/2024 16:36,02/10/2024 07:23,XAUUSD,Sell,0.050,0.00000,0.00000,2664.26000,2654.51000,0.0000,0.0000,975.0,48.75,0.17,"",0,00:14:47:19,94.4,13h 57m,812.0,0.39,1787.0,89.35000000000001,-693.0,-34.65,72.1,67.3,-812.00,-40.60
,222799851,01/10/2024 19:40,02/10/2024 07:23,XAUUSD,Sell,0.050,0.00000,0.00000,2670.35000,2654.50000,0.0000,0.0000,1585.0,79.25,0.27,"",0,00:11:42:21,100.0,11h 42m,1000.0,0.00,2585.0,129.25,0.0,0.0,100.0,61.3,-1000.00,-50.00
,222629458,01/10/2024 20:57,02/10/2024 07:23,USOUSD,Buy,0.050,0.00000,0.00000,70.73600,71.43200,0.0000,0.0000,69.6,34.80,0.12,"",0,00:10:26:05,,,,,,,,,,,,
,222797838,01/10/2024 19:39,01/10/2024 20:57,USOUSD,Sell,0.050,0.00000,70.71200,71.88000,70.70600,0.0000,0.0000,117.4,58.70,0.20,"[tp 70.712]",0,00:01:17:45,,,,,,,,,,,,
,222746454,01/10/2024 18:24,01/10/2024 18:37,USOUSD,Buy,0.050,0.00000,0.00000,71.83600,71.86000,0.0000,0.0000,2.4,1.20,0.00,"",0,00:00:12:41,,,,,,,,,,,,
,220091175,25/09/2024 19:07,01/10/2024 18:17,USOUSD,Buy,0.050,0.00000,71.83300,70.93100,71.84000,0.0000,0.0000,90.9,45.45,0.16,"[tp 71.833]",0,05:23:09:25,,,,,,,,,,,,
,222613123,01/10/2024 16:52,01/10/2024 16:53,USOUSD,Buy,0.050,0.00000,0.00000,70.65100,70.79500,0.0000,0.0000,14.4,7.20,0.02,"",0,00:00:01:32,,,,,,,,,,,,
,220109922,26/09/2024 08:34,01/10/2024 16:52,USOUSD,Buy,0.050,0.00000,0.00000,69.62300,70.60500,0.0000,0.0000,98.2,49.10,0.17,"",0,05:08:17:19,,,,,,,,,,,,
,222042602,01/10/2024 10:00,01/10/2024 16:35,USOUSD,Buy,0.050,0.00000,0.00000,68.58200,69.67500,0.0000,0.0000,109.3,54.65,0.19,"",0,00:06:35:37,,,,,,,,,,,,
,222511634,01/10/2024 15:42,01/10/2024 16:35,USOUSD,Buy,0.050,0.00000,0.00000,67.84600,69.62500,0.0000,0.0000,177.9,88.95,0.31,"",0,00:00:53:16,,,,,,,,,,,,
,222370787,01/10/2024 11:35,01/10/2024 16:34,USOUSD,Buy,0.050,0.00000,69.23700,67.44600,69.26000,0.0000,0.0000,181.4,90.70,0.32,"[tp 69.237]",0,00:04:59:06,,,,,,,,,,,,
,220569817,01/10/2024 11:05,01/10/2024 13:49,USOUSD,Buy,0.050,0.00000,0.00000,67.86600,68.33000,0.0000,0.0000,46.4,23.20,0.08,"",0,00:02:43:55,,,,,,,,,,,,
,222329201,01/10/2024 10:26,01/10/2024 13:48,XAUUSD,Buy,0.050,0.00000,0.00000,2643.64000,2649.16000,0.0000,0.0000,552.0,27.60,0.10,"",0,00:03:21:57,100.0,3h 21m,1783.0,0.00,2335.0,116.75,0.0,0.0,100.0,23.6,-1783.00,-89.15
,222302468,01/10/2024 09:24,01/10/2024 10:26,XAUUSD,Sell,0.050,0.00000,0.00000,2643.63000,2643.51000,0.0000,0.0000,12.0,0.60,0.00,"",0,00:01:02:19,1.7,1m,640.0,53.48,12.0,0.6000000000000001,-640.0,-32.0,1.8,100.0,0.00,0.00
,221992924,30/09/2024 16:57,01/10/2024 04:59,XAUUSD,Buy,0.050,0.00000,2639.66000,2636.67000,2639.67000,0.0000,0.0000,300.0,15.00,0.05,"[tp 2639.66]",0,00:12:02:45,33.4,4h 1m,1463.0,2.15,465.0,23.25,-998.0,-49.900000000000006,31.8,88.7,-165.00,-8.25
,222005604,30/09/2024 17:05,30/09/2024 19:14,XAUUSD,Buy,0.050,0.00000,0.00000,2631.53000,2635.66000,0.0000,0.0000,413.0,20.65,0.07,"",0,00:02:09:06,57.4,1h 14m,1611.0,0.62,995.0,49.75,-616.0,-30.8,61.8,63.9,-582.00,-29.10
,222043928,30/09/2024 17:48,30/09/2024 18:55,USOUSD,Buy,0.050,0.00000,0.00000,69.28000,69.71900,0.0000,0.0000,43.9,21.95,0.08,"",0,00:01:06:34,,,,,,,,,,,,
,221951808,30/09/2024 16:35,30/09/2024 17:44,USOUSD,Buy,0.050,0.00000,0.00000,68.59500,69.18900,0.0000,0.0000,59.4,29.70,0.10,"",0,00:01:08:40,,,,,,,,,,,,
,219405011,24/09/2024 17:29,30/09/2024 16:50,XAUUSD,Sell,0.050,0.00000,0.00000,2638.50000,2635.36000,0.0000,0.0000,314.0,15.70,0.06,"",0,05:23:20:38,3.2,4h 35m,4385.0,5.60,784.0,39.2,-4385.0,-219.25,15.2,90.9,-470.00,-23.50
,219025991,24/09/2024 17:51,30/09/2024 16:50,XAUUSD,Sell,0.070,0.00000,0.00000,2645.23000,2635.39000,0.0000,0.0000,984.0,68.88,0.24,"",0,05:22:59:18,5.3,7h 34m,3712.0,2.55,1457.0,101.99000000000001,-3712.0,-259.84000000000003,28.2,90.8,-473.00,-33.11
,219502039,24/09/2024 19:14,30/09/2024 16:50,XAUUSD,Sell,0.050,0.00000,0.00000,2650.37000,2635.34000,0.0000,0.0000,1503.0,75.15,0.27,"",0,05:21:35:49,8.2,11h 36m,3198.0,1.62,1971.0,98.55000000000001,-3198.0,-159.9,38.1,90.9,-468.00,-23.40
,220659373,26/09/2024 17:11,30/09/2024 16:50,XAUUSD,Sell,0.050,0.00000,0.00000,2666.24000,2635.12000,0.0000,0.0000,3112.0,155.60,0.55,"",0,03:23:38:34,84.5,3d 8h ,2135.0,0.30,3632.0,181.60000000000002,-1103.0,-55.150000000000006,76.7,89.0,-520.00,-26.00
,219644976,25/09/2024 03:31,30/09/2024 16:50,XAUUSD,Sell,0.070,0.00000,0.00000,2658.18000,2635.23000,0.0000,0.0000,2295.0,160.65,0.58,"",0,05:13:19:08,61.4,3d 9h ,2968.0,0.88,2752.0,192.64000000000001,-2417.0,-169.19000000000003,53.2,91.2,-457.00,-31.99
,221945640,30/09/2024 16:12,30/09/2024 16:21,USOUSD,Buy,0.050,0.00000,0.00000,68.56000,68.98400,0.0000,0.0000,42.4,21.20,0.08,"",0,00:00:09:06,,,,,,,,,,,,
,220265475,26/09/2024 08:52,30/09/2024 09:03,USOUSD,Buy,0.050,0.00000,0.00000,68.98300,69.73400,0.0000,0.0000,75.1,37.55,0.13,"",0,04:00:10:16,,,,,,,,,,,,
,200944535,28/09/2024 05:11,,,Withdrawal,0.000,0.00000,0.00000,0.00000,0.00000,0.0000,0.0000,0.0,-2000.00,0,"Withdraw-TH-CPS",0,00:00:00:00,,,,,,,,,,,,
,219679513,25/09/2024 05:53,26/09/2024 16:20,XAUUSD,Sell,0.050,0.00000,0.00000,2666.25000,2662.26000,0.0000,0.0000,399.0,19.95,0.07,"",0,01:10:27:46,80.5,1d 3h ,3335.0,1.29,1455.0,72.75,-1880.0,-94.0,43.6,68.3,-1056.00,-52.80
,220468516,26/09/2024 14:37,26/09/2024 16:20,XAUUSD,Sell,0.050,0.00000,0.00000,2680.68000,2662.35000,0.0000,0.0000,1833.0,91.65,0.31,"",0,00:01:43:15,100.0,1h 43m,858.0,0.00,1833.0,91.65,0.0,0.0,100.0,100.0,0.00,0.00
,199953743,26/09/2024 14:28,,,Deposit,0.000,0.00000,0.00000,0.00000,0.00000,0.0000,0.0000,0.0,3200.00,0,"Deposit-TH-Xpay-CPS-APP",0,00:00:00:00,,,,,,,,,,,,
,220028382,25/09/2024 17:46,25/09/2024 19:07,USOUSD,Sell,0.050,0.00000,0.00000,71.76000,70.91100,0.0000,0.0000,84.9,42.45,0.16,"",0,00:01:20:40,,,,,,,,,,,,
,219869069,25/09/2024 14:29,25/09/2024 16:53,USOUSD,Buy,0.050,0.00000,0.00000,71.54100,71.62000,0.0000,0.0000,7.9,3.95,0.02,"",0,00:02:24:19,,,,,,,,,,,,
,219884686,25/09/2024 15:04,25/09/2024 16:20,USOUSD,Buy,0.050,0.00000,0.00000,71.10100,71.43000,0.0000,0.0000,32.9,16.45,0.06,"",0,00:01:16:36,,,,,,,,,,,,
,219093011,24/09/2024 09:57,25/09/2024 14:29,USOUSD,Sell,0.050,0.00000,0.00000,72.21400,71.54600,0.0000,0.0000,66.8,33.40,0.13,"",0,01:04:31:20,,,,,,,,,,,,
,219301602,24/09/2024 15:53,25/09/2024 14:28,USOUSD,Sell,0.050,0.00000,0.00000,72.72900,71.53600,0.0000,0.0000,119.3,59.65,0.23,"",0,00:22:35:04,,,,,,,,,,,,
,217624055,19/09/2024 19:08,24/09/2024 14:24,USOUSD,Buy,0.070,0.00000,0.00000,72.53100,73.06900,0.0000,0.0000,53.8,37.66,0.15,"",0,04:19:15:36,,,,,,,,,,,,
,218162078,20/09/2024 18:11,24/09/2024 14:24,USOUSD,Buy,0.050,0.00000,0.00000,72.31300,73.06900,0.0000,0.0000,75.6,37.80,0.15,"",0,03:20:12:51,,,,,,,,,,,,
,209407895,03/09/2024 13:57,24/09/2024 14:24,USOUSD,Buy,0.100,0.00000,0.00000,72.68900,73.06900,0.0000,0.0000,38.0,38.00,0.15,"",0,21:00:27:13,,,,,,,,,,,,
,218941264,23/09/2024 23:09,24/09/2024 06:23,USOUSD,Buy,0.050,0.00000,0.00000,71.47800,71.92900,0.0000,0.0000,45.1,22.55,0.09,"",0,00:07:13:34,,,,,,,,,,,,
,218162408,23/09/2024 18:44,23/09/2024 23:09,USOUSD,Buy,0.050,0.00000,0.00000,71.21300,71.43700,0.0000,0.0000,22.4,11.20,0.04,"",0,00:04:24:55,,,,,,,,,,,,
,218871372,23/09/2024 18:45,23/09/2024 23:09,USOUSD,Buy,0.050,0.00000,0.00000,71.02300,71.43700,0.0000,0.0000,41.4,20.70,0.08,"",0,00:04:23:40,,,,,,,,,,,,
,217602315,23/09/2024 19:09,23/09/2024 23:09,USOUSD,Buy,0.050,0.00000,0.00000,70.80300,71.43700,0.0000,0.0000,63.4,31.70,0.12,"",0,00:03:59:59,,,,,,,,,,,,
,218580198,23/09/2024 11:08,23/09/2024 18:45,USOUSD,Sell,0.050,0.00000,0.00000,71.97700,71.03300,0.0000,0.0000,94.4,47.20,0.18,"",0,00:07:37:14,,,,,,,,,,,,
,218239290,20/09/2024 20:06,23/09/2024 18:45,USOUSD,Sell,0.090,0.00000,0.00000,72.32200,71.07800,0.0000,0.0000,124.4,111.96,0.44,"",0,02:22:38:38,,,,,,,,,,,,
,197938735,23/09/2024 02:00,,,Deposit,0.000,0.00000,0.00000,0.00000,0.00000,0.0000,0.0000,0.0,26.78,0,"Cash Promo - Funds Growth",0,00:00:00:00,,,,,,,,,,,,
,217736935,20/09/2024 04:50,20/09/2024 18:11,USOUSD,Buy,0.050,0.00000,0.00000,71.88800,72.29200,0.0000,0.0000,40.4,20.20,0.08,"",0,00:13:21:24,,,,,,,,,,,,
,216759097,20/09/2024 13:02,20/09/2024 18:01,USOUSD,Buy,0.070,0.00000,0.00000,71.68800,72.09200,0.0000,0.0000,40.4,28.28,0.11,"",0,00:04:58:31,,,,,,,,,,,,
,209527894,03/09/2024 16:09,19/09/2024 19:08,USOUSD,Buy,0.070,0.00000,0.00000,71.83900,72.49000,0.0000,0.0000,65.1,45.57,0.18,"",0,16:02:58:59,,,,,,,,,,,,
,217516911,19/09/2024 16:51,19/09/2024 17:25,USOUSD,Buy,0.050,0.00000,0.00000,71.26600,71.87000,0.0000,0.0000,60.4,30.20,0.12,"",0,00:00:34:39,,,,,,,,,,,,
,217188179,19/09/2024 09:30,19/09/2024 16:51,XAUUSD,Sell,0.050,0.00000,0.00000,2576.44000,2571.40000,0.0000,0.0000,504.0,25.20,0.10,"",0,00:07:20:35,11.4,50m,1855.0,3.23,504.0,25.200000000000003,-1628.0,-81.4,23.6,100.0,0.00,0.00
,217475173,19/09/2024 16:17,19/09/2024 16:51,XAUUSD,Sell,0.050,0.00000,0.00000,2579.74000,2571.33000,0.0000,0.0000,841.0,42.05,0.17,"",0,00:00:33:34,14.3,4m,1237.0,1.47,841.0,42.050000000000004,-1237.0,-61.85,40.5,100.0,0.00,0.00
,217492935,19/09/2024 16:37,19/09/2024 16:42,USOUSD,Buy,0.050,0.00000,0.00000,71.58100,71.82000,0.0000,0.0000,23.9,11.95,0.05,"",0,00:00:05:08,,,,,,,,,,,,
,217449389,19/09/2024 15:56,19/09/2024 16:10,XAUUSD,Buy,0.050,0.00000,0.00000,2577.71000,2582.09000,0.0000,0.0000,438.0,21.90,0.09,"",0,00:00:13:43,,,,,,,,,,,,
,217177365,19/09/2024 11:56,19/09/2024 15:51,XAUUSD,Sell,0.050,0.00000,0.00000,2586.19000,2576.31000,0.0000,0.0000,988.0,49.40,0.20,"",0,00:03:55:13,83.0,3h 15m,1347.0,0.30,1263.0,63.150000000000006,-383.0,-19.150000000000002,76.7,83.3,-275.00,-13.75
,217187971,19/09/2024 09:30,19/09/2024 10:38,USOUSD,Buy,0.050,0.00000,0.00000,71.44600,71.79000,0.0000,0.0000,34.4,17.20,0.07,"",0,00:01:08:01,,,,,,,,,,,,
,216738687,18/09/2024 18:31,19/09/2024 09:29,USOUSD,Buy,0.050,0.00000,0.00000,70.94500,71.42100,0.0000,0.0000,47.6,23.80,0.09,"",0,00:14:58:13,,,,,,,,,,,,
,217165311,19/09/2024 08:53,19/09/2024 09:08,XAUUSD,Buy,0.050,0.00000,0.00000,2572.30000,2575.51000,0.0000,0.0000,321.0,16.05,0.06,"",0,00:00:15:12,6.7,1m,0.0,0.00,321.0,16.05,0.0,0.0,100.0,100.0,0.00,0.00
,217110671,19/09/2024 05:32,19/09/2024 08:42,XAUUSD,Buy,0.050,0.00000,0.00000,2562.63000,2571.79000,0.0000,0.0000,916.0,45.80,0.18,"",0,00:03:09:59,100.0,3h 9m,672.0,0.00,1588.0,79.4,0.0,0.0,100.0,57.7,-672.00,-33.60
,217085251,19/09/2024 04:14,19/09/2024 06:51,USOUSD,Buy,0.050,0.00000,0.00000,70.40600,70.94100,0.0000,0.0000,53.5,26.75,0.11,"",0,00:02:36:53,,,,,,,,,,,,
,217085241,19/09/2024 04:14,19/09/2024 05:32,XAUUSD,Buy,0.050,0.00000,0.00000,2553.77000,2562.74000,0.0000,0.0000,897.0,44.85,0.18,"",0,00:01:17:57,100.0,1h 17m,625.0,0.00,1522.0,76.10000000000001,0.0,0.0,100.0,58.9,-625.00,-31.25
,217058341,19/09/2024 02:47,19/09/2024 03:42,USOUSD,Buy,0.050,0.00000,0.00000,70.34100,70.72000,0.0000,0.0000,37.9,18.95,0.08,"",0,00:00:55:43,,,,,,,,,,,,
,214381075,12/09/2024 18:53,19/09/2024 02:29,XAUUSD,Sell,0.050,0.00000,0.00000,2554.05000,2557.47000,0.0000,0.0000,-342.0,-17.10,-0.07,"",0,06:07:36:16,0.4,36m,4151.0,7.48,555.0,27.75,-4151.0,-207.55,11.8,80.9,-897.00,-44.85
,214234212,12/09/2024 16:45,19/09/2024 02:29,XAUUSD,Sell,0.050,0.00000,0.00000,2551.17000,2557.40000,0.0000,0.0000,-623.0,-31.15,-0.12,"",0,06:09:43:35,0.2,18m,4439.0,16.64,267.0,13.350000000000001,-4439.0,-221.95000000000002,5.7,81.1,-890.00,-44.50
,214717506,13/09/2024 12:56,19/09/2024 02:28,XAUUSD,Sell,0.050,0.00000,0.00000,2568.60000,2557.46000,0.0000,0.0000,1114.0,55.70,0.22,"",0,05:13:32:40,9.6,12h 49m,3269.0,1.34,2010.0,100.5,-2696.0,-134.8,42.7,81.0,-896.00,-44.80
,216759361,18/09/2024 19:11,19/09/2024 02:28,XAUUSD,Sell,0.050,0.00000,0.00000,2570.84000,2557.50000,0.0000,0.0000,1334.0,66.70,0.27,"",0,00:07:17:37,100.0,7h 17m,1359.0,0.00,2321.0,116.05000000000001,0.0,0.0,100.0,57.5,-987.00,-49.35
,216758725,18/09/2024 19:58,19/09/2024 02:28,XAUUSD,Sell,0.070,0.00000,0.00000,2575.10000,2557.47000,0.0000,0.0000,1763.0,123.41,0.50,"",0,00:06:30:11,99.5,6h 28m,1322.0,0.00,2710.0,189.70000000000002,0.0,0.0,100.0,65.1,-947.00,-66.29
,214847432,18/09/2024 21:16,19/09/2024 02:28,XAUUSD,Sell,0.050,0.00000,0.00000,2592.54000,2557.50000,0.0000,0.0000,3504.0,175.20,0.71,"",0,00:05:12:08,86.3,4h 29m,1322.0,0.00,4454.0,222.70000000000002,0.0,0.0,100.0,78.7,-950.00,-47.50
,214536964,13/09/2024 04:06,19/09/2024 02:28,XAUUSD,Sell,0.050,0.00000,0.00000,2563.67000,2557.49000,0.0000,0.0000,618.0,30.90,0.13,"",0,05:22:22:43,5.5,7h 49m,3269.0,2.10,1517.0,75.85000000000001,-3189.0,-159.45000000000002,32.2,80.9,-899.00,-44.95
,215336348,16/09/2024 11:33,18/09/2024 22:49,XAUUSD,Sell,0.050,0.00000,2548.94000,2587.71000,2548.46000,0.0000,0.0000,3925.0,196.25,0.81,"[tp 2548.94]",0,02:11:15:46,99.1,2d 10h ,3793.0,0.30,3985.0,199.25,-1209.0,-60.45,76.7,98.8,-60.00,-3.00
,216762934,18/09/2024 19:23,18/09/2024 21:00,USOUSD,Sell,0.100,71.32000,0.00000,70.69400,71.33000,0.0000,0.0000,-63.6,-63.60,-0.26,"[sl 71.320]",0,00:01:36:57,,,,,,,,,,,,
,216742612,18/09/2024 18:46,18/09/2024 19:08,USOUSD,Buy,0.050,0.00000,0.00000,70.21500,70.67900,0.0000,0.0000,46.4,23.20,0.10,"",0,00:00:21:15,,,,,,,,,,,,
,216738527,18/09/2024 18:23,18/09/2024 19:07,XAUUSD,Sell,0.070,0.00000,0.00000,2572.81000,2570.09000,0.0000,0.0000,272.0,19.04,0.08,"",0,00:00:44:28,18.2,8m,2699.0,1.89,1430.0,100.10000000000001,-2699.0,-188.93,34.6,72.0,-1158.00,-81.06
,209603387,03/09/2024 17:02,18/09/2024 18:23,USOUSD,Buy,0.070,0.00000,0.00000,71.15400,71.29900,0.0000,0.0000,14.5,10.15,0.04,"",0,15:01:20:24,,,,,,,,,,,,
,216667027,18/09/2024 16:53,18/09/2024 18:23,USOUSD,Buy,0.050,0.00000,0.00000,70.89500,71.28900,0.0000,0.0000,39.4,19.70,0.08,"",0,00:01:29:31,,,,,,,,,,,,
,214837590,13/09/2024 16:30,18/09/2024 18:23,XAUUSD,Sell,0.050,0.00000,0.00000,2576.62000,2572.97000,0.0000,0.0000,365.0,18.25,0.08,"",0,05:01:52:58,24.5,1d 5h ,2972.0,1.01,1475.0,73.75,-1497.0,-74.85000000000001,49.6,62.7,-1110.00,-55.50
,216472747,18/09/2024 11:28,18/09/2024 16:49,USOUSD,Buy,0.050,0.00000,0.00000,70.35500,70.81900,0.0000,0.0000,46.4,23.20,0.10,"",0,00:05:21:00,,,,,,,,,,,,
,216496495,18/09/2024 12:30,18/09/2024 16:49,USOUSD,Buy,0.050,0.00000,0.00000,69.95500,70.81900,0.0000,0.0000,86.4,43.20,0.18,"",0,00:04:18:29,,,,,,,,,,,,
,216166176,17/09/2024 17:59,18/09/2024 11:28,USOUSD,Sell,0.050,0.00000,0.00000,70.85700,70.34500,0.0000,0.0000,51.2,25.60,0.11,"",0,00:17:28:57,,,,,,,,,,,,
,215875589,17/09/2024 12:32,17/09/2024 14:02,USOUSD,Buy,0.050,0.00000,0.00000,69.93300,70.11700,0.0000,0.0000,18.4,9.20,0.04,"",0,00:01:30:36,,,,,,,,,,,,
,215821764,17/09/2024 11:04,17/09/2024 12:04,USOUSD,Buy,0.050,0.00000,0.00000,70.14300,70.27200,0.0000,0.0000,12.9,6.45,0.03,"",0,00:01:00:05,,,,,,,,,,,,
,215506295,16/09/2024 16:44,16/09/2024 17:10,USOUSD,Buy,0.050,0.00000,0.00000,70.29600,70.51500,0.0000,0.0000,21.9,10.95,0.05,"",0,00:00:26:44,,,,,,,,,,,,
,210285238,04/09/2024 17:33,16/09/2024 16:43,USOUSD,Buy,0.090,0.00000,0.00000,69.88100,70.20000,0.0000,0.0000,31.9,28.71,0.12,"",0,11:23:09:52,,,,,,,,,,,,
,211046498,06/09/2024 17:32,12/09/2024 18:17,USOUSD,Buy,0.090,0.00000,0.00000,69.33600,69.60000,0.0000,0.0000,26.4,23.76,0.10,"",0,06:00:45:26,,,,,,,,,,,,
,209738975,06/09/2024 17:49,12/09/2024 18:17,USOUSD,Buy,0.090,0.00000,0.00000,68.71600,69.59500,0.0000,0.0000,87.9,79.11,0.33,"",0,06:00:28:14,,,,,,,,,,,,
,213435428,11/09/2024 14:41,12/09/2024 15:45,XAUUSD,Buy,0.050,0.00000,0.00000,2522.10000,2527.28000,0.0000,0.0000,518.0,25.90,0.11,"",0,01:01:03:10,13.7,3h 25m,2686.0,0.41,3204.0,160.20000000000002,-1312.0,-65.60000000000001,70.9,40.5,-2686.00,-134.30
,214016670,12/09/2024 12:49,12/09/2024 15:41,XAUUSD,Buy,0.050,0.00000,2528.04000,2518.72000,2527.93000,0.0000,0.0000,921.0,46.05,0.19,"[tp 2528.04]",0,00:02:51:54,100.0,2h 51m,2621.0,0.00,3542.0,177.10000000000002,0.0,0.0,100.0,26.0,-2621.00,-131.05
,211662817,06/09/2024 19:44,12/09/2024 10:30,USOUSD,Buy,0.050,0.00000,0.00000,67.72600,68.61500,0.0000,0.0000,88.9,44.45,0.19,"",0,05:14:45:41,,,,,,,,,,,,
,213492040,11/09/2024 15:32,12/09/2024 08:58,XAUUSD,Buy,0.050,0.00000,0.00000,2512.27000,2519.52000,0.0000,0.0000,725.0,36.25,0.15,"",0,00:17:26:55,75.6,13h 11m,889.0,0.24,897.0,44.85,-212.0,-10.600000000000001,80.9,84.5,-172.00,-8.60
,213692073,11/09/2024 17:41,12/09/2024 08:58,USOUSD,Buy,0.050,0.00000,0.00000,66.14800,68.16500,0.0000,0.0000,201.7,100.85,0.42,"",0,00:15:17:41,,,,,,,,,,,,
,213325049,11/09/2024 10:53,11/09/2024 15:25,XAUUSD,Sell,0.050,0.00000,0.00000,2522.40000,2518.33000,0.0000,0.0000,407.0,20.35,0.09,"",0,00:04:31:08,92.8,4h 11m,1367.0,0.04,1774.0,88.7,-75.0,-3.75,95.9,26.1,-1367.00,-68.35
,212984381,10/09/2024 17:20,11/09/2024 12:19,USOUSD,Buy,0.050,0.00000,0.00000,66.72600,67.53200,0.0000,0.0000,80.6,40.30,0.17,"",0,00:18:59:20,,,,,,,,,,,,
,210918412,05/09/2024 18:12,10/09/2024 18:35,XAUUSD,Buy,0.070,0.00000,0.00000,2505.88000,2517.74000,0.0000,0.0000,1186.0,83.02,0.35,"",0,05:00:23:41,26.2,1d 7h ,3789.0,1.05,1845.0,129.15,-1944.0,-136.08,48.7,82.6,-659.00,-46.13
,210850679,05/09/2024 17:11,10/09/2024 18:35,XAUUSD,Buy,0.070,0.00000,0.00000,2512.17000,2516.97000,0.0000,0.0000,480.0,33.60,0.14,"",0,05:01:24:23,20.6,1d 1h ,3789.0,2.12,1216.0,85.12,-2573.0,-180.11,32.1,80.6,-736.00,-51.52
,211655571,06/09/2024 19:36,09/09/2024 15:43,XAUUSD,Buy,0.070,0.00000,0.00000,2492.65000,2502.84000,0.0000,0.0000,1019.0,71.33,0.30,"",0,02:20:07:00,96.7,2d 17h ,1373.0,0.54,1151.0,80.57000000000001,-621.0,-43.470000000000006,65.0,92.6,-132.00,-9.24
,211662160,06/09/2024 19:43,09/09/2024 15:43,XAUUSD,Buy,0.050,0.00000,0.00000,2486.49000,2502.85000,0.0000,0.0000,1636.0,81.80,0.35,"",0,02:19:59:30,99.9,2d 19h ,1373.0,0.00,1767.0,88.35000000000001,-5.0,-0.25,99.7,92.6,-131.00,-6.55
,191342744,07/09/2024 10:10,,,Withdrawal,0.000,0.00000,0.00000,0.00000,0.00000,0.0000,0.0000,0.0,-1300.00,0,"Withdraw-TH-CPS",0,00:00:00:00,,,,,,,,,,,,
,210586786,05/09/2024 11:33,05/09/2024 17:10,XAUUSD,Sell,0.070,0.00000,0.00000,2513.98000,2511.43000,0.0000,0.0000,255.0,17.85,0.07,"",0,00:05:37:20,50.8,2h 51m,1201.0,0.96,931.0,65.17,-890.0,-62.300000000000004,51.1,62.9,-676.00,-47.32
,210731668,05/09/2024 15:36,05/09/2024 17:10,XAUUSD,Sell,0.070,0.00000,0.00000,2522.24000,2511.23000,0.0000,0.0000,1101.0,77.07,0.31,"",0,00:01:34:52,100.0,1h 34m,463.0,0.00,1564.0,109.48,0.0,0.0,100.0,70.4,-463.00,-32.41
,209320067,03/09/2024 11:40,05/09/2024 11:14,XAUUSD,Buy,0.070,0.00000,0.00000,2505.37000,2508.88000,0.0000,0.0000,351.0,24.57,0.10,"",0,01:23:34:01,8.3,3h 56m,3246.0,2.80,1161.0,81.27000000000001,-3246.0,-227.22000000000003,26.3,81.6,-810.00,-56.70
,209341744,03/09/2024 12:21,05/09/2024 11:14,XAUUSD,Buy,0.070,0.00000,0.00000,2502.85000,2508.88000,0.0000,0.0000,603.0,42.21,0.17,"",0,01:22:52:53,11.3,5h 17m,2994.0,2.12,1413.0,98.91000000000001,-2994.0,-209.58,32.1,81.6,-810.00,-56.70
,209392001,03/09/2024 13:34,04/09/2024 17:02,XAUUSD,Buy,0.070,0.00000,0.00000,2494.96000,2497.34000,0.0000,0.0000,238.0,16.66,0.07,"",0,01:03:28:04,15.2,4h 10m,2362.0,5.21,423.0,29.610000000000003,-2205.0,-154.35000000000002,16.1,93.0,-185.00,-12.95
,210104631,04/09/2024 14:37,04/09/2024 17:02,XAUUSD,Buy,0.070,0.00000,0.00000,2487.57000,2497.55000,0.0000,0.0000,998.0,69.86,0.29,"",0,00:02:25:36,100.0,2h 25m,587.0,0.00,1162.0,81.34,0.0,0.0,100.0,85.9,-164.00,-11.48
,209969850,04/09/2024 11:21,04/09/2024 13:38,XAUUSD,Buy,0.070,0.00000,0.00000,2479.83000,2486.86000,0.0000,0.0000,703.0,49.21,0.20,"",0,00:02:16:58,100.0,2h 16m,383.0,0.00,1086.0,76.02000000000001,0.0,0.0,100.0,64.7,-383.00,-26.81
,209996472,04/09/2024 11:59,04/09/2024 13:38,XAUUSD,Buy,0.090,0.00000,0.00000,2472.88000,2486.79000,0.0000,0.0000,1391.0,125.19,0.51,"",0,00:01:38:26,1.1,1m,0.0,0.00,1391.0,125.19,0.0,0.0,100.0,100.0,0.00,0.00
,209558444,03/09/2024 17:20,03/09/2024 20:45,XAUUSD,Buy,0.070,0.00000,0.00000,2474.22000,2491.61000,0.0000,0.0000,1739.0,121.73,0.50,"",0,00:03:25:40,100.0,3h 25m,409.0,0.00,1963.0,137.41000000000003,0.0,0.0,100.0,88.6,-224.00,-15.68
,202029632,16/08/2024 15:38,03/09/2024 17:20,XAUUSD,Sell,0.050,0.00000,0.00000,2475.06000,2475.03000,0.0000,0.0000,3.0,0.15,0.00,"",0,18:01:41:53,,,,,,,,,,,,
,204714767,22/08/2024 17:59,03/09/2024 17:20,XAUUSD,Sell,0.070,0.00000,0.00000,2480.94000,2474.90000,0.0000,0.0000,604.0,42.28,0.17,"",0,11:23:21:12,,,,,,,,,,,,
,200846603,16/08/2024 15:53,03/09/2024 17:20,XAUUSD,Sell,0.090,0.00000,0.00000,2485.98000,2475.09000,0.0000,0.0000,1089.0,98.01,0.41,"",0,18:01:26:38,,,,,,,,,,,,
,209376774,03/09/2024 14:49,03/09/2024 15:14,XAUUSD,Buy,0.070,0.00000,0.00000,2488.44000,2501.85000,0.0000,0.0000,1341.0,93.87,0.39,"",0,00:00:24:50,20.0,4m,1060.0,0.79,1341.0,93.87,-1060.0,-74.2,55.9,100.0,0.00,0.00
,209271493,03/09/2024 10:21,03/09/2024 13:34,XAUUSD,Sell,0.070,0.00000,0.00000,2499.96000,2495.16000,0.0000,0.0000,480.0,33.60,0.14,"",0,00:03:13:19,97.4,3h 8m,1199.0,0.04,1388.0,97.16000000000001,-58.0,-4.0600000000000005,96.0,37.2,-908.00,-63.56
,209320060,03/09/2024 11:40,03/09/2024 13:08,XAUUSD,Sell,0.070,0.00000,0.00000,2505.14000,2499.52000,0.0000,0.0000,562.0,39.34,0.16,"",0,00:01:28:10,100.0,1h 28m,1344.0,0.00,1906.0,133.42000000000002,0.0,0.0,100.0,29.5,-1344.00,-94.08
,208903387,02/09/2024 12:00,03/09/2024 12:19,USOUSD,Sell,0.070,0.00000,73.61200,74.42100,73.60900,0.0000,0.0000,81.2,56.84,0.24,"[tp 73.612]",0,01:00:18:20,,,,,,,,,,,,
,208887120,02/09/2024 11:38,03/09/2024 03:23,XAUUSD,Sell,0.070,0.00000,0.00000,2501.94000,2497.10000,0.0000,0.0000,484.0,33.88,0.14,"",0,00:15:45:01,,,,,,,,,,,,
,208486790,30/08/2024 19:55,02/09/2024 19:03,USOUSD,Buy,0.080,0.00000,0.00000,74.33900,74.79600,0.0000,0.0000,45.7,36.56,0.15,"",0,02:23:07:44,,,,,,,,,,,,
,208458231,02/09/2024 01:12,02/09/2024 11:36,USOUSD,Buy,0.080,0.00000,74.31800,73.82200,74.32100,0.0000,0.0000,49.9,39.92,0.17,"[tp 74.318]",0,00:10:23:51,,,,,,,,,,,,
,204718120,23/08/2024 06:19,02/09/2024 05:43,XAUUSD,Sell,0.070,0.00000,0.00000,2492.83000,2490.87000,0.0000,0.0000,196.0,13.72,0.06,"",0,09:23:23:14,,,,,,,,,,,,
,204961548,23/08/2024 11:42,02/09/2024 05:43,XAUUSD,Sell,0.070,0.00000,0.00000,2498.17000,2490.63000,0.0000,0.0000,754.0,52.78,0.22,"",0,09:18:01:05,,,,,,,,,,,,
,188337913,02/09/2024 02:00,,,Deposit,0.000,0.00000,0.00000,0.00000,0.00000,0.0000,0.0000,0.0,36.25,0,"Cash Promo - Funds Growth",0,00:00:00:00,,,,,,,,,,,,
,208461295,30/08/2024 19:15,30/08/2024 19:39,XAUUSD,Sell,0.050,0.00000,0.00000,2505.01000,2500.28000,0.0000,0.0000,473.0,23.65,0.10,"",0,00:00:24:04,100.0,24m,208.0,0.00,502.0,25.1,0.0,0.0,100.0,94.2,-29.00,-1.45
,207882259,29/08/2024 20:17,30/08/2024 19:04,XAUUSD,Sell,0.030,0.00000,0.00000,2526.04000,2502.87000,0.0000,0.0000,2317.0,69.51,0.30,"",0,00:22:47:27,99.7,22h 43m,1353.0,0.00,3125.0,93.75,-11.0,-0.32999999999999996,99.6,74.2,-808.00,-24.24
,207791743,29/08/2024 17:43,30/08/2024 19:04,XAUUSD,Sell,0.060,0.00000,0.00000,2519.09000,2502.87000,0.0000,0.0000,1622.0,97.32,0.42,"",0,01:01:20:54,54.0,13h 41m,1353.0,0.29,2430.0,145.79999999999998,-706.0,-42.36,77.5,74.2,-808.00,-48.48
,207690870,29/08/2024 16:21,30/08/2024 19:04,XAUUSD,Sell,0.070,0.00000,0.00000,2514.07000,2502.84000,0.0000,0.0000,1123.0,78.61,0.34,"",0,01:02:43:29,26.6,7h 6m,1373.0,0.71,1928.0,134.96,-1373.0,-96.11000000000001,58.4,75.6,-805.00,-56.35
,207424229,29/08/2024 12:51,30/08/2024 19:04,XAUUSD,Sell,0.070,0.00000,0.00000,2522.76000,2502.87000,0.0000,0.0000,1989.0,139.23,0.60,"",0,01:06:13:06,82.4,1d ,1783.0,0.18,2797.0,195.79000000000002,-504.0,-35.28,84.7,75.5,-808.00,-56.56
,206248437,27/08/2024 11:14,30/08/2024 19:04,XAUUSD,Sell,0.070,0.00000,0.00000,2509.10000,2502.84000,0.0000,0.0000,626.0,43.82,0.19,"",0,03:07:50:17,27.9,22h 16m,3352.0,1.30,1482.0,103.74000000000001,-1931.0,-135.17000000000002,43.4,74.9,-856.00,-59.92
,206207652,27/08/2024 21:23,30/08/2024 19:04,XAUUSD,Sell,0.070,0.00000,0.00000,2523.05000,2502.84000,0.0000,0.0000,2021.0,141.47,0.62,"",0,02:21:40:57,87.7,2d 13h ,3352.0,0.19,2877.0,201.39000000000001,-536.0,-37.52,84.3,74.9,-856.00,-59.92
,206020279,26/08/2024 19:35,30/08/2024 19:04,XAUUSD,Sell,0.040,0.00000,0.00000,2515.13000,2502.84000,0.0000,0.0000,1229.0,49.16,0.21,"",0,03:23:29:37,51.1,2d ,3081.0,0.58,2034.0,81.36,-1182.0,-47.28,63.2,75.0,-805.00,-32.20
,205215282,23/08/2024 17:29,30/08/2024 19:04,XAUUSD,Sell,0.070,0.00000,0.00000,2513.95000,2502.84000,0.0000,0.0000,1111.0,77.77,0.34,"",0,07:01:34:55,60.9,4d 7h ,3081.0,0.68,1916.0,134.12,-1300.0,-91.00000000000001,59.6,75.0,-805.00,-56.35
,205141041,23/08/2024 17:01,30/08/2024 19:04,XAUUSD,Sell,0.070,0.00000,0.00000,2505.36000,2502.84000,0.0000,0.0000,252.0,17.64,0.08,"",0,07:02:03:01,6.8,11h 33m,3081.0,2.04,1057.0,73.99000000000001,-2159.0,-151.13000000000002,32.9,75.0,-805.00,-56.35
,203439477,20/08/2024 16:56,30/08/2024 19:04,XAUUSD,Sell,0.030,0.00000,0.00000,2528.58000,2502.84000,0.0000,0.0000,2574.0,77.22,0.34,"",0,10:02:08:42,100.0,10d 2h ,5197.0,0.00,5360.0,160.79999999999998,0.0,0.0,100.0,48.0,-2786.00,-83.58
,203264375,20/08/2024 12:30,30/08/2024 19:04,XAUUSD,Sell,0.050,0.00000,0.00000,2524.60000,2502.84000,0.0000,0.0000,2176.0,108.80,0.48,"",0,10:06:34:38,95.8,9d 20h ,5197.0,0.10,4962.0,248.10000000000002,-512.0,-25.6,90.6,49.1,-2786.00,-139.30
,203211923,20/08/2024 11:08,30/08/2024 19:04,XAUUSD,Sell,0.050,0.00000,0.00000,2517.33000,2502.84000,0.0000,0.0000,1449.0,72.45,0.32,"",0,10:07:56:38,80.4,8d 7h ,5197.0,0.29,4235.0,211.75,-1239.0,-61.95,77.4,49.1,-2786.00,-139.30
,200517995,16/08/2024 22:26,30/08/2024 19:04,XAUUSD,Sell,0.090,0.00000,0.00000,2506.18000,2502.84000,0.0000,0.0000,334.0,30.06,0.13,"",0,13:20:37:58,25.1,3d 11h ,4956.0,0.82,2881.0,259.28999999999996,-2354.0,-211.85999999999999,55.0,51.3,-2547.00,-229.23
,208401551,30/08/2024 18:26,30/08/2024 19:04,USOUSD,Buy,0.080,0.00000,0.00000,74.27900,74.71300,0.0000,0.0000,43.4,34.72,0.15,"",0,00:00:38:38,,,,,,,,,,,,
,208280738,30/08/2024 17:00,30/08/2024 17:57,USOUSD,Buy,0.080,0.00000,0.00000,74.26400,74.70300,0.0000,0.0000,43.9,35.12,0.16,"",0,00:00:56:42,,,,,,,,,,,,
,207874897,29/08/2024 19:59,30/08/2024 06:51,USOUSD,Buy,0.080,0.00000,0.00000,76.39700,76.83300,0.0000,0.0000,43.6,34.88,0.16,"",0,00:10:51:59,,,,,,,,,,,,
,207834148,29/08/2024 18:40,29/08/2024 19:16,USOUSD,Buy,0.080,0.00000,0.00000,76.14700,76.63100,0.0000,0.0000,48.4,38.72,0.17,"",0,00:00:36:28,,,,,,,,,,,,
,207741836,29/08/2024 16:59,29/08/2024 17:02,USOUSD,Buy,0.070,0.00000,0.00000,77.47700,77.48100,0.0000,0.0000,0.4,0.28,0.00,"",0,00:00:02:36,,,,,,,,,,,,
,205777400,27/08/2024 18:17,29/08/2024 16:58,USOUSD,Buy,0.050,0.00000,0.00000,76.67700,77.44100,0.0000,0.0000,76.4,38.20,0.17,"",0,01:22:40:53,,,,,,,,,,,,
,207691091,29/08/2024 16:21,29/08/2024 16:30,USOUSD,Buy,0.070,0.00000,0.00000,76.29700,76.85100,0.0000,0.0000,55.4,38.78,0.17,"",0,00:00:08:31,,,,,,,,,,,,
,206857867,28/08/2024 11:29,29/08/2024 16:21,USOUSD,Buy,0.070,0.00000,0.00000,75.37500,76.22100,0.0000,0.0000,84.6,59.22,0.27,"",0,01:04:51:54,,,,,,,,,,,,
,205739875,26/08/2024 13:04,29/08/2024 16:20,XAUUSD,Sell,0.050,0.00000,0.00000,2524.81000,2514.08000,0.0000,0.0000,1073.0,53.65,0.24,"",0,03:03:16:45,95.6,2d 23h ,3027.0,0.12,3053.0,152.65,-360.0,-18.0,89.5,42.0,-1980.00,-99.00
,205684381,26/08/2024 10:44,28/08/2024 11:24,USOUSD,Sell,0.070,0.00000,0.00000,76.42400,75.66500,0.0000,0.0000,75.9,53.13,0.24,"",0,02:00:39:39,,,,,,,,,,,,
,205752598,26/08/2024 13:25,27/08/2024 18:19,USOUSD,Sell,0.050,0.00000,0.00000,77.07900,76.76200,0.0000,0.0000,31.7,15.85,0.07,"",0,01:04:53:12,,,,,,,,,,,,
,205768878,26/08/2024 14:00,27/08/2024 17:26,USOUSD,Sell,0.050,0.00000,0.00000,77.47400,76.94200,0.0000,0.0000,53.2,26.60,0.12,"",0,01:03:26:21,,,,,,,,,,,,
,205811764,26/08/2024 15:20,27/08/2024 17:26,USOUSD,Sell,0.050,0.00000,0.00000,77.71400,76.94200,0.0000,0.0000,77.2,38.60,0.17,"",0,01:02:06:03,,,,,,,,,,,,
,205811899,26/08/2024 16:08,27/08/2024 17:26,USOUSD,Sell,0.050,0.00000,0.00000,78.07400,76.93200,0.0000,0.0000,114.2,57.10,0.26,"",0,01:01:18:26,,,,,,,,,,,,
,200958666,14/08/2024 17:51,26/08/2024 16:34,USOUSD,Buy,0.040,0.00000,0.00000,77.75200,78.24400,0.0000,0.0000,49.2,19.68,0.09,"",0,11:22:43:11,,,,,,,,,,,,
,205777418,26/08/2024 14:24,26/08/2024 16:34,USOUSD,Buy,0.050,0.00000,0.00000,77.71500,78.24400,0.0000,0.0000,52.9,26.45,0.12,"",0,00:02:09:54,,,,,,,,,,,,
,201904787,16/08/2024 12:06,26/08/2024 14:23,USOUSD,Buy,0.030,0.00000,0.00000,77.22500,77.66400,0.0000,0.0000,43.9,13.17,0.06,"",0,10:02:17:37,,,,,,,,,,,,
,201919793,16/08/2024 12:48,26/08/2024 14:23,USOUSD,Buy,0.030,0.00000,0.00000,77.07500,77.66400,0.0000,0.0000,58.9,17.67,0.08,"",0,10:01:35:14,,,,,,,,,,,,
,205569950,26/08/2024 02:37,26/08/2024 09:57,USOUSD,Buy,0.070,0.00000,0.00000,76.25000,76.41400,0.0000,0.0000,16.4,11.48,0.05,"",0,00:07:20:27,,,,,,,,,,,,
,205043157,23/08/2024 14:45,26/08/2024 02:37,USOUSD,Buy,0.070,0.00000,0.00000,75.25200,76.20900,0.0000,0.0000,95.7,66.99,0.31,"",0,02:11:51:37,,,,,,,,,,,,
,184810276,23/08/2024 17:06,,,Withdrawal,0.000,0.00000,0.00000,0.00000,0.00000,0.0000,0.0000,0.0,-1300.00,0,"Withdraw-TH-CPS",0,00:00:00:00,,,,,,,,,,,,
,184804383,23/08/2024 17:04,,,Deposit,0.000,0.00000,0.00000,0.00000,0.00000,0.0000,0.0000,0.0,1300.00,0,"Withdrawal Reversal",0,00:00:00:00,,,,,,,,,,,,
,184758133,23/08/2024 16:40,,,Withdrawal,0.000,0.00000,0.00000,0.00000,0.00000,0.0000,0.0000,0.0,-1300.00,0,"Withdraw-TH-CPS",0,00:00:00:00,,,,,,,,,,,,
,184756258,23/08/2024 16:38,,,Deposit,0.000,0.00000,0.00000,0.00000,0.00000,0.0000,0.0000,0.0,1300.00,0,"Withdrawal Reversal",0,00:00:00:00,,,,,,,,,,,,
,184741852,23/08/2024 16:25,,,Withdrawal,0.000,0.00000,0.00000,0.00000,0.00000,0.0000,0.0000,0.0,-1300.00,0,"Withdraw-TH-CPS",0,00:00:00:00,,,,,,,,,,,,
,201994291,19/08/2024 20:21,23/08/2024 14:44,USOUSD,Buy,0.050,0.00000,0.00000,74.63300,75.22600,0.0000,0.0000,59.3,29.65,0.13,"",0,03:18:23:09,,,,,,,,,,,,
,203222475,20/08/2024 11:23,23/08/2024 14:44,USOUSD,Buy,0.050,0.00000,0.00000,73.88500,75.20600,0.0000,0.0000,132.1,66.05,0.29,"",0,03:03:21:06,,,,,,,,,,,,
,204139659,21/08/2024 19:39,23/08/2024 14:44,USOUSD,Buy,0.050,0.00000,0.00000,73.30800,75.19600,0.0000,0.0000,188.8,94.40,0.41,"",0,01:19:04:37,,,,,,,,,,,,
,202813414,19/08/2024 15:40,19/08/2024 16:19,USOUSD,Buy,0.030,0.00000,0.00000,76.13300,76.72700,0.0000,0.0000,59.4,17.82,0.08,"",0,00:00:39:11,,,,,,,,,,,,
,202506324,19/08/2024 02:15,19/08/2024 10:13,USOUSD,Buy,0.030,0.00000,0.00000,76.32300,76.46700,0.0000,0.0000,14.4,4.32,0.02,"",0,00:07:58:31,,,,,,,,,,,,
,182195149,19/08/2024 02:00,,,Deposit,0.000,0.00000,0.00000,0.00000,0.00000,0.0000,0.0000,0.0,34.75,0,"Cash Promo - Funds Growth",0,00:00:00:00,,,,,,,,,,,,
,201954121,16/08/2024 13:57,16/08/2024 16:31,USOUSD,Buy,0.050,0.00000,0.00000,76.33500,76.84900,0.0000,0.0000,51.4,25.70,0.11,"",0,00:02:34:19,,,,,,,,,,,,
,200613095,14/08/2024 11:40,16/08/2024 13:01,XAUUSD,Buy,0.050,0.00000,0.00000,2474.73000,2463.36000,0.0000,0.0000,-1137.0,-56.85,-0.25,"",0,02:01:21:26,1.2,35m,4062.0,2.49,1627.0,81.35000000000001,-4047.0,-202.35000000000002,28.7,51.3,-2764.00,-138.20
,200557527,14/08/2024 09:55,16/08/2024 13:01,XAUUSD,Buy,0.050,0.00000,0.00000,2467.46000,2463.36000,0.0000,0.0000,-410.0,-20.50,-0.09,"",0,02:03:05:56,9.2,4h 42m,4085.0,1.41,2354.0,117.7,-3320.0,-166.0,41.5,51.3,-2764.00,-138.20
,201403971,15/08/2024 15:45,16/08/2024 11:01,XAUUSD,Buy,0.030,0.00000,0.00000,2454.33000,2462.88000,0.0000,0.0000,855.0,25.65,0.11,"",0,00:19:16:35,83.4,16h 4m,1115.0,0.40,994.0,29.82,-393.0,-11.79,71.7,90.0,-139.00,-4.17
,201434139,15/08/2024 15:59,16/08/2024 08:03,XAUUSD,Buy,0.030,0.00000,0.00000,2443.55000,2453.14000,0.0000,0.0000,959.0,28.77,0.13,"",0,00:16:04:14,100.0,16h 4m,1115.0,0.00,2008.0,60.239999999999995,0.0,0.0,100.0,47.8,-1049.00,-31.47
,201323471,15/08/2024 14:59,15/08/2024 15:37,XAUUSD,Sell,0.040,0.00000,0.00000,2463.75000,2457.09000,0.0000,0.0000,666.0,26.64,0.12,"",0,00:00:37:09,100.0,37m,292.0,0.00,950.0,38.0,0.0,0.0,100.0,70.1,-284.00,-11.36
,201113793,15/08/2024 03:06,15/08/2024 14:36,USOUSD,Buy,0.040,0.00000,0.00000,77.19800,77.71700,0.0000,0.0000,51.9,20.76,0.09,"",0,00:11:30:35,,,,,,,,,,,,
,200602051,14/08/2024 16:20,15/08/2024 14:36,XAUUSD,Buy,0.050,0.00000,0.00000,2454.34000,2463.41000,0.0000,0.0000,907.0,45.35,0.20,"",0,00:22:16:06,30.8,6h 51m,3343.0,1.50,1335.0,66.75,-2008.0,-100.4,39.9,87.2,-428.00,-21.40
,200984409,14/08/2024 18:33,15/08/2024 14:36,XAUUSD,Buy,0.030,0.00000,0.00000,2445.92000,2463.43000,0.0000,0.0000,1751.0,52.53,0.23,"",0,00:20:02:54,91.8,18h 24m,3343.0,0.54,2177.0,65.31,-1166.0,-34.98,65.1,87.3,-426.00,-12.78
,200953384,14/08/2024 17:45,15/08/2024 14:36,XAUUSD,Buy,0.040,0.00000,0.00000,2449.22000,2463.31000,0.0000,0.0000,1409.0,56.36,0.25,"",0,00:20:51:39,63.7,13h 17m,3343.0,0.81,1847.0,73.88,-1496.0,-59.84,55.2,86.9,-438.00,-17.52
,199935024,13/08/2024 08:07,14/08/2024 16:21,XAUUSD,Sell,0.050,0.00000,0.00000,2460.73000,2455.61000,0.0000,0.0000,512.0,25.60,0.11,"",0,01:08:14:03,18.1,5h 50m,2125.0,0.83,2096.0,104.80000000000001,-1747.0,-87.35000000000001,54.5,58.8,-1584.00,-79.20
,200044328,13/08/2024 12:22,14/08/2024 16:21,XAUUSD,Sell,0.080,0.00000,0.00000,2460.17000,2455.38000,0.0000,0.0000,479.0,38.32,0.17,"",0,01:03:58:26,14.9,4h 10m,2125.0,0.88,2040.0,163.20000000000002,-1803.0,-144.24,53.1,59.4,-1561.00,-124.88
,200622366,14/08/2024 11:47,14/08/2024 16:21,XAUUSD,Sell,0.090,0.00000,0.00000,2475.02000,2455.28000,0.0000,0.0000,1974.0,177.66,0.79,"",0,00:04:34:07,100.0,4h 34m,1551.0,0.00,3525.0,317.25,0.0,0.0,100.0,56.0,-1551.00,-139.59
,200338396,13/08/2024 19:16,14/08/2024 14:06,USOUSD,Sell,0.030,0.00000,0.00000,78.45400,78.13200,0.0000,0.0000,32.2,9.66,0.04,"",0,00:18:50:29,,,,,,,,,,,,
,200307055,13/08/2024 18:01,14/08/2024 07:31,XAUUSD,Sell,0.090,0.00000,0.00000,2471.24000,2460.83000,0.0000,0.0000,1041.0,93.69,0.42,"",0,00:13:29:32,99.4,13h 24m,920.0,0.04,1539.0,138.51,-58.0,-5.22,96.4,68.8,-498.00,-44.82
,199901312,13/08/2024 04:58,13/08/2024 18:01,USOUSD,Sell,0.030,0.00000,0.00000,79.64400,78.98000,0.0000,0.0000,66.4,19.92,0.09,"",0,00:13:03:34,,,,,,,,,,,,
,199863386,13/08/2024 02:26,13/08/2024 18:01,XAUUSD,Sell,0.080,0.00000,0.00000,2473.86000,2471.42000,0.0000,0.0000,244.0,19.52,0.09,"",0,00:15:35:37,99.5,15h 30m,1569.0,0.02,1541.0,123.28,-28.0,-2.24,98.2,17.3,-1297.00,-103.76
,188451902,22/07/2024 13:46,13/08/2024 04:58,USOUSD,Buy,0.030,0.00000,0.00000,79.34000,79.64400,0.0000,0.0000,30.4,9.12,0.04,"",0,21:15:11:55,,,,,,,,,,,,
,188603986,22/07/2024 16:34,13/08/2024 02:23,USOUSD,Buy,0.040,0.00000,0.00000,78.87000,79.72400,0.0000,0.0000,85.4,34.16,0.15,"",0,21:09:48:29,,,,,,,,,,,,
,199742351,12/08/2024 19:17,13/08/2024 02:23,XAUUSD,Buy,0.040,0.00000,0.00000,2464.32000,2474.80000,0.0000,0.0000,1048.0,41.92,0.19,"",0,00:07:05:58,95.8,6h 48m,1591.0,0.28,1240.0,49.6,-351.0,-14.040000000000001,77.9,87.9,-192.00,-7.68
,172324532,22/07/2024 15:08,13/08/2024 02:23,USOUSD,Buy,0.090,0.00000,0.00000,79.03500,79.72400,0.0000,0.0000,68.9,62.01,0.28,"",0,21:11:14:31,,,,,,,,,,,,
,194113188,01/08/2024 17:06,12/08/2024 21:24,USOUSD,Buy,0.040,0.00000,80.05000,78.52400,80.05300,0.0000,0.0000,152.9,61.16,0.28,"[tp 80.050]",0,11:04:17:47,,,,,,,,,,,,
,194147848,01/08/2024 17:26,12/08/2024 21:23,USOUSD,Buy,0.060,0.00000,79.85000,78.18400,79.85300,0.0000,0.0000,166.9,100.14,0.45,"[tp 79.850]",0,11:03:57:10,,,,,,,,,,,,
,194177914,01/08/2024 17:49,12/08/2024 19:17,USOUSD,Buy,0.040,0.00000,0.00000,77.96400,78.86300,0.0000,0.0000,89.9,35.96,0.16,"",0,11:01:27:22,,,,,,,,,,,,
,194190033,01/08/2024 18:01,12/08/2024 19:17,USOUSD,Buy,0.040,0.00000,0.00000,77.65400,78.85300,0.0000,0.0000,119.9,47.96,0.22,"",0,11:01:15:17,,,,,,,,,,,,
,199627124,12/08/2024 17:09,12/08/2024 19:16,XAUUSD,Buy,0.050,0.00000,0.00000,2450.87000,2464.11000,0.0000,0.0000,1324.0,66.20,0.30,"",0,00:02:06:48,100.0,2h 6m,695.0,0.00,2019.0,100.95,0.0,0.0,100.0,65.6,-695.00,-34.75
,199314736,12/08/2024 06:49,12/08/2024 17:06,XAUUSD,Buy,0.050,0.00000,0.00000,2427.85000,2451.72000,0.0000,0.0000,2387.0,119.35,0.55,"",0,00:10:17:05,100.0,10h 17m,1373.0,0.00,3760.0,188.0,0.0,0.0,100.0,63.5,-1373.00,-68.65
,198976574,09/08/2024 20:35,12/08/2024 11:02,USOUSD,Buy,0.050,0.00000,77.70500,77.05500,77.71300,0.0000,0.0000,65.8,32.90,0.15,"[tp 77.705]",0,02:14:27:37,,,,,,,,,,,,
,198778088,09/08/2024 16:00,09/08/2024 20:31,USOUSD,Buy,0.030,0.00000,0.00000,76.72500,77.05400,0.0000,0.0000,32.9,9.87,0.05,"",0,00:04:30:27,,,,,,,,,,,,
,198500240,09/08/2024 04:54,09/08/2024 20:31,XAUUSD,Buy,0.030,0.00000,0.00000,2425.83000,2433.85000,0.0000,0.0000,802.0,24.06,0.11,"",0,00:15:36:53,62.5,9h 45m,1138.0,0.84,1054.0,31.619999999999997,-888.0,-26.64,54.3,87.0,-252.00,-7.56
,198198305,08/08/2024 16:38,09/08/2024 20:31,USOUSD,Buy,0.030,0.00000,0.00000,75.62300,77.05400,0.0000,0.0000,143.1,42.93,0.20,"",0,01:03:52:49,,,,,,,,,,,,
,197564599,07/08/2024 17:29,09/08/2024 20:31,USOUSD,Buy,0.050,0.00000,0.00000,74.76700,77.05400,0.0000,0.0000,228.7,114.35,0.53,"",0,02:03:02:25,,,,,,,,,,,,
,196813039,06/08/2024 15:45,09/08/2024 20:31,USOUSD,Buy,0.030,0.00000,0.00000,72.70600,77.05400,0.0000,0.0000,434.8,130.44,0.61,"",0,03:04:45:42,,,,,,,,,,,,
,196655353,06/08/2024 11:51,09/08/2024 20:31,USOUSD,Buy,0.030,0.00000,0.00000,73.59100,77.05400,0.0000,0.0000,346.3,103.89,0.49,"",0,03:08:39:30,,,,,,,,,,,,
,195537315,05/08/2024 03:59,09/08/2024 20:31,USOUSD,Buy,0.030,0.00000,0.00000,73.48900,77.05400,0.0000,0.0000,356.5,106.95,0.50,"",0,04:16:31:58,,,,,,,,,,,,
,194957740,02/08/2024 17:25,09/08/2024 20:31,USOUSD,Buy,0.030,0.00000,0.00000,74.11000,77.05400,0.0000,0.0000,294.4,88.32,0.42,"",0,07:03:05:32,,,,,,,,,,,,
,194892630,02/08/2024 16:37,09/08/2024 20:31,USOUSD,Buy,0.060,0.00000,0.00000,74.66500,77.05400,0.0000,0.0000,238.9,143.34,0.68,"",0,07:03:54:19,,,,,,,,,,,,
,194791893,02/08/2024 15:40,09/08/2024 20:31,USOUSD,Buy,0.030,0.00000,0.00000,75.25500,77.05400,0.0000,0.0000,179.9,53.97,0.26,"",0,07:04:50:47,,,,,,,,,,,,
,194772322,02/08/2024 15:33,09/08/2024 20:31,USOUSD,Buy,0.030,0.00000,0.00000,75.27500,77.05400,0.0000,0.0000,177.9,53.37,0.26,"",0,07:04:57:50,,,,,,,,,,,,
,194317710,01/08/2024 21:18,09/08/2024 20:31,USOUSD,Buy,0.040,0.00000,0.00000,77.04400,77.05400,0.0000,0.0000,1.0,0.40,0.00,"",0,07:23:12:45,,,,,,,,,,,,
,193026756,02/08/2024 14:56,09/08/2024 20:31,USOUSD,Buy,0.070,0.00000,0.00000,76.06500,77.05400,0.0000,0.0000,98.9,69.23,0.33,"",0,07:05:35:24,,,,,,,,,,,,
,192610679,02/08/2024 15:31,09/08/2024 20:31,USOUSD,Buy,0.070,0.00000,0.00000,75.48500,77.05400,0.0000,0.0000,156.9,109.83,0.53,"",0,07:05:00:11,,,,,,,,,,,,
,167021416,05/08/2024 11:53,09/08/2024 20:31,USOUSD,Buy,0.070,0.00000,0.00000,72.36900,77.05400,0.0000,0.0000,468.5,327.95,1.61,"",0,04:08:38:14,,,,,,,,,,,,
,166834134,02/08/2024 17:38,09/08/2024 20:31,USOUSD,Buy,0.070,0.00000,0.00000,73.84500,77.05400,0.0000,0.0000,320.9,224.63,1.11,"",0,07:02:52:53,,,,,,,,,,,,
,198364117,08/08/2024 19:55,08/08/2024 21:40,XAUUSD,Buy,0.030,0.00000,0.00000,2418.85000,2425.03000,0.0000,0.0000,618.0,18.54,0.09,"",0,00:01:44:51,100.0,1h 44m,218.0,0.00,836.0,25.08,0.0,0.0,100.0,73.9,-218.00,-6.54
,198373881,08/08/2024 20:13,08/08/2024 21:40,XAUUSD,Buy,0.030,0.00000,0.00000,2422.32000,2425.21000,0.0000,0.0000,289.0,8.67,0.04,"",0,00:01:26:08,100.0,1h 26m,200.0,0.00,489.0,14.67,0.0,0.0,100.0,59.1,-200.00,-6.00
,178106363,08/08/2024 20:42,,,Withdrawal,0.000,0.00000,0.00000,0.00000,0.00000,0.0000,0.0000,0.0,-1300.00,0,"Withdraw-TH-CPS",0,00:00:00:00,,,,,,,,,,,,
,195956862,05/08/2024 14:08,08/08/2024 19:54,XAUUSD,Buy,0.030,0.00000,0.00000,2404.54000,2418.90000,0.0000,0.0000,1436.0,43.08,0.20,"",0,03:05:45:43,35.7,1d 3h ,3803.0,1.28,1952.0,58.559999999999995,-2493.0,-74.78999999999999,43.9,88.4,-516.00,-15.48
,196001899,05/08/2024 14:46,08/08/2024 19:53,XAUUSD,Buy,0.030,0.00000,0.00000,2384.22000,2418.75000,0.0000,0.0000,3453.0,103.59,0.49,"",0,03:05:06:49,93.5,3d ,3803.0,0.12,3984.0,119.52,-461.0,-13.83,89.6,88.1,-531.00,-15.93
,196823623,06/08/2024 15:59,08/08/2024 19:53,XAUUSD,Buy,0.030,0.00000,0.00000,2393.07000,2418.81000,0.0000,0.0000,2574.0,77.22,0.36,"",0,02:03:53:46,51.4,1d 2h ,2543.0,0.43,3099.0,92.97,-1346.0,-40.379999999999995,69.7,88.2,-525.00,-15.75
,197005472,06/08/2024 18:46,08/08/2024 19:53,XAUUSD,Buy,0.030,0.00000,0.00000,2383.68000,2418.83000,0.0000,0.0000,3515.0,105.45,0.50,"",0,02:01:06:57,92.4,1d 21h ,2543.0,0.10,4038.0,121.14,-407.0,-12.209999999999999,90.8,88.2,-523.00,-15.69
,198178717,08/08/2024 16:25,08/08/2024 19:53,XAUUSD,Buy,0.030,0.00000,0.00000,2408.57000,2418.88000,0.0000,0.0000,1031.0,30.93,0.15,"",0,00:03:27:45,100.0,3h 27m,738.0,0.00,1549.0,46.47,0.0,0.0,100.0,66.6,-518.00,-15.54
,193913677,01/08/2024 14:28,05/08/2024 14:06,XAUUSD,Sell,0.030,0.00000,0.00000,2437.72000,2404.01000,0.0000,0.0000,3371.0,101.13,0.48,"",0,03:23:38:43,17.6,16h 50m,4381.0,0.53,7300.0,219.0,-3850.0,-115.5,65.5,64.8,-3929.00,-117.87
,193572095,01/08/2024 17:00,05/08/2024 14:06,XAUUSD,Sell,0.030,0.00000,0.00000,2458.58000,2404.18000,0.0000,0.0000,5440.0,163.20,0.78,"",0,03:21:05:50,90.4,3d 12h ,4381.0,0.19,9386.0,281.58,-1764.0,-52.919999999999995,84.2,64.6,-3946.00,-118.38
,194621628,02/08/2024 11:55,05/08/2024 14:06,XAUUSD,Sell,0.030,0.00000,0.00000,2462.17000,2404.12000,0.0000,0.0000,5805.0,174.15,0.84,"",0,03:02:11:17,97.5,3d ,4381.0,0.14,9745.0,292.34999999999997,-1405.0,-42.15,87.4,64.7,-3940.00,-118.20
,175229346,05/08/2024 02:00,,,Deposit,0.000,0.00000,0.00000,0.00000,0.00000,0.0000,0.0000,0.0,21.75,0,"Cash Promo - Funds Growth",0,00:00:00:00,,,,,,,,,,,,
,194770478,02/08/2024 15:33,02/08/2024 17:43,XAUUSD,Sell,0.030,0.00000,0.00000,2473.78000,2437.68000,0.0000,0.0000,3610.0,108.30,0.53,"",0,00:02:09:49,0.8,1m,0.0,0.00,3610.0,108.3,0.0,0.0,100.0,100.0,0.00,0.00
,186983907,18/07/2024 12:26,02/08/2024 09:06,XAUUSD,Buy,0.030,0.00000,0.00000,2466.58000,2462.98000,0.0000,0.0000,-360.0,-10.80,-0.05,"",0,14:20:39:59,0.2,42m,11279.0,78.13,143.0,4.29,-11136.0,-334.08,1.3,95.5,-503.00,-15.09
,187126519,18/07/2024 16:19,02/08/2024 09:06,XAUUSD,Buy,0.030,0.00000,0.00000,2460.87000,2462.81000,0.0000,0.0000,194.0,5.82,0.03,"",0,14:16:47:09,1.2,4h 14m,10565.0,22.22,476.0,14.28,-10565.0,-316.95,4.3,97.4,-282.00,-8.46
,187001893,18/07/2024 22:04,01/08/2024 17:00,XAUUSD,Buy,0.030,0.00000,2458.96000,2450.61000,2459.13000,0.0000,0.0000,852.0,25.56,0.12,"[tp 2458.96]",0,13:18:56:51,1.0,3h 18m,9594.0,11.26,852.0,25.56,-9594.0,-287.82,8.2,100.0,0.00,0.00
,193566503,31/07/2024 22:33,01/08/2024 11:50,XAUUSD,Sell,0.030,0.00000,0.00000,2445.16000,2433.60000,0.0000,0.0000,1156.0,34.68,0.17,"",0,00:13:16:40,56.9,7h 33m,1331.0,0.92,1407.0,42.21,-1301.0,-39.03,52.0,90.7,-251.00,-7.53
,191199151,26/07/2024 17:21,31/07/2024 22:44,USOUSD,Buy,0.040,0.00000,0.00000,77.61000,78.88600,0.0000,0.0000,127.6,51.04,0.25,"",0,05:05:22:29,,,,,,,,,,,,
,193328534,31/07/2024 17:00,31/07/2024 22:44,USOUSD,Buy,0.030,0.00000,0.00000,77.58200,78.88600,0.0000,0.0000,130.4,39.12,0.19,"",0,00:05:43:34,,,,,,,,,,,,
,191170931,26/07/2024 17:01,31/07/2024 22:44,USOUSD,Buy,0.050,0.00000,0.00000,78.01500,78.88600,0.0000,0.0000,87.1,43.55,0.21,"",0,05:05:42:54,,,,,,,,,,,,
,191175482,26/07/2024 17:03,31/07/2024 22:44,USOUSD,Buy,0.040,0.00000,0.00000,78.00500,78.88600,0.0000,0.0000,88.1,35.24,0.17,"",0,05:05:40:28,,,,,,,,,,,,
,191175693,26/07/2024 17:04,31/07/2024 22:44,USOUSD,Buy,0.040,0.00000,0.00000,78.01500,78.88600,0.0000,0.0000,87.1,34.84,0.17,"",0,05:05:40:17,,,,,,,,,,,,
,193478752,31/07/2024 21:02,31/07/2024 22:36,XAUUSD,Buy,0.030,0.00000,0.00000,2424.30000,2446.55000,0.0000,0.0000,2225.0,66.75,0.33,"",0,00:01:33:43,47.4,44m,110.0,0.00,2335.0,70.05,0.0,0.0,100.0,95.3,-110.00,-3.30
,193327025,31/07/2024 17:00,31/07/2024 22:36,XAUUSD,Buy,0.030,0.00000,0.00000,2427.88000,2446.72000,0.0000,0.0000,1884.0,56.52,0.28,"",0,00:05:36:16,80.6,4h 31m,622.0,0.23,2265.0,67.95,-532.0,-15.959999999999999,81.0,86.4,-381.00,-11.43
,193015964,31/07/2024 07:35,31/07/2024 22:36,XAUUSD,Buy,0.030,0.00000,0.00000,2417.05000,2446.69000,0.0000,0.0000,2964.0,88.92,0.44,"",0,00:15:00:42,97.8,14h 40m,762.0,0.02,3348.0,100.44,-66.0,-1.98,98.1,88.8,-384.00,-11.52
,187477911,19/07/2024 03:08,31/07/2024 22:36,XAUUSD,Buy,0.060,0.00000,0.00000,2433.05000,2446.69000,0.0000,0.0000,1364.0,81.84,0.41,"",0,12:19:27:36,1.4,4h 18m,7838.0,4.88,1607.0,96.42,-7838.0,-470.28,17.0,97.4,-243.00,-14.58
,191208546,26/07/2024 17:28,31/07/2024 14:35,USOUSD,Buy,0.030,0.00000,0.00000,77.32500,78.01600,0.0000,0.0000,69.1,20.73,0.10,"",0,04:21:07:11,,,,,,,,,,,,
,192146043,29/07/2024 17:52,31/07/2024 14:35,USOUSD,Buy,0.020,0.00000,0.00000,76.61000,78.01600,0.0000,0.0000,140.6,28.12,0.14,"",0,01:20:42:24,,,,,,,,,,,,
,192138714,29/07/2024 17:46,31/07/2024 14:35,USOUSD,Buy,0.030,0.00000,0.00000,76.99500,78.01600,0.0000,0.0000,102.1,30.63,0.15,"",0,01:20:48:30,,,,,,,,,,,,
,192739284,30/07/2024 17:52,31/07/2024 07:34,USOUSD,Buy,0.070,0.00000,0.00000,75.48100,76.45600,0.0000,0.0000,97.5,68.25,0.34,"",0,00:13:42:30,,,,,,,,,,,,
,192145756,29/07/2024 17:52,31/07/2024 07:34,XAUUSD,Buy,0.020,0.00000,0.00000,2381.21000,2416.17000,0.0000,0.0000,3496.0,69.92,0.35,"",0,01:13:42:28,89.9,1d 9h ,1227.0,0.08,4306.0,86.12,-336.0,-6.72,92.8,82.6,-810.00,-16.20
,191175861,26/07/2024 17:04,31/07/2024 07:34,XAUUSD,Buy,0.040,0.00000,0.00000,2385.68000,2416.17000,0.0000,0.0000,3049.0,121.96,0.62,"",0,04:14:30:46,85.3,3d 22h ,3017.0,0.41,3859.0,154.36,-1582.0,-63.28,70.9,85.1,-810.00,-32.40
,190158874,25/07/2024 04:19,31/07/2024 07:34,XAUUSD,Buy,0.030,0.00000,0.00000,2393.88000,2416.17000,0.0000,0.0000,2229.0,66.87,0.34,"",0,06:03:15:35,16.0,23h 33m,3921.0,1.32,2967.0,89.00999999999999,-3921.0,-117.63,43.1,89.3,-738.00,-22.14
,190039107,24/07/2024 20:57,31/07/2024 07:34,XAUUSD,Buy,0.030,0.00000,0.00000,2408.79000,2416.17000,0.0000,0.0000,738.0,22.14,0.11,"",0,06:10:37:11,6.0,9h 16m,5412.0,3.67,1476.0,44.28,-5412.0,-162.35999999999999,21.4,89.3,-738.00,-22.14
,168146875,29/07/2024 19:40,31/07/2024 07:34,USOUSD,Buy,0.070,0.00000,0.00000,76.06000,76.45600,0.0000,0.0000,39.6,27.72,0.14,"",0,01:11:54:14,,,,,,,,,,,,
,168096696,10/06/2024 18:17,29/07/2024 17:52,USOUSD,Sell,0.030,0.00000,0.00000,76.91700,76.69000,0.0000,-3.1200,22.7,3.69,0.02,"",0,48:23:34:16,,,,,,,,,,,,
,171474418,29/07/2024 02:00,,,Deposit,0.000,0.00000,0.00000,0.00000,0.00000,0.0000,0.0000,0.0,32.70,0,"Cash Promo - Funds Growth",0,00:00:00:00,,,,,,,,,,,,
,188665698,25/07/2024 04:42,26/07/2024 17:02,XAUUSD,Buy,0.040,0.00000,0.00000,2372.56000,2385.09000,0.0000,0.0000,1253.0,50.12,0.26,"",0,01:12:19:28,43.4,15h 45m,2674.0,1.07,1731.0,69.24,-1848.0,-73.92,48.4,86.6,-478.00,-19.12
,190858786,26/07/2024 05:00,26/07/2024 09:32,USOUSD,Sell,0.030,0.00000,0.00000,79.31900,79.16500,0.0000,0.0000,15.4,4.62,0.02,"",0,00:04:32:24,,,,,,,,,,,,
,190039678,24/07/2024 20:58,26/07/2024 04:53,USOUSD,Buy,0.030,0.00000,0.00000,78.43300,79.25900,0.0000,0.0000,82.6,24.78,0.13,"",0,01:07:55:34,,,,,,,,,,,,
,189817781,24/07/2024 17:13,26/07/2024 04:53,USOUSD,Buy,0.030,0.00000,0.00000,78.21300,79.25900,0.0000,0.0000,104.6,31.38,0.16,"",0,01:11:40:27,,,,,,,,,,,,
,189229526,23/07/2024 16:42,26/07/2024 04:53,USOUSD,Buy,0.040,0.00000,0.00000,78.34100,79.25900,0.0000,0.0000,91.8,36.72,0.19,"",0,02:12:11:35,,,,,,,,,,,,
,190040037,25/07/2024 03:01,26/07/2024 04:53,USOUSD,Buy,0.040,0.00000,0.00000,78.26900,79.25900,0.0000,0.0000,99.0,39.60,0.21,"",0,01:01:52:43,,,,,,,,,,,,
,188559735,22/07/2024 16:50,26/07/2024 04:53,USOUSD,Buy,0.070,0.00000,0.00000,78.58000,79.25900,0.0000,0.0000,67.9,47.53,0.25,"",0,03:12:03:00,,,,,,,,,,,,
,189909891,24/07/2024 17:31,26/07/2024 04:53,USOUSD,Buy,0.080,0.00000,0.00000,78.60300,79.26000,0.0000,0.0000,65.7,52.56,0.27,"",0,01:11:22:31,,,,,,,,,,,,
,189965599,25/07/2024 05:42,26/07/2024 04:53,USOUSD,Buy,0.060,0.00000,0.00000,77.72500,79.26400,0.0000,0.0000,153.9,92.34,0.48,"",0,00:23:11:05,,,,,,,,,,,,
,190366740,25/07/2024 13:10,25/07/2024 16:26,USOUSD,Buy,0.030,0.00000,0.00000,77.02400,77.64300,0.0000,0.0000,61.9,18.57,0.10,"",0,00:03:15:32,,,,,,,,,,,,
,168119639,10/06/2024 18:49,25/07/2024 13:10,USOUSD,Sell,0.030,0.00000,0.00000,77.35700,77.01400,0.0000,-3.1200,34.3,7.17,0.04,"",0,44:18:21:05,,,,,,,,,,,,
,189935225,24/07/2024 17:57,24/07/2024 18:41,USOUSD,Buy,0.030,0.00000,0.00000,78.06300,78.72700,0.0000,0.0000,66.4,19.92,0.10,"",0,00:00:44:04,,,,,,,,,,,,
,189940758,24/07/2024 18:05,24/07/2024 18:41,USOUSD,Buy,0.030,0.00000,0.00000,77.89300,78.72700,0.0000,0.0000,83.4,25.02,0.13,"",0,00:00:35:59,,,,,,,,,,,,
,189317947,23/07/2024 18:17,24/07/2024 18:41,USOUSD,Buy,0.030,0.00000,0.00000,77.73100,78.72700,0.0000,0.0000,99.6,29.88,0.16,"",0,01:00:24:08,,,,,,,,,,,,
,189930520,24/07/2024 17:53,24/07/2024 18:41,USOUSD,Buy,0.060,0.00000,0.00000,78.20300,78.72700,0.0000,0.0000,52.4,31.44,0.17,"",0,00:00:48:13,,,,,,,,,,,,
,171538802,23/07/2024 16:47,24/07/2024 18:41,USOUSD,Buy,0.080,0.00000,0.00000,78.08100,78.72700,0.0000,0.0000,64.6,51.68,0.27,"",0,01:01:54:11,,,,,,,,,,,,
,187504475,19/07/2024 04:23,24/07/2024 17:58,XAUUSD,Buy,0.030,0.00000,0.00000,2425.04000,2431.36000,0.0000,0.0000,632.0,18.96,0.10,"",0,05:13:34:47,1.7,2h 16m,4011.0,6.22,632.0,18.96,-3929.0,-117.86999999999999,13.9,100.0,0.00,0.00
,187614837,19/07/2024 10:41,24/07/2024 17:58,XAUUSD,Buy,0.030,0.00000,0.00000,2414.36000,2431.01000,0.0000,0.0000,1665.0,49.95,0.27,"",0,05:07:16:19,8.9,11h 19m,2861.0,1.72,1665.0,49.949999999999996,-2861.0,-85.83,36.8,100.0,0.00,0.00
,187478700,19/07/2024 04:28,24/07/2024 17:58,XAUUSD,Buy,0.060,0.00000,0.00000,2422.29000,2430.89000,0.0000,0.0000,860.0,51.60,0.27,"",0,05:13:29:56,4.2,5h 36m,4011.0,4.25,860.0,51.6,-3654.0,-219.23999999999998,19.1,100.0,0.00,0.00
,189317876,23/07/2024 18:17,24/07/2024 17:58,XAUUSD,Buy,0.030,0.00000,0.00000,2405.88000,2430.76000,0.0000,0.0000,2488.0,74.64,0.40,"",0,00:23:40:37,95.8,22h 40m,764.0,0.08,2565.0,76.95,-208.0,-6.24,92.5,97.2,-77.00,-2.31
,189276683,23/07/2024 17:28,24/07/2024 17:58,XAUUSD,Buy,0.030,0.00000,0.00000,2403.50000,2430.72000,0.0000,0.0000,2722.0,81.66,0.44,"",0,01:00:29:28,99.7,1d ,764.0,0.01,2803.0,84.09,-35.0,-1.05,98.8,97.1,-81.00,-2.43
,168483008,11/06/2024 11:53,23/07/2024 18:55,USOUSD,Sell,0.030,0.00000,0.00000,77.92200,77.42100,0.0000,-2.3400,50.1,12.69,0.07,"",0,42:07:01:06,,,,,,,,,,,,
,168389786,11/06/2024 18:38,23/07/2024 18:17,USOUSD,Sell,0.030,0.00000,0.00000,78.36200,77.74100,0.0000,-2.3400,62.1,16.29,0.09,"",0,41:23:39:16,,,,,,,,,,,,
,170124340,13/06/2024 15:47,23/07/2024 18:17,USOUSD,Sell,0.050,0.00000,0.00000,78.20400,77.74100,0.0000,-1.2900,46.3,21.86,0.12,"",0,40:02:30:20,,,,,,,,,,,,
,189249309,23/07/2024 16:58,23/07/2024 17:03,XAUUSD,Buy,0.030,0.00000,0.00000,2401.86000,2402.60000,0.0000,0.0000,74.0,2.22,0.01,"",0,00:00:04:28,20.0,53s,0.0,0.01,74.0,2.2199999999999998,0.0,0.0,100.0,100.0,0.00,0.00
,170164767,13/06/2024 16:25,23/07/2024 16:47,USOUSD,Sell,0.050,0.00000,0.00000,78.70400,78.13100,0.0000,-1.2900,57.3,27.36,0.15,"",0,40:00:21:39,,,,,,,,,,,,
,169574974,12/06/2024 19:50,23/07/2024 16:47,USOUSD,Sell,0.070,0.00000,0.00000,78.62800,78.12100,0.0000,-3.6200,50.7,31.87,0.17,"",0,40:20:56:51,,,,,,,,,,,,
,188535514,22/07/2024 15:30,23/07/2024 14:50,XAUUSD,Buy,0.020,0.00000,0.00000,2396.79000,2408.34000,0.0000,0.0000,1155.0,23.10,0.12,"",0,00:23:20:16,56.5,13h 11m,1457.0,0.81,1365.0,27.3,-1104.0,-22.080000000000002,55.3,91.5,-210.00,-4.20
,187715654,19/07/2024 15:47,23/07/2024 14:50,XAUUSD,Buy,0.050,0.00000,0.00000,2402.57000,2408.28000,0.0000,0.0000,571.0,28.55,0.15,"",0,03:23:03:16,19.0,18h 3m,2559.0,1.92,877.0,43.85,-1682.0,-84.10000000000001,34.3,88.0,-306.00,-15.30
,187797287,19/07/2024 16:14,23/07/2024 14:50,XAUUSD,Buy,0.030,0.00000,0.00000,2396.86000,2408.28000,0.0000,0.0000,1142.0,34.26,0.19,"",0,03:22:35:29,85.5,3d 8h ,2559.0,0.77,1448.0,43.44,-1111.0,-33.33,56.6,88.0,-306.00,-9.18
,188941454,23/07/2024 09:24,23/07/2024 14:50,XAUUSD,Buy,0.030,0.00000,0.00000,2389.03000,2408.28000,0.0000,0.0000,1925.0,57.75,0.31,"",0,00:05:26:01,100.0,5h 26m,1203.0,0.00,2269.0,68.07,0.0,0.0,100.0,84.8,-344.00,-10.32
,188726592,22/07/2024 18:26,23/07/2024 04:29,XAUUSD,Buy,0.030,0.00000,0.00000,2385.08000,2403.54000,0.0000,0.0000,1846.0,55.38,0.30,"",0,00:10:03:11,100.0,10h 3m,677.0,0.00,1846.0,55.379999999999995,0.0,0.0,100.0,100.0,0.00,0.00
,188548511,22/07/2024 15:35,23/07/2024 04:29,XAUUSD,Buy,0.040,0.00000,0.00000,2390.25000,2403.36000,0.0000,0.0000,1311.0,52.44,0.29,"",0,00:12:54:01,93.6,12h 4m,677.0,0.34,1311.0,52.44,-450.0,-18.0,74.4,100.0,0.00,0.00
,171543064,17/06/2024 17:48,22/07/2024 16:51,USOUSD,Sell,0.030,0.00000,0.00000,79.08700,78.53000,0.0000,0.0000,55.7,16.71,0.09,"",0,34:23:03:39,,,,,,,,,,,,
,171546563,17/06/2024 17:54,22/07/2024 16:51,USOUSD,Sell,0.040,0.00000,0.00000,79.08700,78.58000,0.0000,0.0000,50.7,20.28,0.11,"",0,34:22:56:30,,,,,,,,,,,,
,170744854,14/06/2024 15:00,22/07/2024 16:51,USOUSD,Sell,0.050,0.00000,0.00000,79.04500,78.58000,0.0000,0.0000,46.5,23.25,0.13,"",0,38:01:50:36,,,,,,,,,,,,
,170179216,14/06/2024 14:42,22/07/2024 16:51,USOUSD,Sell,0.050,0.00000,0.00000,79.05000,78.59000,0.0000,0.0000,46.0,23.00,0.13,"",0,38:02:08:36,,,,,,,,,,,,
,169180520,12/06/2024 12:27,22/07/2024 16:51,USOUSD,Sell,0.070,0.00000,0.00000,78.99800,78.59000,0.0000,-3.6200,40.8,24.94,0.14,"",0,40:04:23:34,,,,,,,,,,,,
,171543307,17/06/2024 18:02,22/07/2024 16:22,USOUSD,Sell,0.050,0.00000,0.00000,79.26700,78.77000,0.0000,0.0000,49.7,24.85,0.14,"",0,34:22:20:36,,,,,,,,,,,,
,171691579,17/06/2024 20:55,22/07/2024 13:46,USOUSD,Sell,0.070,0.00000,0.00000,79.78800,79.34000,0.0000,0.0000,44.8,31.36,0.17,"",0,34:16:50:48,,,,,,,,,,,,
,171644980,17/06/2024 21:16,22/07/2024 13:46,USOUSD,Sell,0.070,0.00000,0.00000,79.96700,79.33000,0.0000,0.0000,63.7,44.59,0.25,"",0,34:16:29:24,,,,,,,,,,,,
,168190547,22/07/2024 02:00,,,Deposit,0.000,0.00000,0.00000,0.00000,0.00000,0.0000,0.0000,0.0,30.28,0,"Cash Promo - Funds Growth",0,00:00:00:00,,,,,,,,,,,,
,171693471,18/06/2024 16:50,19/07/2024 19:43,USOUSD,Sell,0.070,0.00000,0.00000,80.53300,80.21600,0.0000,0.0000,31.7,22.19,0.12,"",0,31:02:52:53,,,,,,,,,,,,
,172009067,18/06/2024 16:51,19/07/2024 19:43,USOUSD,Sell,0.070,0.00000,0.00000,80.55300,80.21600,0.0000,0.0000,33.7,23.59,0.13,"",0,31:02:52:37,,,,,,,,,,,,
,185920479,16/07/2024 18:11,19/07/2024 19:43,USOUSD,Sell,0.050,0.00000,0.00000,81.03100,80.23100,0.0000,0.0000,80.0,40.00,0.22,"",0,03:01:31:54,,,,,,,,,,,,
,172323753,18/06/2024 17:44,19/07/2024 19:43,USOUSD,Sell,0.090,0.00000,0.00000,80.95300,80.22600,0.0000,0.0000,72.7,65.43,0.37,"",0,31:01:58:48,,,,,,,,,,,,
,186462165,17/07/2024 15:36,19/07/2024 18:56,USOUSD,Sell,0.050,0.00000,0.00000,81.48800,80.93100,0.0000,0.0000,55.7,27.85,0.16,"",0,02:03:19:52,,,,,,,,,,,,
,186533202,17/07/2024 16:46,19/07/2024 16:28,USOUSD,Sell,0.030,0.00000,0.00000,82.01700,81.35600,0.0000,0.0000,66.1,19.83,0.11,"",0,01:23:42:37,,,,,,,,,,,,
,186499002,17/07/2024 16:23,19/07/2024 16:28,USOUSD,Sell,0.060,0.00000,0.00000,81.85700,81.34600,0.0000,0.0000,51.1,30.66,0.17,"",0,02:00:05:32,,,,,,,,,,,,
,187474905,19/07/2024 03:04,19/07/2024 11:26,USOUSD,Buy,0.060,0.00000,0.00000,81.70600,82.11500,0.0000,0.0000,40.9,24.54,0.14,"",0,00:08:22:45,,,,,,,,,,,,
,186625867,17/07/2024 17:58,19/07/2024 03:04,USOUSD,Sell,0.030,0.00000,0.00000,82.37700,81.68600,0.0000,0.0000,69.1,20.73,0.12,"",0,01:09:06:23,,,,,,,,,,,,
,187279950,18/07/2024 18:37,19/07/2024 03:04,USOUSD,Sell,0.030,0.00000,0.00000,82.52800,81.69100,0.0000,0.0000,83.7,25.11,0.14,"",0,00:08:26:38,,,,,,,,,,,,
,186706609,18/07/2024 04:10,19/07/2024 03:04,USOUSD,Sell,0.080,0.00000,0.00000,82.92800,81.70600,0.0000,0.0000,122.2,97.76,0.55,"",0,00:22:53:23,,,,,,,,,,,,
,186920912,18/07/2024 10:08,18/07/2024 11:43,XAUUSD,Sell,0.050,0.00000,0.00000,2474.75000,2468.44000,0.0000,0.0000,631.0,31.55,0.18,"",0,00:01:34:26,100.0,1h 34m,665.0,0.00,1296.0,64.8,0.0,0.0,100.0,48.7,-665.00,-33.25
,184767276,15/07/2024 06:48,18/07/2024 04:11,USOUSD,Buy,0.050,0.00000,83.06900,82.47200,83.07800,0.0000,0.0000,60.6,30.30,0.17,"[tp 83.069]",0,02:21:22:59,,,,,,,,,,,,
,185944012,16/07/2024 18:34,17/07/2024 19:27,XAUUSD,Sell,0.050,0.00000,0.00000,2460.81000,2453.25000,0.0000,0.0000,756.0,37.80,0.22,"",0,01:00:52:20,14.8,3h 40m,2203.0,2.91,756.0,37.800000000000004,-2203.0,-110.15,25.5,100.0,0.00,0.00
,186224809,17/07/2024 09:04,17/07/2024 19:27,XAUUSD,Sell,0.050,0.00000,0.00000,2465.36000,2453.25000,0.0000,0.0000,1211.0,60.55,0.35,"",0,00:10:22:52,44.0,4h 34m,1748.0,1.44,1213.0,60.650000000000006,-1748.0,-87.4,41.0,99.9,-2.00,-0.10
,186540145,17/07/2024 16:52,17/07/2024 17:11,XAUUSD,Sell,0.020,0.00000,0.00000,2479.76000,2469.28000,0.0000,0.0000,1048.0,20.96,0.12,"",0,00:00:18:35,100.0,18m,1457.0,0.00,2505.0,50.1,0.0,0.0,100.0,41.8,-1457.00,-29.14
,185490823,16/07/2024 09:49,17/07/2024 16:22,USOUSD,Buy,0.080,0.00000,0.00000,81.33700,81.85700,0.0000,0.0000,52.0,41.60,0.24,"",0,01:06:33:43,,,,,,,,,,,,
,185563346,16/07/2024 11:46,17/07/2024 16:22,USOUSD,Buy,0.050,0.00000,0.00000,81.18700,81.85700,0.0000,0.0000,67.0,33.50,0.19,"",0,01:04:36:12,,,,,,,,,,,,
,186296998,17/07/2024 11:16,17/07/2024 13:52,XAUUSD,Sell,0.050,0.00000,0.00000,2478.65000,2469.11000,0.0000,0.0000,954.0,47.70,0.28,"",0,00:02:35:54,94.9,2h 27m,1118.0,0.12,996.0,49.800000000000004,-122.0,-6.1000000000000005,89.1,96.2,-42.00,-2.10
,185548575,16/07/2024 14:04,17/07/2024 11:22,USOUSD,Buy,0.080,0.00000,0.00000,80.92700,81.10700,0.0000,0.0000,18.0,14.40,0.08,"",0,00:21:18:11,,,,,,,,,,,,
,186150043,17/07/2024 04:34,17/07/2024 09:03,XAUUSD,Sell,0.050,0.00000,0.00000,2476.88000,2465.76000,0.0000,0.0000,1112.0,55.60,0.32,"",0,00:04:28:57,97.1,4h 21m,1637.0,0.10,1488.0,74.4,-149.0,-7.45,90.9,77.0,-376.00,-18.80
,185659044,16/07/2024 14:36,16/07/2024 17:56,USOUSD,Buy,0.080,0.00000,0.00000,80.59700,81.06100,0.0000,0.0000,46.4,37.12,0.22,"",0,00:03:20:16,,,,,,,,,,,,
,184857035,15/07/2024 11:19,16/07/2024 09:48,USOUSD,Sell,0.030,0.00000,0.00000,82.24600,81.31800,0.0000,0.0000,92.8,27.84,0.16,"",0,00:22:29:00,,,,,,,,,,,,
,184764943,15/07/2024 06:37,16/07/2024 09:48,USOUSD,Sell,0.080,0.00000,0.00000,82.45600,81.31800,0.0000,0.0000,113.8,91.04,0.53,"",0,01:03:10:59,,,,,,,,,,,,
,184752255,15/07/2024 05:22,16/07/2024 09:48,USOUSD,Sell,0.050,0.00000,0.00000,82.26600,81.31800,0.0000,0.0000,94.8,47.40,0.28,"",0,01:04:26:11,,,,,,,,,,,,
,184734696,15/07/2024 04:07,16/07/2024 09:48,USOUSD,Sell,0.050,0.00000,0.00000,81.75100,81.31800,0.0000,0.0000,43.3,21.65,0.13,"",0,01:05:40:40,,,,,,,,,,,,
,182944832,10/07/2024 17:58,16/07/2024 09:48,USOUSD,Sell,0.070,0.00000,0.00000,81.88700,81.31800,0.0000,0.0000,56.9,39.83,0.23,"",0,05:15:50:18,,,,,,,,,,,,
,185214613,15/07/2024 18:57,16/07/2024 09:48,USOUSD,Sell,0.030,0.00000,0.00000,81.93600,81.31800,0.0000,0.0000,61.8,18.54,0.11,"",0,00:14:51:09,,,,,,,,,,,,
,185214602,15/07/2024 18:57,16/07/2024 09:48,USOUSD,Sell,0.030,0.00000,0.00000,81.93600,81.31800,0.0000,0.0000,61.8,18.54,0.11,"",0,00:14:51:11,,,,,,,,,,,,
,184733734,15/07/2024 04:03,15/07/2024 04:45,USOUSD,Buy,0.050,0.00000,82.14000,81.80700,82.14600,0.0000,0.0000,33.9,16.95,0.10,"[tp 82.140]",0,00:00:41:34,,,,,,,,,,,,
,182951709,10/07/2024 18:05,15/07/2024 04:03,USOUSD,Sell,0.050,0.00000,0.00000,82.20700,81.80200,0.0000,0.0000,40.5,20.25,0.12,"",0,04:09:57:40,,,,,,,,,,,,
,182393645,10/07/2024 18:23,15/07/2024 04:03,USOUSD,Sell,0.060,0.00000,0.00000,82.44700,81.80200,0.0000,0.0000,64.5,38.70,0.23,"",0,04:09:39:37,,,,,,,,,,,,
,183148227,11/07/2024 05:47,15/07/2024 04:03,USOUSD,Sell,0.080,0.00000,0.00000,82.90300,81.80200,0.0000,0.0000,110.1,88.08,0.52,"",0,03:22:16:01,,,,,,,,,,,,
,184280181,12/07/2024 17:17,15/07/2024 02:20,XAUUSD,Sell,0.040,0.00000,0.00000,2409.70000,2406.56000,0.0000,0.0000,314.0,12.56,0.07,"",0,02:09:03:22,6.5,3h 42m,836.0,1.83,458.0,18.32,-836.0,-33.44,35.4,88.9,-144.00,-5.76
,183974468,12/07/2024 10:56,12/07/2024 18:52,USOUSD,Sell,0.030,0.00000,0.00000,83.42900,82.68500,0.0000,0.0000,74.4,22.32,0.13,"",0,00:07:55:31,,,,,,,,,,,,
,184001461,12/07/2024 11:49,12/07/2024 18:52,USOUSD,Sell,0.030,0.00000,0.00000,83.52900,82.68500,0.0000,0.0000,84.4,25.32,0.15,"",0,00:07:02:56,,,,,,,,,,,,
,181221757,12/07/2024 11:58,12/07/2024 18:52,USOUSD,Sell,0.050,0.00000,0.00000,83.69900,82.65500,0.0000,0.0000,104.4,52.20,0.31,"",0,00:06:53:14,,,,,,,,,,,,
,183412710,11/07/2024 15:32,12/07/2024 15:31,XAUUSD,Sell,0.070,0.00000,0.00000,2398.90000,2394.00000,0.0000,0.0000,490.0,34.30,0.21,"",0,00:23:58:33,2.8,40m,2021.0,3.43,590.0,41.300000000000004,-2021.0,-141.47000000000003,22.6,96.2,-100.00,-7.00
,183526414,11/07/2024 16:28,12/07/2024 15:31,XAUUSD,Sell,0.070,0.00000,0.00000,2410.16000,2394.24000,0.0000,0.0000,1592.0,111.44,0.67,"",0,00:23:03:09,62.1,14h 18m,1122.0,0.46,1716.0,120.12,-784.0,-54.88,68.6,95.0,-124.00,-8.68
,183648078,11/07/2024 18:19,12/07/2024 15:31,XAUUSD,Sell,0.070,0.00000,0.00000,2420.15000,2394.44000,0.0000,0.0000,2571.0,179.97,1.10,"",0,00:21:12:00,100.0,21h 12m,1122.0,0.00,2715.0,190.05,0.0,0.0,100.0,94.7,-144.00,-10.08
,181247887,08/07/2024 07:40,12/07/2024 10:54,USOUSD,Buy,0.050,0.00000,0.00000,83.05200,83.46900,0.0000,0.0000,41.7,20.85,0.13,"",0,04:03:13:44,,,,,,,,,,,,
,181705591,08/07/2024 18:42,11/07/2024 05:46,USOUSD,Buy,0.050,0.00000,0.00000,82.52200,82.90300,0.0000,0.0000,38.1,19.05,0.12,"",0,02:11:03:58,,,,,,,,,,,,
,181906690,09/07/2024 06:06,10/07/2024 18:30,USOUSD,Buy,0.070,0.00000,0.00000,82.24800,82.47700,0.0000,0.0000,22.9,16.03,0.10,"",0,01:12:24:28,,,,,,,,,,,,
,182383236,09/07/2024 18:53,10/07/2024 18:01,USOUSD,Buy,0.050,0.00000,0.00000,81.92300,82.28200,0.0000,0.0000,35.9,17.95,0.11,"",0,00:23:07:52,,,,,,,,,,,,
,182366929,09/07/2024 18:34,10/07/2024 17:57,USOUSD,Buy,0.090,0.00000,0.00000,81.50300,81.84700,0.0000,0.0000,34.4,30.96,0.19,"",0,00:23:23:06,,,,,,,,,,,,
,182591892,10/07/2024 08:51,10/07/2024 17:57,USOUSD,Buy,0.060,0.00000,0.00000,81.20300,81.88700,0.0000,0.0000,68.4,41.04,0.25,"",0,00:09:06:21,,,,,,,,,,,,
,179503470,10/07/2024 09:16,10/07/2024 17:57,USOUSD,Buy,0.070,0.00000,0.00000,81.00300,81.88700,0.0000,0.0000,88.4,61.88,0.38,"",0,00:08:41:51,,,,,,,,,,,,
,182689536,10/07/2024 12:31,10/07/2024 12:35,XAUUSD,Buy,0.030,0.00000,0.00000,2373.05000,2373.02000,0.0000,0.0000,-3.0,-0.09,0.00,"",0,00:00:03:33,,,,,,,,,,,,
,174746365,24/06/2024 17:14,10/07/2024 09:58,USOUSD,Sell,0.030,0.00000,0.00000,81.49700,81.07400,0.0000,0.0000,42.3,12.69,0.08,"",0,15:16:44:13,,,,,,,,,,,,
,174745213,24/06/2024 12:29,10/07/2024 09:58,USOUSD,Sell,0.030,0.00000,0.00000,81.37700,81.06900,0.0000,0.0000,30.8,9.24,0.06,"",0,15:21:29:25,,,,,,,,,,,,
,182347931,09/07/2024 18:16,09/07/2024 18:37,XAUUSD,Buy,0.070,0.00000,0.00000,2352.70000,2354.30000,0.0000,0.0000,160.0,11.20,0.07,"",0,00:00:20:43,100.0,20m,1051.0,0.00,1211.0,84.77000000000001,0.0,0.0,100.0,13.2,-1051.00,-73.57
,174131261,21/06/2024 16:08,09/07/2024 18:34,USOUSD,Sell,0.020,0.00000,0.00000,81.85000,81.50800,0.0000,0.0000,34.2,6.84,0.04,"",0,18:02:26:23,,,,,,,,,,,,
,173505992,20/06/2024 18:00,09/07/2024 18:34,USOUSD,Sell,0.050,0.00000,0.00000,81.79900,81.50300,0.0000,0.0000,29.6,14.80,0.09,"",0,19:00:34:35,,,,,,,,,,,,
,175012057,24/06/2024 18:26,09/07/2024 18:34,USOUSD,Sell,0.050,0.00000,0.00000,81.85700,81.49800,0.0000,0.0000,35.9,17.95,0.11,"",0,15:00:08:28,,,,,,,,,,,,
,175182127,27/06/2024 16:05,09/07/2024 18:34,USOUSD,Sell,0.050,0.00000,0.00000,82.10400,81.48800,0.0000,0.0000,61.6,30.80,0.19,"",0,12:02:29:00,,,,,,,,,,,,
,176758078,27/06/2024 16:11,09/07/2024 18:34,USOUSD,Sell,0.050,0.00000,0.00000,82.20400,81.49800,0.0000,0.0000,70.6,35.30,0.22,"",0,12:02:22:48,,,,,,,,,,,,
,182004956,09/07/2024 11:37,09/07/2024 17:52,USOUSD,Buy,0.050,0.00000,0.00000,81.94800,82.40200,0.0000,0.0000,45.4,22.70,0.14,"",0,00:06:15:17,,,,,,,,,,,,
,182227147,09/07/2024 16:59,09/07/2024 17:04,XAUUSD,Sell,0.030,0.00000,0.00000,2367.84000,2362.59000,0.0000,0.0000,525.0,15.75,0.10,"",0,00:00:05:26,100.0,5m,395.0,0.00,920.0,27.599999999999998,0.0,0.0,100.0,57.1,-395.00,-11.85
,182226330,09/07/2024 17:00,09/07/2024 17:04,XAUUSD,Sell,0.030,0.00000,0.00000,2369.85000,2363.20000,0.0000,0.0000,665.0,19.95,0.13,"",0,00:00:04:07,100.0,4m,433.0,0.00,1098.0,32.94,0.0,0.0,100.0,60.6,-433.00,-12.99
,177072130,28/06/2024 05:29,09/07/2024 06:05,USOUSD,Sell,0.090,0.00000,0.00000,82.43900,82.24800,0.0000,0.0000,19.1,17.19,0.11,"",0,11:00:36:27,,,,,,,,,,,,
,178152089,01/07/2024 18:32,08/07/2024 18:43,USOUSD,Sell,0.090,0.00000,0.00000,83.12600,82.52700,0.0000,0.0000,59.9,53.91,0.34,"",0,07:00:10:23,,,,,,,,,,,,
,161421725,08/07/2024 05:54,,,Withdrawal,0.000,0.00000,0.00000,0.00000,0.00000,0.0000,0.0000,0.0,-1000.00,0,"Withdraw-TH-CPS",0,00:00:00:00,,,,,,,,,,,,
,180168661,04/07/2024 18:12,08/07/2024 05:14,USOUSD,Sell,0.050,0.00000,0.00000,84.04300,82.93200,0.0000,0.0000,111.1,55.55,0.33,"",0,03:11:02:21,,,,,,,,,,,,
,180426584,05/07/2024 18:07,08/07/2024 05:14,USOUSD,Sell,0.050,0.00000,0.00000,84.46900,82.93200,0.0000,0.0000,153.7,76.85,0.46,"",0,02:11:06:31,,,,,,,,,,,,
,161371766,08/07/2024 02:00,,,Deposit,0.000,0.00000,0.00000,0.00000,0.00000,0.0000,0.0000,0.0,16.75,0,"Cash Promo - Funds Growth",0,00:00:00:00,,,,,,,,,,,,
,180623322,05/07/2024 15:33,05/07/2024 17:05,XAUUSD,Sell,0.030,0.00000,0.00000,2374.47000,2378.01000,0.0000,0.0000,-354.0,-10.62,-0.06,"",0,00:01:32:42,0.0,0s,1395.0,1428.57,0.0,0.0,-1395.0,-41.85,0.0,74.6,-354.00,-10.62
,180739154,05/07/2024 16:42,05/07/2024 17:05,XAUUSD,Sell,0.030,0.00000,0.00000,2384.18000,2377.53000,0.0000,0.0000,665.0,19.95,0.12,"",0,00:00:22:50,4.4,1m,424.0,0.64,665.0,19.95,-424.0,-12.719999999999999,61.1,100.0,0.00,0.00
,180741938,05/07/2024 16:42,05/07/2024 17:05,XAUUSD,Sell,0.030,0.00000,0.00000,2384.64000,2377.98000,0.0000,0.0000,666.0,19.98,0.12,"",0,00:00:22:17,4.6,1m,234.0,0.35,666.0,19.98,-234.0,-7.02,74.0,100.0,0.00,0.00
,148370399,26/04/2024 23:57,05/07/2024 10:40,USOUSD,Buy,0.050,0.00000,0.00000,84.04600,84.33900,0.0000,1.7200,29.3,16.37,0.10,"",0,69:10:43:36,,,,,,,,,,,,
,179530447,03/07/2024 16:42,04/07/2024 09:19,XAUUSD,Sell,0.030,0.00000,0.00000,2355.23000,2354.72000,0.0000,0.0000,51.0,1.53,0.01,"",0,00:16:37:18,14.6,2h 25m,812.0,2.69,248.0,7.4399999999999995,-667.0,-20.009999999999998,27.1,78.5,-197.00,-5.91
,179546361,03/07/2024 17:17,04/07/2024 08:38,XAUUSD,Sell,0.030,0.00000,0.00000,2364.13000,2357.35000,0.0000,0.0000,678.0,20.34,0.12,"",0,00:15:20:57,100.0,15h 20m,812.0,0.00,1138.0,34.14,0.0,0.0,100.0,59.6,-460.00,-13.80
,179657698,03/07/2024 21:21,04/07/2024 07:19,USOUSD,Sell,0.050,0.00000,0.00000,83.93800,83.52900,0.0000,0.0000,40.9,20.45,0.12,"",0,00:09:57:49,,,,,,,,,,,,
,179643263,03/07/2024 17:57,03/07/2024 19:42,USOUSD,Buy,0.050,0.00000,83.42200,82.77400,83.42800,0.0000,0.0000,65.4,32.70,0.20,"[tp 83.422]",0,00:01:44:30,,,,,,,,,,,,
,178421629,02/07/2024 03:59,03/07/2024 17:56,USOUSD,Sell,0.050,0.00000,0.00000,83.62200,82.88400,0.0000,0.0000,73.8,36.90,0.22,"",0,01:13:57:16,,,,,,,,,,,,
,178414082,02/07/2024 11:31,03/07/2024 17:56,USOUSD,Sell,0.090,0.00000,0.00000,84.00200,82.86400,0.0000,0.0000,113.8,102.42,0.62,"",0,01:06:24:24,,,,,,,,,,,,
,179306803,03/07/2024 12:24,03/07/2024 16:02,USOUSD,Buy,0.050,0.00000,0.00000,83.07900,83.36800,0.0000,0.0000,28.9,14.45,0.09,"",0,00:03:38:19,,,,,,,,,,,,
,148729225,29/04/2024 12:11,02/07/2024 11:42,USOUSD,Buy,0.030,0.00000,0.00000,83.75100,84.07200,0.0000,1.0300,32.1,10.66,0.06,"",0,63:23:31:26,,,,,,,,,,,,
,148720786,29/04/2024 15:22,02/07/2024 11:42,USOUSD,Buy,0.050,0.00000,0.00000,83.58000,84.07200,0.0000,1.7200,49.2,26.32,0.16,"",0,63:20:20:32,,,,,,,,,,,,
,149037537,29/04/2024 20:33,02/07/2024 02:46,USOUSD,Buy,0.050,0.00000,0.00000,82.99500,83.60200,0.0000,1.7200,60.7,32.07,0.20,"",0,63:06:12:57,,,,,,,,,,,,
,149167464,30/04/2024 03:58,02/07/2024 02:46,USOUSD,Buy,0.050,0.00000,0.00000,82.76300,83.60200,0.0000,1.7200,83.9,43.67,0.27,"",0,62:22:48:15,,,,,,,,,,,,
,158048079,01/07/2024 02:00,,,Deposit,0.000,0.00000,0.00000,0.00000,0.00000,0.0000,0.0000,0.0,16.75,0,"Cash Promo - Funds Growth",0,00:00:00:00,,,,,,,,,,,,
,149216430,30/04/2024 16:28,28/06/2024 12:15,USOUSD,Buy,0.050,0.00000,82.88900,82.46300,82.89000,0.0000,1.7200,42.7,23.07,0.14,"[tp 82.889]",0,58:19:47:00,,,,,,,,,,,,
,149716227,30/04/2024 18:49,28/06/2024 05:30,USOUSD,Buy,0.050,0.00000,0.00000,82.10300,82.43900,0.0000,1.7200,33.6,18.52,0.11,"",0,58:10:40:42,,,,,,,,,,,,
,149718007,30/04/2024 18:53,28/06/2024 05:30,USOUSD,Buy,0.050,0.00000,0.00000,82.10300,82.44900,0.0000,1.7200,34.6,19.02,0.12,"",0,58:10:37:10,,,,,,,,,,,,
,174288293,21/06/2024 17:48,27/06/2024 17:03,XAUUSD,Buy,0.030,0.00000,0.00000,2332.05000,2328.68000,0.0000,0.0000,-337.0,-10.11,-0.06,"",0,05:23:15:13,4.8,6h 52m,4001.0,9.01,400.0,12.0,-3601.0,-108.03,10.0,81.6,-737.00,-22.11
,175497422,25/06/2024 15:55,27/06/2024 17:01,XAUUSD,Buy,0.030,0.00000,2328.88000,2325.61000,2329.24000,0.0000,0.0000,363.0,10.89,0.07,"[tp 2328.88]",0,02:01:05:38,5.0,2h 27m,3086.0,6.64,465.0,13.95,-3086.0,-92.58,13.1,97.1,-102.00,-3.06
,175237133,25/06/2024 08:57,27/06/2024 17:01,XAUUSD,Buy,0.030,0.00000,2328.61000,2324.92000,2328.57000,0.0000,0.0000,365.0,10.95,0.07,"[tp 2328.61]",0,02:08:03:34,13.6,7h 37m,4176.0,2.60,1159.0,34.769999999999996,-3017.0,-90.50999999999999,27.8,81.0,-794.00,-23.82
,175236931,25/06/2024 16:35,27/06/2024 16:00,XAUUSD,Buy,0.030,0.00000,0.00000,2320.55000,2321.15000,0.0000,0.0000,60.0,1.80,0.01,"",0,01:23:25:19,9.2,4h 21m,2650.0,2.66,971.0,29.13,-2580.0,-77.39999999999999,27.3,74.3,-911.00,-27.33
,175717799,25/06/2024 20:07,27/06/2024 16:00,XAUUSD,Buy,0.030,0.00000,0.00000,2317.43000,2320.95000,0.0000,0.0000,352.0,10.56,0.07,"",0,01:19:53:26,25.9,11h 22m,2650.0,1.77,1283.0,38.49,-2268.0,-68.03999999999999,36.1,73.8,-931.00,-27.93
,175831959,26/06/2024 04:50,27/06/2024 16:00,XAUUSD,Buy,0.050,0.00000,0.00000,2311.47000,2321.12000,0.0000,0.0000,965.0,48.25,0.30,"",0,01:11:10:04,35.6,12h 31m,2300.0,0.89,1879.0,93.95,-1672.0,-83.60000000000001,52.9,74.3,-914.00,-45.70
,176068700,26/06/2024 14:21,27/06/2024 12:51,XAUUSD,Buy,0.030,0.00000,0.00000,2306.47000,2312.50000,0.0000,0.0000,603.0,18.09,0.11,"",0,00:22:30:36,18.9,4h 15m,1136.0,0.58,1739.0,52.169999999999995,-1001.0,-30.029999999999998,63.5,58.5,-1136.00,-34.08
,176034556,26/06/2024 16:17,27/06/2024 12:11,XAUUSD,Buy,0.050,0.00000,0.00000,2302.23000,2310.36000,0.0000,0.0000,813.0,40.65,0.25,"",0,00:19:54:40,23.1,4h 35m,946.0,0.30,1759.0,87.95,-533.0,-26.650000000000002,76.7,58.7,-946.00,-47.30
,176201561,26/06/2024 16:44,27/06/2024 12:11,XAUUSD,Buy,0.030,0.00000,0.00000,2295.34000,2310.36000,0.0000,0.0000,1502.0,45.06,0.28,"",0,00:19:27:00,100.0,19h 27m,946.0,0.00,2448.0,73.44,0.0,0.0,100.0,61.4,-946.00,-28.38
,176238461,26/06/2024 16:59,27/06/2024 12:11,XAUUSD,Buy,0.050,0.00000,0.00000,2296.54000,2310.27000,0.0000,0.0000,1373.0,68.65,0.43,"",0,00:19:12:03,100.0,19h 12m,955.0,0.00,2328.0,116.4,0.0,0.0,100.0,59.0,-955.00,-47.75
,175403164,25/06/2024 14:07,25/06/2024 15:55,USOUSD,Buy,0.050,0.00000,0.00000,81.41800,81.68800,0.0000,0.0000,27.0,13.50,0.08,"",0,00:01:47:58,,,,,,,,,,,,
,149710819,01/05/2024 01:01,24/06/2024 18:26,USOUSD,Buy,0.050,0.00000,0.00000,81.64100,81.84700,0.0000,1.7200,20.6,12.02,0.08,"",0,54:17:25:07,,,,,,,,,,,,
,174758901,24/06/2024 12:35,24/06/2024 16:28,XAUUSD,Buy,0.030,0.00000,0.00000,2324.94000,2331.08000,0.0000,0.0000,614.0,18.42,0.12,"",0,00:03:53:19,99.2,3h 51m,608.0,0.08,851.0,25.529999999999998,-72.0,-2.16,92.2,74.3,-237.00,-7.11
,174391490,21/06/2024 20:11,24/06/2024 12:25,XAUUSD,Buy,0.030,0.00000,0.00000,2320.57000,2330.09000,0.0000,0.0000,952.0,28.56,0.18,"",0,02:16:14:49,22.5,14h 27m,718.0,0.27,1099.0,32.97,-297.0,-8.91,78.7,89.5,-147.00,-4.41
,154952804,24/06/2024 02:00,,,Deposit,0.000,0.00000,0.00000,0.00000,0.00000,0.0000,0.0000,0.0,12.50,0,"Cash Promo - Funds Growth",0,00:00:00:00,,,,,,,,,,,,
,173760782,21/06/2024 04:24,21/06/2024 05:16,XAUUSD,Buy,0.030,0.00000,0.00000,2360.62000,2360.85000,0.0000,0.0000,23.0,0.69,0.00,"",0,00:00:52:30,100.0,52m,223.0,0.00,246.0,7.38,0.0,0.0,100.0,9.3,-223.00,-6.69
,173513123,20/06/2024 17:51,20/06/2024 18:34,XAUUSD,Sell,0.030,0.00000,0.00000,2362.31000,2354.31000,0.0000,0.0000,800.0,24.00,0.15,"",0,00:00:42:46,2.4,1m,0.0,0.00,800.0,24.0,0.0,0.0,100.0,100.0,0.00,0.00
,150216029,01/05/2024 17:16,20/06/2024 18:08,USOUSD,Buy,0.050,0.00000,0.00000,81.45100,81.71400,0.0000,1.7200,26.3,14.87,0.09,"",0,50:00:51:35,,,,,,,,,,,,
,149966946,01/05/2024 10:41,20/06/2024 18:07,USOUSD,Buy,0.050,0.00000,0.00000,81.09200,81.72400,0.0000,1.7200,63.2,33.32,0.21,"",0,50:07:25:48,,,,,,,,,,,,
,150244396,01/05/2024 17:50,18/06/2024 17:44,USOUSD,Buy,0.050,0.00000,0.00000,80.51100,80.96300,0.0000,1.7200,45.2,24.32,0.15,"",0,47:23:54:13,,,,,,,,,,,,
,150239425,01/05/2024 17:45,18/06/2024 17:44,USOUSD,Buy,0.050,0.00000,0.00000,80.59600,80.96300,0.0000,1.7200,36.7,20.07,0.13,"",0,47:23:59:05,,,,,,,,,,,,
,163485020,30/05/2024 18:00,17/06/2024 20:49,USOUSD,Buy,0.050,0.00000,0.00000,79.06400,79.73700,0.0000,1.7200,67.3,35.37,0.22,"",0,18:02:49:29,,,,,,,,,,,,
,163368152,30/05/2024 15:55,17/06/2024 20:49,USOUSD,Buy,0.070,0.00000,0.00000,79.09900,79.73700,0.0000,2.4100,63.8,47.07,0.30,"",0,18:04:54:07,,,,,,,,,,,,
,163273417,30/05/2024 13:55,17/06/2024 20:49,USOUSD,Buy,0.060,0.00000,0.00000,79.25900,79.73700,0.0000,2.0900,47.8,30.77,0.20,"",0,18:06:54:44,,,,,,,,,,,,
,163197169,30/05/2024 12:54,17/06/2024 20:49,USOUSD,Buy,0.060,0.00000,0.00000,79.17900,79.73700,0.0000,2.0900,55.8,35.57,0.23,"",0,18:07:55:47,,,,,,,,,,,,
,168113783,10/06/2024 18:43,12/06/2024 15:31,XAUUSD,Buy,0.040,0.00000,0.00000,2307.49000,2324.69000,0.0000,-2.4600,1720.0,66.34,0.43,"",0,01:20:48:16,76.3,1d 10h ,1953.0,0.25,3367.0,134.68,-832.0,-33.28,80.2,60.8,-1647.00,-65.88
,168335099,11/06/2024 05:55,12/06/2024 15:31,XAUUSD,Buy,0.040,0.00000,0.00000,2301.95000,2325.39000,0.0000,-1.2300,2344.0,92.53,0.60,"",0,01:09:35:35,99.3,1d 9h ,1953.0,0.03,3921.0,156.84,-130.0,-5.2,96.8,61.1,-1577.00,-63.08
,163467807,30/05/2024 17:43,12/06/2024 12:27,USOUSD,Buy,0.050,0.00000,0.00000,78.87900,79.01800,0.0000,1.2800,13.9,8.23,0.05,"",0,12:18:43:18,,,,,,,,,,,,
,163383798,30/05/2024 16:14,12/06/2024 12:27,USOUSD,Buy,0.070,0.00000,0.00000,78.64900,79.01300,0.0000,1.7900,36.4,27.27,0.18,"",0,12:20:13:00,,,,,,,,,,,,
,163931004,31/05/2024 16:54,12/06/2024 08:50,USOUSD,Buy,0.070,0.00000,0.00000,78.14500,78.53800,0.0000,1.7900,39.3,29.30,0.19,"",0,11:15:56:01,,,,,,,,,,,,
,164004335,31/05/2024 17:16,11/06/2024 18:57,USOUSD,Buy,0.070,0.00000,0.00000,77.86500,78.21200,0.0000,1.4800,34.7,25.77,0.17,"",0,11:01:40:40,,,,,,,,,,,,
,168219078,10/06/2024 23:55,11/06/2024 07:42,USOUSD,Sell,0.030,0.00000,0.00000,78.35200,77.83800,0.0000,-0.7800,51.4,14.64,0.10,"",0,00:07:47:04,,,,,,,,,,,,
,164061520,31/05/2024 18:45,10/06/2024 18:43,USOUSD,Buy,0.070,0.00000,0.00000,76.95000,77.35700,0.0000,1.1700,40.7,29.66,0.19,"",0,09:23:57:21,,,,,,,,,,,,
,167950207,10/06/2024 15:28,10/06/2024 18:43,XAUUSD,Buy,0.030,0.00000,0.00000,2306.09000,2307.31000,0.0000,0.0000,122.0,3.66,0.02,"",0,00:03:14:46,94.9,3h 4m,558.0,0.08,680.0,20.4,-53.0,-1.5899999999999999,92.8,23.9,-558.00,-16.74
,164003207,31/05/2024 18:45,10/06/2024 18:43,USOUSD,Buy,0.070,0.00000,0.00000,77.00500,77.35700,0.0000,1.1700,35.2,25.81,0.17,"",0,09:23:57:25,,,,,,,,,,,,
,164650851,03/06/2024 16:39,10/06/2024 17:51,USOUSD,Buy,0.070,0.00000,0.00000,76.13200,76.93700,0.0000,1.1700,80.5,57.52,0.38,"[tp 76.934]",0,07:01:12:05,,,,,,,,,,,,
,164651195,03/06/2024 16:45,10/06/2024 17:51,USOUSD,Buy,0.070,0.00000,0.00000,75.87700,76.92700,0.0000,1.1700,105.0,74.67,0.49,"[tp 76.923]",0,07:01:05:47,,,,,,,,,,,,
,167326721,07/06/2024 18:31,07/06/2024 22:13,XAUUSD,Buy,0.040,2297.16000,0.00000,2307.02000,2297.05000,0.0000,0.0000,-997.0,-39.88,-0.26,"[sl 2297.16]",0,00:03:41:58,0.0,0s,2016.0,2500.00,0.0,0.0,-2016.0,-80.64,0.0,50.5,-997.00,-39.88
,167194988,07/06/2024 15:30,07/06/2024 22:13,XAUUSD,Buy,0.030,2297.42000,0.00000,2319.19000,2297.05000,0.0000,0.0000,-2214.0,-66.42,-0.43,"[sl 2297.42]",0,00:06:43:39,0.0,0s,3233.0,3333.33,0.0,0.0,-3233.0,-96.99,0.0,31.5,-2214.00,-66.42
,166301624,06/06/2024 09:43,07/06/2024 03:29,USOUSD,Buy,0.040,0.00000,0.00000,74.64500,75.84900,0.0000,0.1700,120.4,48.33,0.32,"",0,00:17:45:36,,,,,,,,,,,,
,165105937,04/06/2024 11:54,07/06/2024 03:29,USOUSD,Buy,0.100,0.00000,0.00000,73.09800,75.84900,0.0000,0.4200,275.1,275.52,1.84,"",0,02:15:34:39,,,,,,,,,,,,
,164832695,04/06/2024 04:39,07/06/2024 03:29,USOUSD,Buy,0.040,0.00000,0.00000,73.87800,75.84900,0.0000,0.1700,197.1,79.01,0.53,"",0,02:22:49:21,,,,,,,,,,,,
,164674421,03/06/2024 16:55,07/06/2024 03:29,USOUSD,Buy,0.070,0.00000,0.00000,75.17200,75.84900,0.0000,0.2900,67.7,47.68,0.32,"",0,03:10:33:48,,,,,,,,,,,,
,146398929,04/06/2024 11:07,,,Deposit,0.000,0.00000,0.00000,0.00000,0.00000,0.0000,0.0000,0.0,900.00,0,"Deposit-TH-Xpay-CPS-APP",0,00:00:00:00,,,,,,,,,,,,
,146325436,04/06/2024 08:58,,,Deposit,0.000,0.00000,0.00000,0.00000,0.00000,0.0000,0.0000,0.0,900.00,0,"Deposit-TH-Xpay-CPS-APP",0,00:00:00:00,,,,,,,,,,,,
,146307016,04/06/2024 07:04,,,Deposit,0.000,0.00000,0.00000,0.00000,0.00000,0.0000,0.0000,0.0,300.00,0,"Deposit-TH-Xpay-CPS-APP",0,00:00:00:00,,,,,,,,,,,,
,146032759,03/06/2024 17:05,,,Deposit,0.000,0.00000,0.00000,0.00000,0.00000,0.0000,0.0000,0.0,550.00,0,"Deposit-TH-Xpay-CPS-APP",0,00:00:00:00,,,,,,,,,,,,
,146005484,03/06/2024 16:54,,,Deposit,0.000,0.00000,0.00000,0.00000,0.00000,0.0000,0.0000,0.0,900.00,0,"Deposit-TH-Xpay-CPS-APP",0,00:00:00:00,,,,,,,,,,,,
,163362522,30/05/2024 20:09,31/05/2024 15:57,USOUSD,Buy,0.070,0.00000,0.00000,78.08900,78.83900,0.0000,0.0000,75.0,52.50,0.50,"",0,00:19:47:55,,,,,,,,,,,,
,162770248,30/05/2024 20:11,31/05/2024 15:57,USOUSD,Buy,0.070,0.00000,0.00000,78.04900,78.82900,0.0000,0.0000,78.0,54.60,0.52,"",0,00:19:45:18,,,,,,,,,,,,
,163176933,30/05/2024 10:54,30/05/2024 11:43,USOUSD,Buy,0.060,0.00000,0.00000,79.18400,79.46300,0.0000,0.0000,27.9,16.74,0.16,"",0,00:00:49:53,,,,,,,,,,,,
,161951342,28/05/2024 12:01,30/05/2024 11:01,USOUSD,Sell,0.040,0.00000,0.00000,79.04100,79.12900,0.0000,0.0000,-8.8,-3.52,-0.03,"",0,01:22:59:40,,,,,,,,,,,,
,161942379,28/05/2024 11:43,30/05/2024 10:57,USOUSD,Sell,0.040,0.00000,0.00000,79.15100,79.12900,0.0000,0.0000,2.2,0.88,0.01,"",0,01:23:13:42,,,,,,,,,,,,
,162040822,28/05/2024 15:09,30/05/2024 10:52,USOUSD,Sell,0.040,0.00000,0.00000,79.21700,79.16900,0.0000,0.0000,4.8,1.92,0.02,"",0,01:19:42:49,,,,,,,,,,,,
,162049540,28/05/2024 15:13,30/05/2024 10:52,USOUSD,Sell,0.040,0.00000,0.00000,79.39100,79.18400,0.0000,0.0000,20.7,8.28,0.08,"",0,01:19:38:14,,,,,,,,,,,,
,162087898,28/05/2024 15:48,30/05/2024 10:52,USOUSD,Sell,0.030,0.00000,0.00000,79.49100,79.19900,0.0000,0.0000,29.2,8.76,0.08,"",0,01:19:03:23,,,,,,,,,,,,
,162272600,28/05/2024 18:26,30/05/2024 10:52,USOUSD,Sell,0.040,0.00000,0.00000,79.92100,79.19900,0.0000,0.0000,72.2,28.88,0.28,"",0,01:16:25:49,,,,,,,,,,,,
,162274884,28/05/2024 23:58,30/05/2024 10:52,USOUSD,Sell,0.060,0.00000,0.00000,80.54100,79.19900,0.0000,0.0000,134.2,80.52,0.78,"",0,01:10:53:39,,,,,,,,,,,,
,162787644,29/05/2024 16:13,30/05/2024 10:52,USOUSD,Sell,0.070,0.00000,0.00000,80.39700,79.18900,0.0000,0.0000,120.8,84.56,0.82,"",0,00:18:38:16,,,,,,,,,,,,
,158708025,20/05/2024 17:50,29/05/2024 02:35,USOUSD,Buy,0.060,0.00000,0.00000,79.97100,80.53200,0.0000,0.0000,56.1,33.66,0.33,"",0,08:08:45:19,,,,,,,,,,,,
,158762861,20/05/2024 19:16,28/05/2024 18:25,USOUSD,Buy,0.060,0.00000,0.00000,79.58100,79.95100,0.0000,0.0000,37.0,22.20,0.22,"",0,07:23:08:35,,,,,,,,,,,,
,161724688,27/05/2024 18:38,28/05/2024 11:38,USOUSD,Buy,0.060,0.00000,0.00000,78.99200,79.14100,0.0000,0.0000,14.9,8.94,0.09,"",0,00:16:59:42,,,,,,,,,,,,
,159123136,21/05/2024 13:19,27/05/2024 18:38,USOUSD,Buy,0.040,0.00000,0.00000,78.75700,78.95600,0.0000,0.0000,19.9,7.96,0.08,"",0,06:05:18:22,,,,,,,,,,,,
,159143692,21/05/2024 14:09,27/05/2024 17:12,USOUSD,Buy,0.040,0.00000,0.00000,78.51700,78.79600,0.0000,0.0000,27.9,11.16,0.11,"",0,06:03:02:47,,,,,,,,,,,,
,157051289,21/05/2024 15:02,27/05/2024 13:55,USOUSD,Buy,0.050,0.00000,0.00000,78.14700,78.51600,0.0000,0.0000,36.9,18.45,0.18,"",0,05:22:53:15,,,,,,,,,,,,
,160604401,23/05/2024 18:10,27/05/2024 13:55,USOUSD,Buy,0.040,0.00000,0.00000,77.92800,78.51600,0.0000,0.0000,58.8,23.52,0.23,"",0,03:19:45:11,,,,,,,,,,,,
,158573446,21/05/2024 15:13,27/05/2024 13:55,USOUSD,Buy,0.060,0.00000,0.00000,78.11700,78.51600,0.0000,0.0000,39.9,23.94,0.24,"",0,05:22:42:11,,,,,,,,,,,,
,160607180,23/05/2024 18:14,27/05/2024 13:55,USOUSD,Buy,0.030,0.00000,0.00000,77.62800,78.51600,0.0000,0.0000,88.8,26.64,0.26,"",0,03:19:41:08,,,,,,,,,,,,
,159605851,22/05/2024 10:48,27/05/2024 13:55,USOUSD,Buy,0.040,0.00000,0.00000,77.77800,78.51600,0.0000,0.0000,73.8,29.52,0.29,"",0,05:03:07:01,,,,,,,,,,,,
,159589358,22/05/2024 10:21,27/05/2024 13:55,USOUSD,Buy,0.060,0.00000,0.00000,77.92800,78.51600,0.0000,0.0000,58.8,35.28,0.35,"",0,05:03:33:51,,,,,,,,,,,,
,161140847,24/05/2024 17:56,24/05/2024 17:59,USOUSD,Sell,0.030,0.00000,0.00000,77.76800,77.78400,0.0000,0.0000,-1.6,-0.48,0.00,"",0,00:00:03:52,,,,,,,,,,,,
,160670153,23/05/2024 20:12,24/05/2024 16:23,USOUSD,Buy,0.030,0.00000,0.00000,77.10800,77.55800,0.0000,0.0000,45.0,13.50,0.13,"",0,00:20:10:53,,,,,,,,,,,,
,160631515,23/05/2024 18:53,24/05/2024 16:23,USOUSD,Buy,0.060,0.00000,0.00000,77.29800,77.55800,0.0000,0.0000,26.0,15.60,0.16,"",0,00:21:29:37,,,,,,,,,,,,
,156744301,23/05/2024 20:19,24/05/2024 16:23,USOUSD,Buy,0.050,0.00000,0.00000,76.89800,77.54800,0.0000,0.0000,65.0,32.50,0.33,"",0,00:20:03:23,,,,,,,,,,,,
,142086023,23/05/2024 20:29,,,Deposit,0.000,0.00000,0.00000,0.00000,0.00000,0.0000,0.0000,0.0,900.00,0,"Deposit-TH-Xpay-CPS-APP",0,00:00:00:00,,,,,,,,,,,,
,160170949,23/05/2024 05:18,23/05/2024 12:15,USOUSD,Buy,0.050,0.00000,0.00000,77.31800,78.08200,0.0000,0.0000,76.4,38.20,0.43,"",0,00:06:56:58,,,,,,,,,,,,
,149895833,01/05/2024 18:03,20/05/2024 17:11,USOUSD,Buy,0.050,0.00000,0.00000,80.07600,80.39500,0.0000,0.0000,31.9,15.95,0.18,"",0,18:23:07:45,,,,,,,,,,,,
,158621933,20/05/2024 16:07,20/05/2024 17:11,USOUSD,Buy,0.040,0.00000,0.00000,79.25100,80.40500,0.0000,0.0000,115.4,46.16,0.53,"",0,00:01:03:49,,,,,,,,,,,,
,158505605,20/05/2024 15:18,20/05/2024 17:11,USOUSD,Buy,0.060,0.00000,0.00000,79.52200,80.40500,0.0000,0.0000,88.3,52.98,0.61,"",0,00:01:52:32,,,,,,,,,,,,
,150248764,01/05/2024 18:04,20/05/2024 17:08,USOUSD,Buy,0.050,0.00000,80.48400,80.03600,80.48500,0.0000,0.0000,44.9,22.45,0.26,"[tp 80.484]",0,18:23:04:21,,,,,,,,,,,,
,157871008,17/05/2024 17:27,17/05/2024 20:48,USOUSD,Buy,0.050,0.00000,0.00000,79.52400,79.84800,0.0000,0.0000,32.4,16.20,0.19,"",0,00:03:20:37,,,,,,,,,,,,
,157194230,16/05/2024 16:08,17/05/2024 20:48,USOUSD,Buy,0.050,0.00000,0.00000,79.26800,79.84800,0.0000,0.0000,58.0,29.00,0.33,"",0,01:04:39:35,,,,,,,,,,,,
,156882032,16/05/2024 03:26,17/05/2024 20:48,USOUSD,Buy,0.050,0.00000,0.00000,79.09300,79.84800,0.0000,0.0000,75.5,37.75,0.44,"",0,01:17:22:17,,,,,,,,,,,,
,154721011,10/05/2024 17:21,17/05/2024 20:48,USOUSD,Buy,0.040,0.00000,0.00000,79.45400,79.84800,0.0000,0.0000,39.4,15.76,0.18,"",0,07:03:26:33,,,,,,,,,,,,
,150279880,01/05/2024 18:41,17/05/2024 20:48,USOUSD,Buy,0.050,0.00000,0.00000,79.66600,79.84800,0.0000,0.0000,18.2,9.10,0.11,"",0,16:02:06:31,,,,,,,,,,,,
,157048743,16/05/2024 12:53,16/05/2024 14:49,USOUSD,Buy,0.050,0.00000,0.00000,78.38400,78.72200,0.0000,0.0000,33.8,16.90,0.20,"",0,00:01:55:54,,,,,,,,,,,,
,156865314,16/05/2024 02:01,16/05/2024 03:17,USOUSD,Buy,0.050,0.00000,0.00000,78.89300,79.00700,0.0000,0.0000,11.4,5.70,0.07,"",0,00:01:15:15,,,,,,,,,,,,
,155594681,14/05/2024 16:01,16/05/2024 02:00,USOUSD,Buy,0.050,0.00000,0.00000,78.49700,78.85700,0.0000,0.0000,36.0,18.00,0.21,"",0,01:09:59:10,,,,,,,,,,,,
,155432145,14/05/2024 16:06,15/05/2024 19:13,USOUSD,Buy,0.050,0.00000,0.00000,78.07700,78.49400,0.0000,0.0000,41.7,20.85,0.24,"",0,01:03:06:45,,,,,,,,,,,,
,156393368,15/05/2024 14:18,15/05/2024 18:58,USOUSD,Buy,0.050,0.00000,0.00000,77.62000,78.22400,0.0000,0.0000,60.4,30.20,0.35,"",0,00:04:40:18,,,,,,,,,,,,
,156584150,15/05/2024 16:45,15/05/2024 18:58,USOUSD,Buy,0.040,0.00000,0.00000,76.97000,78.21400,0.0000,0.0000,124.4,49.76,0.59,"",0,00:02:13:03,,,,,,,,,,,,
,156577181,15/05/2024 16:41,15/05/2024 18:58,USOUSD,Buy,0.050,0.00000,0.00000,77.06500,78.21400,0.0000,0.0000,114.9,57.45,0.68,"",0,00:02:16:32,,,,,,,,,,,,
,138115056,15/05/2024 16:44,,,Deposit,0.000,0.00000,0.00000,0.00000,0.00000,0.0000,0.0000,0.0,900.00,0,"Deposit-TH-Xpay-CPS-APP",0,00:00:00:00,,,,,,,,,,,,
,137615713,14/05/2024 18:58,,,Deposit,0.000,0.00000,0.00000,0.00000,0.00000,0.0000,0.0000,0.0,900.00,0,"Deposit-TH-Xpay-CPS-APP",0,00:00:00:00,,,,,,,,,,,,
,155606849,14/05/2024 06:02,14/05/2024 07:15,USOUSD,Buy,0.050,0.00000,0.00000,79.18700,79.23100,0.0000,0.0000,4.4,2.20,0.04,"",0,00:01:12:22,,,,,,,,,,,,
,137171802,14/05/2024 06:04,,,Withdrawal,0.000,0.00000,0.00000,0.00000,0.00000,0.0000,0.0000,0.0,-1000.00,0,"Withdraw-TH-CPS",0,00:00:00:00,,,,,,,,,,,,
,150292732,01/05/2024 19:43,14/05/2024 03:39,USOUSD,Buy,0.050,0.00000,0.00000,79.22600,79.36100,0.0000,0.0000,13.5,6.75,0.09,"",0,12:07:56:19,,,,,,,,,,,,
,155460322,13/05/2024 18:45,14/05/2024 03:39,USOUSD,Buy,0.050,0.00000,0.00000,78.84400,79.36100,0.0000,0.0000,51.7,25.85,0.36,"",0,00:08:53:53,,,,,,,,,,,,
,153800987,10/05/2024 18:57,13/05/2024 17:24,USOUSD,Buy,0.050,0.00000,0.00000,78.85400,79.41800,0.0000,0.0000,56.4,28.20,0.39,"",0,02:22:27:35,,,,,,,,,,,,
,154852997,10/05/2024 21:50,13/05/2024 17:24,USOUSD,Buy,0.040,0.00000,0.00000,78.43500,79.42300,0.0000,0.0000,98.8,39.52,0.55,"",0,02:19:33:57,,,,,,,,,,,,
,154795918,13/05/2024 01:00,13/05/2024 17:24,USOUSD,Buy,0.050,0.00000,0.00000,78.13900,79.40800,0.0000,0.0000,126.9,63.45,0.90,"",0,00:16:23:54,,,,,,,,,,,,
,136434433,10/05/2024 21:11,,,Deposit,0.000,0.00000,0.00000,0.00000,0.00000,0.0000,0.0000,0.0,900.00,0,"Deposit-TH-Xpay-CPS-APP",0,00:00:00:00,,,,,,,,,,,,
,135413922,09/05/2024 10:41,,,Withdrawal,0.000,0.00000,0.00000,0.00000,0.00000,0.0000,0.0000,0.0,-2000.00,0,"Withdraw-TH-CPS",0,00:00:00:00,,,,,,,,,,,,
,151504529,03/05/2024 16:29,09/05/2024 10:23,USOUSD,Buy,0.050,0.00000,0.00000,78.97300,79.51500,0.0000,0.0000,54.2,27.10,0.34,"",0,05:17:53:20,,,,,,,,,,,,
,153034973,07/05/2024 21:26,09/05/2024 08:31,USOUSD,Buy,0.040,0.00000,0.00000,78.68500,79.51500,0.0000,0.0000,83.0,33.20,0.42,"",0,01:11:05:05,,,,,,,,,,,,
,152280098,06/05/2024 16:19,09/05/2024 08:31,USOUSD,Buy,0.040,0.00000,0.00000,78.78200,79.51500,0.0000,0.0000,73.3,29.32,0.37,"",0,02:16:12:12,,,,,,,,,,,,
,153196942,08/05/2024 10:05,09/05/2024 08:31,USOUSD,Buy,0.030,0.00000,0.00000,77.79300,79.52000,0.0000,0.0000,172.7,51.81,0.66,"",0,00:22:26:11,,,,,,,,,,,,
,153035132,08/05/2024 04:22,09/05/2024 08:31,USOUSD,Buy,0.050,0.00000,0.00000,78.29300,79.52000,0.0000,0.0000,122.7,61.35,0.79,"",0,01:04:08:34,,,,,,,,,,,,
,151653107,07/05/2024 15:58,09/05/2024 08:31,USOUSD,Buy,0.050,0.00000,0.00000,78.04100,79.51500,0.0000,0.0000,147.4,73.70,0.95,"",0,01:16:32:22,,,,,,,,,,,,
,153287451,08/05/2024 12:28,09/05/2024 08:31,USOUSD,Buy,0.050,0.00000,0.00000,77.15800,79.51500,0.0000,0.0000,235.7,117.85,1.55,"",0,00:20:02:35,,,,,,,,,,,,
,153251274,08/05/2024 11:23,08/05/2024 11:27,USOUSD,Buy,0.030,0.00000,0.00000,77.50800,77.51200,0.0000,0.0000,0.4,0.12,0.00,"",0,00:00:03:38,,,,,,,,,,,,
,134897219,08/05/2024 11:02,,,Deposit,0.000,0.00000,0.00000,0.00000,0.00000,0.0000,0.0000,0.0,900.00,0,"Deposit-TH-Xpay-CPS-APP",0,00:00:00:00,,,,,,,,,,,,
,133684098,05/05/2024 20:17,,,Deposit,0.000,0.00000,0.00000,0.00000,0.00000,0.0000,0.0000,0.0,900.00,0,"Deposit-TH-Xpay-CPS-APP",0,00:00:00:00,,,,,,,,,,,,
,132881026,02/05/2024 18:54,,,Deposit,0.000,0.00000,0.00000,0.00000,0.00000,0.0000,0.0000,0.0,900.00,0,"Deposit-TH-Xpay-CPS-APP",0,00:00:00:00,,,,,,,,,,,,
,120435725,14/03/2024 12:03,01/05/2024 11:46,USOUSD,Sell,0.010,0.00000,0.00000,80.42200,80.91100,0.0000,0.0000,-48.9,-4.89,-0.09,"",0,47:23:42:29,,,,,,,,,,,,
,121190456,15/03/2024 15:36,01/05/2024 11:46,USOUSD,Sell,0.010,0.00000,0.00000,80.74800,80.91600,0.0000,0.0000,-16.8,-1.68,-0.03,"",0,46:20:09:35,,,,,,,,,,,,
,121108295,15/03/2024 13:04,01/05/2024 11:46,USOUSD,Sell,0.010,0.00000,0.00000,80.82800,80.91600,0.0000,0.0000,-8.8,-0.88,-0.02,"",0,46:22:41:45,,,,,,,,,,,,
,121205286,15/03/2024 15:49,01/05/2024 11:46,USOUSD,Sell,0.010,0.00000,0.00000,80.86300,80.91100,0.0000,0.0000,-4.8,-0.48,-0.01,"",0,46:19:56:43,,,,,,,,,,,,
,146376356,30/04/2024 16:52,30/04/2024 18:40,USOUSD,Buy,0.040,0.00000,0.00000,82.06300,82.65700,0.0000,0.0000,59.4,23.76,0.55,"",0,00:01:47:36,,,,,,,,,,,,
,149583224,30/04/2024 16:52,30/04/2024 18:40,USOUSD,Buy,0.050,0.00000,0.00000,81.98800,82.65700,0.0000,0.0000,66.9,33.45,0.77,"",0,00:01:47:32,,,,,,,,,,,,
,146376326,30/04/2024 16:55,30/04/2024 18:40,USOUSD,Buy,0.040,0.00000,0.00000,81.72300,82.66700,0.0000,0.0000,94.4,37.76,0.88,"",0,00:01:45:05,,,,,,,,,,,,
,146376368,30/04/2024 16:55,30/04/2024 18:40,USOUSD,Buy,0.040,0.00000,0.00000,81.67300,82.67700,0.0000,0.0000,100.4,40.16,0.95,"",0,00:01:44:33,,,,,,,,,,,,
,149610941,30/04/2024 17:09,30/04/2024 18:40,USOUSD,Buy,0.050,0.00000,0.00000,81.48300,82.67700,0.0000,0.0000,119.4,59.70,1.43,"",0,00:01:31:06,,,,,,,,,,,,
,148984886,29/04/2024 18:03,29/04/2024 19:28,USOUSD,Buy,0.050,0.00000,83.46100,82.93000,83.46400,0.0000,0.0000,53.4,26.70,0.64,"[tp 83.461]",0,00:01:24:20,,,,,,,,,,,,
,148556708,29/04/2024 04:30,29/04/2024 11:58,USOUSD,Buy,0.030,0.00000,0.00000,83.32100,83.87500,0.0000,0.0000,55.4,16.62,0.40,"",0,00:07:27:12,,,,,,,,,,,,
,147933407,29/04/2024 02:59,29/04/2024 11:57,USOUSD,Buy,0.050,0.00000,0.00000,83.52000,83.87500,0.0000,0.0000,35.5,17.75,0.43,"",0,00:08:58:12,,,,,,,,,,,,
,148210403,26/04/2024 17:34,26/04/2024 23:56,USOUSD,Buy,0.050,0.00000,0.00000,83.92100,84.00500,0.0000,0.0000,8.4,4.20,0.10,"",0,00:06:21:45,,,,,,,,,,,,
,148225196,26/04/2024 17:46,26/04/2024 23:56,USOUSD,Buy,0.040,0.00000,0.00000,83.74100,84.00500,0.0000,0.0000,26.4,10.56,0.26,"",0,00:06:09:54,,,,,,,,,,,,
,148188936,26/04/2024 17:08,26/04/2024 17:22,USOUSD,Sell,0.040,0.00000,0.00000,84.27500,84.12100,0.0000,0.0000,15.4,6.16,0.15,"",0,00:00:13:41,,,,,,,,,,,,
,147977810,26/04/2024 11:56,26/04/2024 12:20,USOUSD,Buy,0.040,0.00000,0.00000,84.04100,84.07000,0.0000,0.0000,2.9,1.16,0.03,"",0,00:00:24:02,,,,,,,,,,,,
,144293202,19/04/2024 08:08,26/04/2024 10:20,USOUSD,Buy,0.020,0.00000,0.00000,84.28900,84.47000,0.0000,0.0000,18.1,3.62,0.09,"",0,07:02:11:43,,,,,,,,,,,,
,147820657,26/04/2024 03:06,26/04/2024 10:12,USOUSD,Buy,0.040,0.00000,84.49300,84.18100,84.51000,0.0000,0.0000,32.9,13.16,0.32,"[tp 84.493]",0,00:07:05:47,,,,,,,,,,,,
,146551146,24/04/2024 08:28,26/04/2024 03:16,USOUSD,Buy,0.030,0.00000,0.00000,83.92500,84.22500,0.0000,0.0000,30.0,9.00,0.22,"",0,01:18:48:32,,,,,,,,,,,,
,146669365,24/04/2024 11:49,26/04/2024 02:54,USOUSD,Buy,0.030,0.00000,0.00000,83.56500,84.08000,0.0000,0.0000,51.5,15.45,0.38,"",0,01:15:04:10,,,,,,,,,,,,
,146932085,24/04/2024 17:34,26/04/2024 02:54,USOUSD,Buy,0.040,0.00000,0.00000,83.68000,84.08000,0.0000,0.0000,40.0,16.00,0.40,"",0,01:09:19:15,,,,,,,,,,,,
,146662593,24/04/2024 11:37,26/04/2024 02:51,USOUSD,Buy,0.030,0.00000,0.00000,83.36500,84.07500,0.0000,0.0000,71.0,21.30,0.53,"",0,01:15:14:26,,,,,,,,,,,,
,146930103,24/04/2024 17:33,26/04/2024 02:51,USOUSD,Buy,0.030,0.00000,0.00000,83.35500,84.07500,0.0000,0.0000,72.0,21.60,0.54,"",0,01:09:18:37,,,,,,,,,,,,
,146834711,24/04/2024 16:03,26/04/2024 02:51,USOUSD,Buy,0.040,0.00000,0.00000,83.48500,84.07500,0.0000,0.0000,59.0,23.60,0.59,"",0,01:10:47:42,,,,,,,,,,,,
,146868308,24/04/2024 16:32,26/04/2024 02:51,USOUSD,Buy,0.030,0.00000,0.00000,83.20500,84.08500,0.0000,0.0000,88.0,26.40,0.67,"",0,01:10:19:32,,,,,,,,,,,,
,147368958,25/04/2024 12:55,26/04/2024 02:51,USOUSD,Buy,0.030,0.00000,0.00000,83.08800,84.08500,0.0000,0.0000,99.7,29.91,0.76,"",0,00:13:56:26,,,,,,,,,,,,
,146373131,24/04/2024 18:06,26/04/2024 02:51,USOUSD,Buy,0.040,0.00000,0.00000,83.03000,84.08500,0.0000,0.0000,105.5,42.20,1.09,"",0,01:08:45:07,,,,,,,,,,,,
,146676613,25/04/2024 16:13,26/04/2024 02:51,USOUSD,Buy,0.040,0.00000,0.00000,82.67800,84.08500,0.0000,0.0000,140.7,56.28,1.47,"",0,00:10:38:04,,,,,,,,,,,,
,146748135,24/04/2024 14:11,24/04/2024 14:45,USOUSD,Buy,0.040,0.00000,0.00000,83.13500,83.41900,0.0000,0.0000,28.4,11.36,0.30,"",0,00:00:33:12,,,,,,,,,,,,
,146467022,24/04/2024 02:32,24/04/2024 11:37,USOUSD,Sell,0.030,0.00000,0.00000,83.87900,83.35500,0.0000,0.0000,52.4,15.72,0.41,"",0,00:09:05:13,,,,,,,,,,,,
,144226185,19/04/2024 09:33,24/04/2024 02:31,USOUSD,Buy,0.030,0.00000,0.00000,83.54900,83.87900,0.0000,0.0000,33.0,9.90,0.26,"",0,04:16:58:41,,,,,,,,,,,,
,144293414,19/04/2024 09:17,24/04/2024 02:31,USOUSD,Buy,0.040,0.00000,0.00000,83.61900,83.87900,0.0000,0.0000,26.0,10.40,0.28,"",0,04:17:14:46,,,,,,,,,,,,
,146373568,23/04/2024 19:36,24/04/2024 02:31,USOUSD,Buy,0.040,0.00000,0.00000,83.43200,83.87900,0.0000,0.0000,44.7,17.88,0.48,"",0,00:06:55:41,,,,,,,,,,,,
,146373142,23/04/2024 19:34,24/04/2024 02:31,USOUSD,Buy,0.040,0.00000,0.00000,83.39200,83.87900,0.0000,0.0000,48.7,19.48,0.52,"",0,00:06:57:11,,,,,,,,,,,,
,146356998,23/04/2024 18:59,23/04/2024 19:42,USOUSD,Buy,0.030,0.00000,0.00000,83.28200,83.38600,0.0000,0.0000,10.4,3.12,0.08,"",0,00:00:42:29,,,,,,,,,,,,
,144327200,19/04/2024 11:00,23/04/2024 19:42,USOUSD,Buy,0.030,0.00000,0.00000,83.20900,83.37600,0.0000,0.0000,16.7,5.01,0.13,"",0,04:08:41:43,,,,,,,,,,,,
,144692831,19/04/2024 17:50,23/04/2024 19:41,USOUSD,Buy,0.030,0.00000,0.00000,82.90900,83.35600,0.0000,0.0000,44.7,13.41,0.36,"",0,04:01:51:38,,,,,,,,,,,,
,144420206,19/04/2024 11:50,23/04/2024 19:34,USOUSD,Buy,0.040,0.00000,0.00000,82.70900,83.35600,0.0000,0.0000,64.7,25.88,0.70,"",0,04:07:44:02,,,,,,,,,,,,
,144420353,19/04/2024 12:56,23/04/2024 19:34,USOUSD,Buy,0.030,0.00000,0.00000,82.47900,83.35600,0.0000,0.0000,87.7,26.31,0.72,"",0,04:06:37:17,,,,,,,,,,,,
,146074982,23/04/2024 13:21,23/04/2024 19:34,USOUSD,Buy,0.030,0.00000,0.00000,82.19200,83.35600,0.0000,0.0000,116.4,34.92,0.96,"",0,00:06:12:12,,,,,,,,,,,,
,145692403,22/04/2024 19:25,23/04/2024 19:33,USOUSD,Buy,0.040,0.00000,0.00000,82.34900,83.35100,0.0000,0.0000,100.2,40.08,1.12,"",0,01:00:08:19,,,,,,,,,,,,
,144457676,19/04/2024 13:03,23/04/2024 19:33,USOUSD,Buy,0.040,0.00000,0.00000,82.10900,83.35100,0.0000,0.0000,124.2,49.68,1.40,"",0,04:06:30:08,,,,,,,,,,,,
,144452538,19/04/2024 13:35,23/04/2024 19:33,USOUSD,Buy,0.040,0.00000,0.00000,82.01400,83.34600,0.0000,0.0000,133.2,53.28,1.53,"",0,04:05:58:12,,,,,,,,,,,,
,145525911,22/04/2024 15:54,23/04/2024 19:33,USOUSD,Buy,0.040,0.00000,0.00000,81.66900,83.35600,0.0000,0.0000,168.7,67.48,1.98,"",0,01:03:39:50,,,,,,,,,,,,
,146091944,23/04/2024 15:11,23/04/2024 19:33,USOUSD,Buy,0.040,0.00000,0.00000,81.56200,83.35600,0.0000,0.0000,179.4,71.76,2.15,"",0,00:04:22:09,,,,,,,,,,,,
,145360066,22/04/2024 11:36,22/04/2024 12:05,USOUSD,Buy,0.030,0.00000,0.00000,81.51900,81.85300,0.0000,0.0000,33.4,10.02,0.30,"",0,00:00:28:46,,,,,,,,,,,,
,143247584,19/04/2024 04:41,19/04/2024 08:08,USOUSD,Sell,0.020,0.00000,0.00000,84.97300,84.29400,0.0000,0.0000,67.9,13.58,0.41,"",0,00:03:27:23,,,,,,,,,,,,
,144222862,19/04/2024 05:15,19/04/2024 06:23,USOUSD,Sell,0.020,0.00000,0.00000,85.42800,84.64900,0.0000,0.0000,77.9,15.58,0.47,"",0,00:01:07:22,,,,,,,,,,,,
,142128067,16/04/2024 12:39,19/04/2024 05:16,USOUSD,Buy,0.020,0.00000,0.00000,85.06900,85.49300,0.0000,0.0000,42.4,8.48,0.26,"",0,02:16:37:00,,,,,,,,,,,,
,143074631,19/04/2024 04:48,19/04/2024 05:09,USOUSD,Sell,0.030,0.00000,0.00000,85.48300,85.06400,0.0000,0.0000,41.9,12.57,0.41,"",0,00:00:20:20,,,,,,,,,,,,
,143262239,17/04/2024 19:36,19/04/2024 05:09,USOUSD,Buy,0.030,0.00000,0.00000,82.83300,85.02800,0.0000,0.0000,219.5,65.85,2.03,"",0,01:09:32:24,,,,,,,,,,,,
,143236592,17/04/2024 19:13,19/04/2024 05:09,USOUSD,Buy,0.020,0.00000,0.00000,83.00800,85.02800,0.0000,0.0000,202.0,40.40,1.26,"",0,01:09:56:15,,,,,,,,,,,,
,143224676,17/04/2024 19:07,19/04/2024 05:09,USOUSD,Buy,0.030,0.00000,0.00000,82.99300,85.02800,0.0000,0.0000,203.5,61.05,1.95,"",0,01:10:01:53,,,,,,,,,,,,
,143223170,17/04/2024 18:59,19/04/2024 05:09,USOUSD,Buy,0.030,0.00000,0.00000,83.23300,85.02800,0.0000,0.0000,179.5,53.85,1.75,"",0,01:10:09:53,,,,,,,,,,,,
,143054361,17/04/2024 16:11,19/04/2024 05:09,USOUSD,Buy,0.020,0.00000,0.00000,84.02300,85.02800,0.0000,0.0000,100.5,20.10,0.66,"",0,01:12:58:08,,,,,,,,,,,,
,143032761,17/04/2024 16:11,19/04/2024 05:09,USOUSD,Buy,0.030,0.00000,0.00000,84.03300,85.02800,0.0000,0.0000,99.5,29.85,0.99,"",0,01:12:58:09,,,,,,,,,,,,
,142930328,17/04/2024 13:02,19/04/2024 05:09,USOUSD,Buy,0.020,0.00000,0.00000,84.49300,85.02800,0.0000,0.0000,53.5,10.70,0.36,"",0,01:16:06:33,,,,,,,,,,,,
,142735257,17/04/2024 05:55,19/04/2024 05:09,USOUSD,Buy,0.020,0.00000,0.00000,84.90300,85.02800,0.0000,0.0000,12.5,2.50,0.08,"",0,01:23:13:21,,,,,,,,,,,,
,142735212,17/04/2024 12:52,19/04/2024 05:09,USOUSD,Buy,0.030,0.00000,0.00000,84.48800,85.02800,0.0000,0.0000,54.0,16.20,0.54,"",0,01:16:16:44,,,,,,,,,,,,
,142735158,17/04/2024 18:57,19/04/2024 05:09,USOUSD,Buy,0.030,0.00000,0.00000,83.48300,85.02800,0.0000,0.0000,154.5,46.35,1.58,"",0,01:10:11:49,,,,,,,,,,,,
,142180884,16/04/2024 13:51,19/04/2024 05:09,USOUSD,Buy,0.030,0.00000,0.00000,85.02400,85.02800,0.0000,0.0000,0.4,0.12,0.00,"",0,02:15:18:13,,,,,,,,,,,,
,132291289,17/04/2024 18:57,19/04/2024 05:09,USOUSD,Buy,0.020,0.00000,0.00000,83.48300,85.02800,0.0000,0.0000,154.5,30.90,1.06,"",0,01:10:11:49,,,,,,,,,,,,
,132100659,17/04/2024 19:32,19/04/2024 05:09,USOUSD,Buy,0.020,0.00000,0.00000,82.52800,85.02800,0.0000,0.0000,250.0,50.00,1.75,"",0,01:09:36:42,,,,,,,,,,,,
,131220419,17/04/2024 19:32,19/04/2024 05:09,USOUSD,Buy,0.020,0.00000,0.00000,82.53800,85.02800,0.0000,0.0000,249.0,49.80,1.77,"",0,01:09:36:51,,,,,,,,,,,,
,143681780,18/04/2024 12:48,19/04/2024 04:45,USOUSD,Buy,0.020,0.00000,85.42900,81.97100,85.44800,0.0000,0.0000,347.7,69.54,2.54,"[tp 85.429]",0,00:15:56:56,,,,,,,,,,,,
,143611901,18/04/2024 10:32,19/04/2024 04:45,USOUSD,Buy,0.020,0.00000,85.41900,82.10600,85.45300,0.0000,0.0000,334.7,66.94,2.50,"[tp 85.419]",0,00:18:13:03,,,,,,,,,,,,
,138834805,17/04/2024 18:57,19/04/2024 04:45,USOUSD,Buy,0.030,0.00000,85.41800,83.48300,85.45300,0.0000,0.0000,197.0,59.10,2.26,"[tp 85.418]",0,01:09:48:23,,,,,,,,,,,,
,131235677,28/03/2024 14:48,18/04/2024 10:32,USOUSD,Sell,0.020,0.00000,0.00000,82.71600,82.16600,0.0000,0.0000,55.0,11.00,0.42,"",0,20:19:43:35,,,,,,,,,,,,
,131224291,28/03/2024 14:27,18/04/2024 10:29,USOUSD,Sell,0.020,0.00000,82.35500,82.82600,82.34100,0.0000,0.0000,48.5,9.70,0.37,"[tp 82.355]",0,20:20:02:02,,,,,,,,,,,,
,131485388,28/03/2024 21:20,17/04/2024 19:10,USOUSD,Sell,0.020,0.00000,0.00000,83.39700,83.09300,0.0000,0.0000,30.4,6.08,0.23,"",0,19:21:50:25,,,,,,,,,,,,
,132792760,02/04/2024 09:18,17/04/2024 16:15,USOUSD,Sell,0.020,0.00000,0.00000,84.47600,84.06300,0.0000,0.0000,41.3,8.26,0.32,"",0,15:06:56:27,,,,,,,,,,,,
,141412496,15/04/2024 15:34,17/04/2024 13:02,USOUSD,Sell,0.020,0.00000,0.00000,85.12400,84.51300,0.0000,0.0000,61.1,12.22,0.48,"",0,01:21:27:35,,,,,,,,,,,,
,142060240,16/04/2024 10:49,16/04/2024 12:40,USOUSD,Sell,0.020,0.00000,0.00000,85.54300,85.05900,0.0000,0.0000,48.4,9.68,0.38,"",0,00:01:50:57,,,,,,,,,,,,
,141362445,16/04/2024 01:10,16/04/2024 12:39,USOUSD,Sell,0.020,0.00000,0.00000,85.76800,85.06900,0.0000,0.0000,69.9,13.98,0.55,"",0,00:11:29:22,,,,,,,,,,,,
,141183886,16/04/2024 04:12,16/04/2024 12:39,USOUSD,Sell,0.030,0.00000,0.00000,86.09300,85.06900,0.0000,0.0000,102.4,30.72,1.22,"",0,00:08:27:34,,,,,,,,,,,,
,125089495,16/04/2024 06:31,,,Withdrawal,0.000,0.00000,0.00000,0.00000,0.00000,0.0000,0.0000,0.0,-100.00,0,"Withdraw-TH-CPS",0,00:00:00:00,,,,,,,,,,,,
,140509968,12/04/2024 21:46,16/04/2024 05:09,USOUSD,Buy,0.030,0.00000,0.00000,85.53300,86.06300,0.0000,0.0000,53.0,15.90,0.61,"",0,03:07:23:48,,,,,,,,,,,,
,141219868,15/04/2024 10:30,16/04/2024 01:13,USOUSD,Buy,0.030,0.00000,85.92000,84.99500,85.92300,0.0000,0.0000,92.8,27.84,1.09,"[tp 85.920]",0,00:14:42:27,,,,,,,,,,,,
,140271593,12/04/2024 16:39,12/04/2024 18:40,USOUSD,Sell,0.020,0.00000,0.00000,87.47700,86.19300,0.0000,0.0000,128.4,25.68,1.01,"",0,00:02:01:06,,,,,,,,,,,,
,140215792,12/04/2024 16:02,12/04/2024 18:40,USOUSD,Sell,0.030,0.00000,86.30300,86.99700,86.30300,0.0000,0.0000,69.4,20.82,0.83,"[tp 86.303]",0,00:02:37:17,,,,,,,,,,,,
,137659054,09/04/2024 08:51,12/04/2024 16:14,USOUSD,Buy,0.020,0.00000,0.00000,86.70100,87.11700,0.0000,0.0000,41.6,8.32,0.33,"",0,03:07:23:03,,,,,,,,,,,,
,140063178,12/04/2024 11:45,12/04/2024 16:02,USOUSD,Buy,0.030,0.00000,86.98600,85.84800,86.98700,0.0000,0.0000,113.9,34.17,1.38,"[tp 86.986]",0,00:04:17:08,,,,,,,,,,,,
,139582627,11/04/2024 17:43,12/04/2024 16:02,USOUSD,Buy,0.030,0.00000,86.96200,85.07900,86.95700,0.0000,0.0000,187.8,56.34,2.33,"[tp 86.962]",0,00:22:19:07,,,,,,,,,,,,
,139572460,11/04/2024 17:34,12/04/2024 16:02,USOUSD,Buy,0.030,0.00000,86.96800,85.35400,86.95700,0.0000,0.0000,160.3,48.09,2.03,"[tp 86.968]",0,00:22:28:16,,,,,,,,,,,,
,139520934,11/04/2024 16:55,12/04/2024 16:02,USOUSD,Buy,0.020,0.00000,86.96800,85.58900,86.95700,0.0000,0.0000,136.8,27.36,1.17,"[tp 86.968]",0,00:23:07:00,,,,,,,,,,,,
,137417832,08/04/2024 18:57,11/04/2024 17:43,USOUSD,Sell,0.020,0.00000,0.00000,85.63100,85.10900,0.0000,0.0000,52.2,10.44,0.45,"",0,02:22:46:00,,,,,,,,,,,,
,138116244,09/04/2024 17:44,11/04/2024 17:43,USOUSD,Sell,0.020,0.00000,0.00000,85.61500,85.10900,0.0000,0.0000,50.6,10.12,0.44,"",0,01:23:59:22,,,,,,,,,,,,
,139170745,11/04/2024 08:35,11/04/2024 17:33,USOUSD,Sell,0.030,0.00000,0.00000,86.40300,85.33900,0.0000,0.0000,106.4,31.92,1.39,"",0,00:08:57:45,,,,,,,,,,,,
,138117058,10/04/2024 21:40,11/04/2024 17:33,USOUSD,Sell,0.020,0.00000,0.00000,86.46400,85.34900,0.0000,0.0000,111.5,22.30,0.98,"",0,00:19:53:15,,,,,,,,,,,,
,138073882,09/04/2024 17:19,10/04/2024 21:40,USOUSD,Buy,0.020,0.00000,86.46800,86.06100,86.46400,0.0000,0.0000,40.3,8.06,0.36,"[tp 86.468]",0,01:04:21:13,,,,,,,,,,,,
,138778195,10/04/2024 16:48,10/04/2024 20:32,USOUSD,Buy,0.020,0.00000,86.03600,85.45500,86.03900,0.0000,0.0000,58.4,11.68,0.52,"[tp 86.036]",0,00:03:43:45,,,,,,,,,,,,
,138282373,09/04/2024 22:19,10/04/2024 16:19,USOUSD,Buy,0.020,0.00000,0.00000,85.44100,86.00900,0.0000,0.0000,56.8,11.36,0.51,"",0,00:17:59:47,,,,,,,,,,,,
,137279453,08/04/2024 16:11,09/04/2024 17:12,USOUSD,Sell,0.020,0.00000,0.00000,86.65600,86.11100,0.0000,0.0000,54.5,10.90,0.49,"",0,01:01:01:19,,,,,,,,,,,,
,121813604,09/04/2024 09:03,,,Deposit,0.000,0.00000,0.00000,0.00000,0.00000,0.0000,0.0000,0.0,663.35,0,"Cash Adjustment - Debt W/O",0,00:00:00:00,,,,,,,,,,,,
,136707287,08/04/2024 02:02,08/04/2024 16:11,USOUSD,Buy,0.020,0.00000,0.00000,86.19700,86.67100,0.0000,0.0000,47.4,9.48,0.59,"",0,00:14:08:42,,,,,,,,,,,,
,137085644,08/04/2024 11:55,08/04/2024 13:10,USOUSD,Sell,0.020,0.00000,0.00000,86.36100,86.12700,0.0000,0.0000,23.4,4.68,0.29,"",0,00:01:14:28,,,,,,,,,,,,
,135284592,08/04/2024 03:21,08/04/2024 11:43,USOUSD,Buy,0.020,0.00000,86.36800,85.54700,86.36600,0.0000,0.0000,81.9,16.38,1.03,"[tp 86.368]",0,00:08:21:58,,,,,,,,,,,,
,136769109,08/04/2024 04:03,08/04/2024 05:40,USOUSD,Buy,0.020,0.00000,0.00000,84.95700,85.80100,0.0000,0.0000,84.4,16.88,1.07,"",0,00:01:37:13,,,,,,,,,,,,
,135068428,04/04/2024 20:33,08/04/2024 04:00,USOUSD,Sell,0.020,0.00000,85.38700,85.41400,85.38700,0.0000,0.0000,2.7,0.54,0.03,"[tp 85.387]",0,03:07:26:45,,,,,,,,,,,,
,134983902,04/04/2024 21:07,08/04/2024 03:15,USOUSD,Sell,0.020,0.00000,0.00000,86.46400,85.77700,0.0000,0.0000,68.7,13.74,0.88,"",0,03:06:07:28,,,,,,,,,,,,
,133850782,04/04/2024 21:32,08/04/2024 01:00,USOUSD,Sell,0.020,0.00000,86.07700,86.94400,86.06200,0.0000,0.0000,88.2,17.64,1.15,"[tp 86.077]",0,03:03:28:20,,,,,,,,,,,,
,135951035,05/04/2024 19:34,05/04/2024 20:25,USOUSD,Buy,0.020,0.00000,0.00000,87.64900,87.71900,0.0000,0.0000,7.0,1.40,0.09,"",0,00:00:50:59,,,,,,,,,,,,
,135489782,05/04/2024 11:51,05/04/2024 17:53,USOUSD,Buy,0.020,0.00000,0.00000,86.77400,87.15800,0.0000,0.0000,38.4,7.68,0.50,"",0,00:06:01:25,,,,,,,,,,,,
,134327461,03/04/2024 23:16,04/04/2024 21:05,USOUSD,Buy,0.020,0.00000,86.40400,85.82600,86.40400,0.0000,0.0000,57.8,11.56,0.76,"[tp 86.404]",0,00:21:48:10,,,,,,,,,,,,
,135024296,04/04/2024 19:12,04/04/2024 19:53,USOUSD,Buy,0.020,0.00000,0.00000,84.93500,85.27400,0.0000,0.0000,33.9,6.78,0.45,"",0,00:00:41:06,,,,,,,,,,,,
,133314667,02/04/2024 18:37,04/04/2024 19:12,USOUSD,Sell,0.010,0.00000,0.00000,85.27600,84.90000,0.0000,0.0000,37.6,3.76,0.25,"",0,02:00:34:53,,,,,,,,,,,,
,134838760,04/04/2024 15:37,04/04/2024 16:19,USOUSD,Buy,0.020,0.00000,0.00000,85.36500,85.56400,0.0000,0.0000,19.9,3.98,0.26,"",0,00:00:42:38,,,,,,,,,,,,
,134652540,04/04/2024 11:11,04/04/2024 13:09,USOUSD,Buy,0.020,0.00000,0.00000,85.46000,85.73400,0.0000,0.0000,27.4,5.48,0.37,"",0,00:01:57:36,,,,,,,,,,,,
,133505951,03/04/2024 03:59,03/04/2024 14:02,USOUSD,Buy,0.020,0.00000,0.00000,85.35100,85.89000,0.0000,0.0000,53.9,10.78,0.72,"",0,00:10:03:10,,,,,,,,,,,,
,119424871,03/04/2024 03:36,,,Deposit,0.000,0.00000,0.00000,0.00000,0.00000,0.0000,0.0000,0.0,800.00,0,"Deposit-TH-PayToday-CPS-APP",0,00:00:00:00,,,,,,,,,,,,
,132929079,02/04/2024 12:22,03/04/2024 02:51,USOUSD,Buy,0.020,0.00000,0.00000,85.43700,85.66000,0.0000,0.0000,22.3,4.46,0.85,"",0,00:14:29:27,,,,,,,,,,,,
,130018976,01/04/2024 18:19,02/04/2024 03:06,USOUSD,Sell,0.020,0.00000,0.00000,84.49200,84.15200,0.0000,0.0000,34.0,6.80,1.31,"",0,00:08:46:46,,,,,,,,,,,,
,132291647,01/04/2024 18:03,01/04/2024 18:19,USOUSD,Buy,0.020,0.00000,0.00000,84.28800,84.46200,0.0000,0.0000,17.4,3.48,0.68,"",0,00:00:15:54,,,,,,,,,,,,
,118793111,01/04/2024 18:06,,,Deposit,0.000,0.00000,0.00000,0.00000,0.00000,0.0000,0.0000,0.0,30.00,0,"Transfer In from 1551696",0,00:00:00:00,,,,,,,,,,,,
,131486130,28/03/2024 21:24,01/04/2024 18:03,USOUSD,Buy,0.020,0.00000,0.00000,83.49200,84.24200,0.0000,0.0000,75.0,15.00,3.20,"",0,03:20:38:53,,,,,,,,,,,,
,131485270,28/03/2024 21:19,01/04/2024 18:02,USOUSD,Buy,0.020,0.00000,0.00000,83.43300,84.26200,0.0000,0.0000,82.9,16.58,3.67,"",0,03:20:43:10,,,,,,,,,,,,
,118499523,01/04/2024 03:12,,,Withdrawal,0.000,0.00000,0.00000,0.00000,0.00000,0.0000,0.0000,0.0,-50.00,0,"Transfer Out to 1551696",0,00:00:00:00,,,,,,,,,,,,
,131474735,28/03/2024 20:39,28/03/2024 21:19,USOUSD,Buy,0.020,0.00000,0.00000,83.29200,83.39600,0.0000,0.0000,10.4,2.08,0.19,"",0,00:00:40:00,,,,,,,,,,,,
,131440631,28/03/2024 19:35,28/03/2024 21:19,USOUSD,Buy,0.020,0.00000,0.00000,83.11200,83.39600,0.0000,0.0000,28.4,5.68,0.52,"",0,00:01:43:50,,,,,,,,,,,,
,131248443,28/03/2024 15:08,28/03/2024 21:19,USOUSD,Buy,0.020,0.00000,0.00000,82.81200,83.39600,0.0000,0.0000,58.4,11.68,1.09,"",0,00:06:11:25,,,,,,,,,,,,
,128120603,20/03/2024 02:00,28/03/2024 21:19,USOUSD,Buy,0.020,0.00000,0.00000,82.98000,83.39600,0.0000,0.0000,41.6,8.32,0.78,"",0,08:19:19:08,,,,,,,,,,,,
,131208366,28/03/2024 13:55,28/03/2024 14:17,USOUSD,Buy,0.020,0.00000,0.00000,82.52200,82.71600,0.0000,0.0000,19.4,3.88,0.37,"",0,00:00:21:19,,,,,,,,,,,,
,130175823,26/03/2024 06:52,28/03/2024 14:17,USOUSD,Buy,0.020,0.00000,0.00000,82.30400,82.71600,0.0000,0.0000,41.2,8.24,0.78,"",0,02:07:24:58,,,,,,,,,,,,
,130163927,26/03/2024 04:49,28/03/2024 14:17,USOUSD,Buy,0.020,0.00000,0.00000,82.51900,82.71600,0.0000,0.0000,19.7,3.94,0.38,"",0,02:09:27:43,,,,,,,,,,,,
,130160888,26/03/2024 10:02,28/03/2024 14:17,USOUSD,Buy,0.020,0.00000,0.00000,82.19400,82.71600,0.0000,0.0000,52.2,10.44,1.01,"",0,02:04:15:02,,,,,,,,,,,,
,131064020,28/03/2024 07:48,28/03/2024 13:55,USOUSD,Buy,0.020,0.00000,0.00000,82.01200,82.47600,0.0000,0.0000,46.4,9.28,0.90,"",0,00:06:06:46,,,,,,,,,,,,
,131152200,28/03/2024 12:14,28/03/2024 13:55,USOUSD,Buy,0.020,0.00000,0.00000,81.90300,82.47600,0.0000,0.0000,57.3,11.46,1.13,"",0,00:01:40:48,,,,,,,,,,,,
,130091012,26/03/2024 17:32,28/03/2024 04:15,USOUSD,Buy,0.020,0.00000,0.00000,81.96400,82.11600,0.0000,0.0000,15.2,3.04,0.30,"",0,01:10:43:03,,,,,,,,,,,,
,130532487,26/03/2024 21:23,28/03/2024 04:15,USOUSD,Buy,0.020,0.00000,0.00000,81.94400,82.11600,0.0000,0.0000,17.2,3.44,0.34,"",0,01:06:52:02,,,,,,,,,,,,
,129956317,26/03/2024 23:30,28/03/2024 02:46,USOUSD,Buy,0.020,0.00000,0.00000,81.73900,82.03600,0.0000,0.0000,29.7,5.94,0.59,"",0,01:03:16:10,,,,,,,,,,,,
,130757929,27/03/2024 14:49,28/03/2024 02:46,USOUSD,Buy,0.020,0.00000,0.00000,81.70800,82.03600,0.0000,0.0000,32.8,6.56,0.66,"",0,00:11:57:01,,,,,,,,,,,,
,130758090,27/03/2024 15:10,28/03/2024 02:46,USOUSD,Buy,0.020,0.00000,0.00000,81.49800,82.03600,0.0000,0.0000,53.8,10.76,1.09,"",0,00:11:36:01,,,,,,,,,,,,
,130742562,27/03/2024 14:21,28/03/2024 02:46,USOUSD,Buy,0.020,0.00000,0.00000,81.49300,82.03600,0.0000,0.0000,54.3,10.86,1.11,"",0,00:12:24:19,,,,,,,,,,,,
,130091063,27/03/2024 04:01,28/03/2024 02:46,USOUSD,Buy,0.020,0.00000,0.00000,81.48300,82.03600,0.0000,0.0000,55.3,11.06,1.15,"",0,00:22:44:33,,,,,,,,,,,,
,129956411,27/03/2024 05:17,27/03/2024 14:49,USOUSD,Buy,0.020,0.00000,0.00000,81.27300,81.65200,0.0000,0.0000,37.9,7.58,0.79,"",0,00:09:32:12,,,,,,,,,,,,
,130602151,27/03/2024 05:26,27/03/2024 14:49,USOUSD,Buy,0.020,0.00000,0.00000,81.26800,81.65200,0.0000,0.0000,38.4,7.68,0.81,"",0,00:09:22:54,,,,,,,,,,,,
,130603747,27/03/2024 05:42,27/03/2024 14:49,USOUSD,Buy,0.020,0.00000,0.00000,81.18800,81.65200,0.0000,0.0000,46.4,9.28,0.99,"",0,00:09:07:05,,,,,,,,,,,,
,129842565,27/03/2024 11:58,27/03/2024 14:49,USOUSD,Buy,0.020,0.00000,0.00000,80.99800,81.65200,0.0000,0.0000,65.4,13.08,1.41,"",0,00:02:50:44,,,,,,,,,,,,
,130604531,27/03/2024 11:58,27/03/2024 14:16,USOUSD,Buy,0.020,0.00000,0.00000,80.97800,81.40200,0.0000,0.0000,42.4,8.48,0.92,"",0,00:02:17:39,,,,,,,,,,,,
,130175802,26/03/2024 14:36,26/03/2024 17:33,USOUSD,Sell,0.020,0.00000,0.00000,82.48800,81.95400,0.0000,0.0000,53.4,10.68,1.18,"",0,00:02:56:38,,,,,,,,,,,,
,130075978,25/03/2024 20:23,26/03/2024 17:33,USOUSD,Sell,0.020,0.00000,0.00000,82.10400,81.94400,0.0000,0.0000,16.0,3.20,0.35,"",0,00:21:09:32,,,,,,,,,,,,
,130033942,25/03/2024 18:20,26/03/2024 17:33,USOUSD,Sell,0.010,0.00000,0.00000,82.23900,81.96400,0.0000,0.0000,27.5,2.75,0.30,"",0,00:23:12:35,,,,,,,,,,,,
,130070907,25/03/2024 21:59,26/03/2024 06:51,USOUSD,Sell,0.020,0.00000,0.00000,82.46400,82.30400,0.0000,0.0000,16.0,3.20,0.36,"",0,00:08:51:33,,,,,,,,,,,,
,128289822,20/03/2024 15:02,26/03/2024 04:35,USOUSD,Buy,0.010,0.00000,0.00000,82.38000,82.60800,0.0000,0.0000,22.8,2.28,0.25,"",0,05:13:32:21,,,,,,,,,,,,
,130031979,25/03/2024 18:16,26/03/2024 04:35,USOUSD,Buy,0.020,0.00000,0.00000,82.36000,82.60800,0.0000,0.0000,24.8,4.96,0.56,"",0,00:10:18:26,,,,,,,,,,,,
,130033401,25/03/2024 19:12,25/03/2024 20:05,USOUSD,Sell,0.020,0.00000,0.00000,82.47400,82.20000,0.0000,0.0000,27.4,5.48,0.62,"",0,00:00:52:35,,,,,,,,,,,,
,130026053,25/03/2024 18:03,25/03/2024 18:16,USOUSD,Sell,0.010,0.00000,0.00000,82.48400,82.35000,0.0000,0.0000,13.4,1.34,0.15,"",0,00:00:12:30,,,,,,,,,,,,
,129971690,25/03/2024 16:52,25/03/2024 17:54,USOUSD,Buy,0.020,0.00000,0.00000,82.16000,82.69400,0.0000,0.0000,53.4,10.68,1.22,"",0,00:01:02:44,,,,,,,,,,,,
,128297126,20/03/2024 15:20,25/03/2024 17:54,USOUSD,Buy,0.020,0.00000,0.00000,82.12000,82.72400,0.0000,0.0000,60.4,12.08,1.40,"",0,05:02:34:15,,,,,,,,,,,,
,129955956,25/03/2024 16:36,25/03/2024 17:54,USOUSD,Buy,0.020,0.00000,0.00000,81.95000,82.71900,0.0000,0.0000,76.9,15.38,1.82,"",0,00:01:17:42,,,,,,,,,,,,
,130006681,25/03/2024 17:33,25/03/2024 17:49,USOUSD,Buy,0.020,0.00000,82.57300,82.48000,82.57400,0.0000,0.0000,9.4,1.88,0.22,"[tp 82.573]",0,00:00:16:34,,,,,,,,,,,,
,129818625,25/03/2024 11:28,25/03/2024 16:36,USOUSD,Buy,0.020,0.00000,0.00000,81.24000,81.91400,0.0000,0.0000,67.4,13.48,1.62,"",0,00:05:08:10,,,,,,,,,,,,
,128854165,21/03/2024 12:42,25/03/2024 16:36,USOUSD,Buy,0.020,0.00000,0.00000,81.52400,81.91400,0.0000,0.0000,39.0,7.80,0.95,"",0,04:03:54:05,,,,,,,,,,,,
,129784108,25/03/2024 06:17,25/03/2024 16:36,USOUSD,Buy,0.020,0.00000,0.00000,81.63000,81.93400,0.0000,0.0000,30.4,6.08,0.74,"",0,00:10:19:17,,,,,,,,,,,,
,128849155,21/03/2024 12:26,25/03/2024 16:36,USOUSD,Buy,0.010,0.00000,0.00000,81.65400,81.95400,0.0000,0.0000,30.0,3.00,0.37,"",0,04:04:10:12,,,,,,,,,,,,
,129331485,22/03/2024 17:18,25/03/2024 04:15,USOUSD,Buy,0.010,0.00000,0.00000,81.11800,81.35400,0.0000,0.0000,23.6,2.36,0.29,"",0,02:10:57:01,,,,,,,,,,,,
,129324276,22/03/2024 17:18,25/03/2024 04:15,USOUSD,Buy,0.020,0.00000,0.00000,81.07800,81.35400,0.0000,0.0000,27.6,5.52,0.68,"",0,02:10:56:44,,,,,,,,,,,,
,129409525,22/03/2024 16:39,22/03/2024 17:09,USOUSD,Sell,0.010,0.00000,0.00000,81.49200,81.34800,0.0000,0.0000,14.4,1.44,0.18,"",0,00:00:30:15,,,,,,,,,,,,
,129324184,22/03/2024 12:57,22/03/2024 12:59,USOUSD,Sell,0.010,0.00000,0.00000,81.48200,81.47800,0.0000,0.0000,0.4,0.04,0.00,"",0,00:00:01:56,,,,,,,,,,,,
,129206283,22/03/2024 04:43,22/03/2024 12:00,USOUSD,Buy,0.020,0.00000,81.52000,81.09800,81.51200,0.0000,0.0000,41.4,8.28,1.04,"[tp 81.520]",0,00:07:17:09,,,,,,,,,,,,
,127529504,21/03/2024 17:35,21/03/2024 22:54,USOUSD,Buy,0.030,0.00000,0.00000,81.02400,81.44800,0.0000,0.0000,42.4,12.72,1.62,"",0,00:05:18:45,,,,,,,,,,,,
,129052203,21/03/2024 18:01,21/03/2024 22:54,USOUSD,Buy,0.020,0.00000,0.00000,80.85400,81.44800,0.0000,0.0000,59.4,11.88,1.54,"",0,00:04:52:25,,,,,,,,,,,,
,121214730,15/03/2024 16:02,21/03/2024 17:35,USOUSD,Sell,0.010,0.00000,0.00000,81.10800,80.98400,0.0000,0.0000,12.4,1.24,0.16,"",0,06:01:33:50,,,,,,,,,,,,
,120768831,14/03/2024 19:04,21/03/2024 17:35,USOUSD,Sell,0.010,0.00000,0.00000,81.13200,80.97400,0.0000,0.0000,15.8,1.58,0.21,"",0,06:22:30:51,,,,,,,,,,,,
,127238112,18/03/2024 04:42,21/03/2024 17:32,USOUSD,Sell,0.010,0.00000,81.09400,81.32600,81.09400,0.0000,0.0000,23.2,2.32,0.30,"[tp 81.094]",0,03:12:49:56,,,,,,,,,,,,
,128591343,20/03/2024 21:57,21/03/2024 12:42,USOUSD,Sell,0.010,0.00000,0.00000,81.69400,81.50400,0.0000,0.0000,19.0,1.90,0.25,"",0,00:14:45:11,,,,,,,,,,,,
,128651896,20/03/2024 23:57,21/03/2024 12:13,USOUSD,Sell,0.010,0.00000,0.00000,81.87900,81.61900,0.0000,0.0000,26.0,2.60,0.34,"",0,00:12:15:26,,,,,,,,,,,,
,128833765,21/03/2024 12:03,21/03/2024 12:12,USOUSD,Buy,0.020,0.00000,0.00000,81.44900,81.58800,0.0000,0.0000,13.9,2.78,0.37,"",0,00:00:09:12,,,,,,,,,,,,
,128634479,20/03/2024 23:02,20/03/2024 23:34,USOUSD,Buy,0.010,0.00000,0.00000,81.94000,81.96400,0.0000,0.0000,2.4,0.24,0.03,"",0,00:00:31:30,,,,,,,,,,,,
,128377543,20/03/2024 17:13,20/03/2024 22:49,USOUSD,Buy,0.020,0.00000,0.00000,81.70000,81.81400,0.0000,0.0000,11.4,2.28,0.30,"",0,00:05:36:33,,,,,,,,,,,,
,128515465,20/03/2024 21:06,20/03/2024 21:16,USOUSD,Sell,0.010,0.00000,0.00000,81.63400,81.50000,0.0000,0.0000,13.4,1.34,0.18,"",0,00:00:09:52,,,,,,,,,,,,
,128415431,20/03/2024 18:10,20/03/2024 18:14,USOUSD,Sell,0.020,0.00000,0.00000,81.66400,81.59000,0.0000,0.0000,7.4,1.48,0.20,"",0,00:00:03:24,,,,,,,,,,,,
,120799581,14/03/2024 20:00,20/03/2024 17:42,USOUSD,Sell,0.010,0.00000,0.00000,81.52200,81.43000,0.0000,0.0000,9.2,0.92,0.12,"",0,05:21:41:59,,,,,,,,,,,,
,127417642,18/03/2024 16:01,20/03/2024 17:42,USOUSD,Sell,0.010,0.00000,0.00000,81.48600,81.44000,0.0000,0.0000,4.6,0.46,0.06,"",0,02:01:41:01,,,,,,,,,,,,
,127369653,18/03/2024 14:20,20/03/2024 17:42,USOUSD,Sell,0.010,0.00000,0.00000,81.49600,81.44000,0.0000,0.0000,5.6,0.56,0.07,"",0,02:03:21:50,,,,,,,,,,,,
,127369652,18/03/2024 14:20,20/03/2024 17:42,USOUSD,Sell,0.010,0.00000,0.00000,81.49600,81.44000,0.0000,0.0000,5.6,0.56,0.07,"",0,02:03:21:50,,,,,,,,,,,,
,127285436,18/03/2024 10:20,20/03/2024 17:42,USOUSD,Sell,0.010,0.00000,0.00000,81.54100,81.43000,0.0000,0.0000,11.1,1.11,0.15,"",0,02:07:21:57,,,,,,,,,,,,
,127365497,18/03/2024 16:11,20/03/2024 17:41,USOUSD,Sell,0.010,0.00000,0.00000,81.69600,81.45000,0.0000,0.0000,24.6,2.46,0.33,"",0,02:01:30:45,,,,,,,,,,,,
,127307962,18/03/2024 11:28,20/03/2024 17:40,USOUSD,Sell,0.010,0.00000,81.48500,81.68600,81.48500,0.0000,0.0000,20.1,2.01,0.27,"[tp 81.485]",0,02:06:11:53,,,,,,,,,,,,
,127512442,18/03/2024 18:25,20/03/2024 17:12,USOUSD,Sell,0.010,0.00000,0.00000,81.97600,81.71000,0.0000,0.0000,26.6,2.66,0.36,"",0,01:22:46:49,,,,,,,,,,,,
,127511175,18/03/2024 18:22,20/03/2024 17:12,USOUSD,Sell,0.010,0.00000,0.00000,81.98600,81.71000,0.0000,0.0000,27.6,2.76,0.37,"",0,01:22:49:48,,,,,,,,,,,,
,127510357,18/03/2024 18:21,20/03/2024 17:12,USOUSD,Sell,0.010,0.00000,0.00000,81.87100,81.71000,0.0000,0.0000,16.1,1.61,0.22,"",0,01:22:51:09,,,,,,,,,,,,
,127500958,18/03/2024 18:01,20/03/2024 17:12,USOUSD,Sell,0.010,0.00000,0.00000,81.80600,81.71000,0.0000,0.0000,9.6,0.96,0.13,"",0,01:23:10:53,,,,,,,,,,,,
,127365540,18/03/2024 16:12,20/03/2024 17:12,USOUSD,Sell,0.010,0.00000,0.00000,81.78600,81.71000,0.0000,0.0000,7.6,0.76,0.10,"",0,02:01:00:39,,,,,,,,,,,,
,128296760,20/03/2024 15:23,20/03/2024 16:23,USOUSD,Buy,0.020,0.00000,82.06100,82.05500,82.06400,0.0000,0.0000,0.9,0.18,0.02,"[tp 82.061]",0,00:01:00:03,,,,,,,,,,,,
,127519802,18/03/2024 18:41,20/03/2024 15:37,USOUSD,Sell,0.010,0.00000,0.00000,82.04600,81.74000,0.0000,0.0000,30.6,3.06,0.42,"",0,01:20:56:43,,,,,,,,,,,,
,127627882,18/03/2024 22:51,20/03/2024 15:37,USOUSD,Sell,0.010,0.00000,0.00000,82.71600,81.74000,0.0000,0.0000,97.6,9.76,1.35,"",0,01:16:46:56,,,,,,,,,,,,
,127522345,18/03/2024 18:49,20/03/2024 15:37,USOUSD,Sell,0.010,0.00000,0.00000,82.15600,81.74000,0.0000,0.0000,41.6,4.16,0.58,"",0,01:20:48:28,,,,,,,,,,,,
,127522858,18/03/2024 19:52,20/03/2024 15:37,USOUSD,Sell,0.030,0.00000,0.00000,82.42100,81.74000,0.0000,0.0000,68.1,20.43,2.92,"",0,01:19:45:24,,,,,,,,,,,,
,128270553,20/03/2024 13:49,20/03/2024 14:36,USOUSD,Buy,0.020,0.00000,0.00000,82.36000,82.46400,0.0000,0.0000,10.4,2.08,0.30,"",0,00:00:46:49,,,,,,,,,,,,
,128272089,20/03/2024 13:58,20/03/2024 14:07,USOUSD,Buy,0.010,0.00000,0.00000,82.17000,82.29400,0.0000,0.0000,12.4,1.24,0.18,"",0,00:00:09:40,,,,,,,,,,,,
,128271610,20/03/2024 13:54,20/03/2024 14:07,USOUSD,Buy,0.010,0.00000,0.00000,82.12500,82.28400,0.0000,0.0000,15.9,1.59,0.23,"",0,00:00:12:47,,,,,,,,,,,,
,127921062,19/03/2024 16:31,20/03/2024 13:46,USOUSD,Sell,0.020,0.00000,0.00000,82.92500,82.41000,0.0000,0.0000,51.5,10.30,1.50,"",0,00:21:14:34,,,,,,,,,,,,
,128033411,20/03/2024 11:33,20/03/2024 11:48,USOUSD,Buy,0.020,0.00000,0.00000,82.50000,82.67400,0.0000,0.0000,17.4,3.48,0.51,"",0,00:00:15:23,,,,,,,,,,,,
,127985613,19/03/2024 18:44,20/03/2024 02:00,USOUSD,Sell,0.020,0.00000,0.00000,83.48000,82.97000,0.0000,0.0000,51.0,10.20,1.52,"",0,00:07:15:46,,,,,,,,,,,,
,127999614,19/03/2024 18:30,19/03/2024 18:33,USOUSD,Buy,0.010,0.00000,83.24100,82.98600,83.23000,0.0000,0.0000,24.4,2.44,0.36,"[tp 83.241]",0,00:00:03:21,,,,,,,,,,,,
,127992680,19/03/2024 18:11,19/03/2024 18:26,USOUSD,Buy,0.010,0.00000,83.23100,83.00600,83.23000,0.0000,0.0000,22.4,2.24,0.34,"[tp 83.231]",0,00:00:14:33,,,,,,,,,,,,
,127902606,19/03/2024 16:03,19/03/2024 16:06,USOUSD,Buy,0.010,0.00000,0.00000,82.54600,82.67000,0.0000,0.0000,12.4,1.24,0.19,"",0,00:00:02:49,,,,,,,,,,,,
,127854821,19/03/2024 14:45,19/03/2024 15:16,USOUSD,Buy,0.010,0.00000,0.00000,82.59600,82.72000,0.0000,0.0000,12.4,1.24,0.19,"",0,00:00:31:17,,,,,,,,,,,,
,127710017,19/03/2024 08:47,19/03/2024 14:32,USOUSD,Buy,0.010,0.00000,0.00000,82.42600,82.64000,0.0000,0.0000,21.4,2.14,0.32,"",0,00:05:45:06,,,,,,,,,,,,
,127709965,19/03/2024 08:47,19/03/2024 14:32,USOUSD,Buy,0.010,0.00000,0.00000,82.42600,82.63000,0.0000,0.0000,20.4,2.04,0.31,"",0,00:05:45:18,,,,,,,,,,,,
,127507150,18/03/2024 18:14,18/03/2024 18:20,USOUSD,Buy,0.010,0.00000,81.83400,81.61200,81.83600,0.0000,0.0000,22.4,2.24,0.34,"[tp 81.834]",0,00:00:06:04,,,,,,,,,,,,
,127475619,18/03/2024 17:15,18/03/2024 18:01,USOUSD,Buy,0.010,0.00000,81.79200,81.52200,81.79600,0.0000,0.0000,27.4,2.74,0.42,"[tp 81.792]",0,00:00:45:28,,,,,,,,,,,,
,127448525,18/03/2024 16:40,18/03/2024 16:52,USOUSD,Buy,0.010,0.00000,0.00000,81.36200,81.56600,0.0000,0.0000,20.4,2.04,0.31,"",0,00:00:11:58,,,,,,,,,,,,
,127382003,18/03/2024 14:56,18/03/2024 16:24,USOUSD,Buy,0.010,0.00000,0.00000,81.51200,81.79600,0.0000,0.0000,28.4,2.84,0.44,"",0,00:01:27:25,,,,,,,,,,,,
,127310019,18/03/2024 11:34,18/03/2024 14:10,USOUSD,Sell,0.010,0.00000,0.00000,81.83600,81.60200,0.0000,0.0000,23.4,2.34,0.36,"",0,00:02:35:47,,,,,,,,,,,,
,127310018,18/03/2024 11:34,18/03/2024 14:10,USOUSD,Sell,0.010,0.00000,0.00000,81.83600,81.61200,0.0000,0.0000,22.4,2.24,0.35,"",0,00:02:35:45,,,,,,,,,,,,
,127311858,18/03/2024 11:40,18/03/2024 14:10,USOUSD,Sell,0.010,0.00000,0.00000,81.85600,81.61200,0.0000,0.0000,24.4,2.44,0.38,"",0,00:02:29:17,,,,,,,,,,,,
,127313433,18/03/2024 11:46,18/03/2024 14:10,USOUSD,Sell,0.010,0.00000,0.00000,81.97600,81.61200,0.0000,0.0000,36.4,3.64,0.57,"",0,00:02:23:10,,,,,,,,,,,,
,127313073,18/03/2024 11:45,18/03/2024 14:09,USOUSD,Sell,0.010,0.00000,0.00000,81.97600,81.61200,0.0000,0.0000,36.4,3.64,0.57,"",0,00:02:24:46,,,,,,,,,,,,
,127310097,18/03/2024 13:00,18/03/2024 14:09,USOUSD,Sell,0.010,0.00000,0.00000,82.03600,81.61200,0.0000,0.0000,42.4,4.24,0.67,"",0,00:01:09:11,,,,,,,,,,,,
,121215237,15/03/2024 16:02,18/03/2024 10:05,USOUSD,Buy,0.010,0.00000,0.00000,81.20900,81.50100,0.0000,0.0000,29.2,2.92,0.46,"",0,02:18:02:47,,,,,,,,,,,,
,120739753,14/03/2024 18:33,14/03/2024 18:53,USOUSD,Buy,0.010,0.00000,0.00000,80.82300,81.15700,0.0000,0.0000,33.4,3.34,0.53,"",0,00:00:20:49,,,,,,,,,,,,
,120734216,14/03/2024 18:27,14/03/2024 18:53,USOUSD,Buy,0.010,0.00000,0.00000,80.93800,81.15700,0.0000,0.0000,21.9,2.19,0.35,"",0,00:00:26:51,,,,,,,,,,,,
,120708922,14/03/2024 18:00,14/03/2024 18:53,USOUSD,Buy,0.010,0.00000,0.00000,81.14300,81.15700,0.0000,0.0000,1.4,0.14,0.02,"",0,00:00:53:12,,,,,,,,,,,,
,120558756,14/03/2024 15:47,14/03/2024 18:53,USOUSD,Buy,0.010,0.00000,0.00000,80.50800,81.15700,0.0000,0.0000,64.9,6.49,1.05,"",0,00:03:06:04,,,,,,,,,,,,
,115698678,04/03/2024 16:31,14/03/2024 18:53,USOUSD,Buy,0.010,0.00000,0.00000,80.44000,81.15700,0.0000,0.0000,71.7,7.17,1.18,"",0,10:02:22:10,,,,,,,,,,,,
,115157998,01/03/2024 17:55,14/03/2024 18:53,USOUSD,Buy,0.010,0.00000,0.00000,80.59000,81.15700,0.0000,0.0000,56.7,5.67,0.94,"",0,13:00:58:29,,,,,,,,,,,,
,117948896,08/03/2024 11:33,14/03/2024 11:50,USOUSD,Buy,0.010,0.00000,0.00000,79.76700,80.34200,0.0000,0.0000,57.5,5.75,0.96,"",0,06:00:16:36,,,,,,,,,,,,
,120241096,13/03/2024 20:27,14/03/2024 10:50,NG-CR,Buy,0.100,0.00000,0.00000,1.67400,1.65400,0.0000,0.0000,0.0,-20.00,-3.24,"",0,00:14:22:59,,,,,,,,,,,,
,120112356,13/03/2024 17:15,14/03/2024 02:42,USOUSD,Buy,0.010,0.00000,0.00000,79.42100,79.71200,0.0000,0.0000,29.1,2.91,0.47,"",0,00:09:26:12,,,,,,,,,,,,
,112600920,14/03/2024 02:04,,,Withdrawal,0.000,0.00000,0.00000,0.00000,0.00000,0.0000,0.0000,0.0,-1.00,0,"Administration Fee",0,00:00:00:00,,,,,,,,,,,,
,120025360,13/03/2024 16:01,13/03/2024 17:08,USOUSD,Buy,0.010,0.00000,0.00000,79.35100,79.66000,0.0000,0.0000,30.9,3.09,0.50,"",0,00:01:07:13,,,,,,,,,,,,
,117972020,08/03/2024 12:07,13/03/2024 16:43,USOUSD,Buy,0.010,0.00000,0.00000,79.24700,79.50000,0.0000,0.0000,25.3,2.53,0.41,"",0,05:04:36:25,,,,,,,,,,,,
,117951712,08/03/2024 12:23,13/03/2024 16:27,USOUSD,Buy,0.010,0.00000,0.00000,79.12800,79.35000,0.0000,0.0000,22.2,2.22,0.37,"",0,05:04:03:49,,,,,,,,,,,,
,117989959,08/03/2024 12:56,13/03/2024 15:51,USOUSD,Buy,0.010,0.00000,0.00000,78.72700,79.21000,0.0000,0.0000,48.3,4.83,0.80,"",0,05:02:54:52,,,,,,,,,,,,
,119610063,12/03/2024 18:07,13/03/2024 15:51,USOUSD,Buy,0.010,0.00000,0.00000,78.67400,79.21000,0.0000,0.0000,53.6,5.36,0.90,"",0,00:21:44:00,,,,,,,,,,,,
,119953188,13/03/2024 14:01,13/03/2024 15:51,USOUSD,Buy,0.010,0.00000,0.00000,78.77600,79.21000,0.0000,0.0000,43.4,4.34,0.73,"",0,00:01:49:55,,,,,,,,,,,,
,119915665,13/03/2024 12:42,13/03/2024 14:02,USOUSD,Buy,0.010,0.00000,0.00000,78.49600,78.71000,0.0000,0.0000,21.4,2.14,0.36,"",0,00:01:20:00,,,,,,,,,,,,
,119621541,12/03/2024 18:26,13/03/2024 13:41,USOUSD,Buy,0.010,0.00000,0.00000,78.46400,78.72500,0.0000,0.0000,26.1,2.61,0.44,"",0,00:19:14:52,,,,,,,,,,,,
,119610145,12/03/2024 18:27,13/03/2024 13:41,USOUSD,Buy,0.010,0.00000,0.00000,78.37400,78.72000,0.0000,0.0000,34.6,3.46,0.59,"",0,00:19:14:13,,,,,,,,,,,,
,119610188,12/03/2024 18:47,13/03/2024 13:40,USOUSD,Buy,0.010,0.00000,0.00000,78.27900,78.73500,0.0000,0.0000,45.6,4.56,0.79,"",0,00:18:53:00,,,,,,,,,,,,
,119839048,13/03/2024 10:17,13/03/2024 13:40,USOUSD,Buy,0.010,0.00000,0.00000,77.96600,78.73000,0.0000,0.0000,76.4,7.64,1.33,"",0,00:03:23:15,,,,,,,,,,,,
,119864673,13/03/2024 10:45,13/03/2024 13:40,USOUSD,Buy,0.010,0.00000,0.00000,77.88600,78.73000,0.0000,0.0000,84.4,8.44,1.50,"",0,00:02:55:17,,,,,,,,,,,,
,119787913,13/03/2024 11:19,13/03/2024 13:40,USOUSD,Buy,0.010,0.00000,0.00000,77.81600,78.73000,0.0000,0.0000,91.4,9.14,1.65,"",0,00:02:21:03,,,,,,,,,,,,
,119860401,13/03/2024 11:27,13/03/2024 13:40,USOUSD,Buy,0.010,0.00000,0.00000,77.69600,78.73000,0.0000,0.0000,103.4,10.34,1.90,"",0,00:02:12:48,,,,,,,,,,,,
,119864672,13/03/2024 10:45,13/03/2024 11:57,USOUSD,Buy,0.010,0.00000,78.14200,77.88600,78.15500,0.0000,0.0000,26.9,2.69,0.50,"[tp 78.142]",0,00:01:12:26,,,,,,,,,,,,
,119694583,12/03/2024 20:31,13/03/2024 09:07,USOUSD,Buy,0.010,0.00000,0.00000,78.04400,78.22500,0.0000,0.0000,18.1,1.81,0.33,"",0,00:12:36:39,,,,,,,,,,,,
,119694581,12/03/2024 20:31,13/03/2024 09:07,USOUSD,Buy,0.010,0.00000,0.00000,78.00400,78.22500,0.0000,0.0000,22.1,2.21,0.41,"",0,00:12:36:39,,,,,,,,,,,,
,119461964,12/03/2024 20:08,13/03/2024 09:07,USOUSD,Buy,0.010,0.00000,0.00000,78.09400,78.22500,0.0000,0.0000,13.1,1.31,0.24,"",0,00:12:59:14,,,,,,,,,,,,
,119044656,12/03/2024 20:09,13/03/2024 09:07,USOUSD,Buy,0.010,0.00000,0.00000,78.08900,78.22500,0.0000,0.0000,13.6,1.36,0.25,"",0,00:12:58:19,,,,,,,,,,,,
,119044479,12/03/2024 20:30,13/03/2024 09:07,USOUSD,Buy,0.010,0.00000,0.00000,78.00400,78.22500,0.0000,0.0000,22.1,2.21,0.41,"",0,00:12:36:49,,,,,,,,,,,,
,119720348,12/03/2024 21:25,13/03/2024 03:04,USOUSD,Buy,0.010,0.00000,0.00000,77.48400,77.98500,0.0000,0.0000,50.1,5.01,0.95,"",0,00:05:39:09,,,,,,,,,,,,
,119715496,12/03/2024 21:11,13/03/2024 03:04,USOUSD,Buy,0.010,0.00000,0.00000,77.58400,77.98500,0.0000,0.0000,40.1,4.01,0.76,"",0,00:05:53:29,,,,,,,,,,,,
,119715493,12/03/2024 21:11,13/03/2024 03:04,USOUSD,Buy,0.010,0.00000,0.00000,77.58400,77.98500,0.0000,0.0000,40.1,4.01,0.77,"",0,00:05:53:29,,,,,,,,,,,,
,119706000,12/03/2024 20:53,13/03/2024 03:04,USOUSD,Buy,0.010,0.00000,0.00000,77.78400,77.98500,0.0000,0.0000,20.1,2.01,0.39,"",0,00:06:11:06,,,,,,,,,,,,
,119701879,12/03/2024 21:01,13/03/2024 03:04,USOUSD,Buy,0.010,0.00000,0.00000,77.70400,77.98500,0.0000,0.0000,28.1,2.81,0.55,"",0,00:06:03:50,,,,,,,,,,,,
,119700271,12/03/2024 20:42,13/03/2024 03:04,USOUSD,Buy,0.010,0.00000,0.00000,77.80400,77.98500,0.0000,0.0000,18.1,1.81,0.35,"",0,00:06:22:53,,,,,,,,,,,,
,119700115,12/03/2024 20:41,13/03/2024 03:04,USOUSD,Buy,0.010,0.00000,0.00000,77.83400,77.98500,0.0000,0.0000,15.1,1.51,0.29,"",0,00:06:23:11,,,,,,,,,,,,
,119592215,12/03/2024 17:47,12/03/2024 18:07,USOUSD,Buy,0.010,0.00000,0.00000,78.33400,78.61800,0.0000,0.0000,28.4,2.84,0.56,"",0,00:00:20:09,,,,,,,,,,,,
,119550543,12/03/2024 17:04,12/03/2024 18:07,USOUSD,Buy,0.010,0.00000,0.00000,78.21400,78.61800,0.0000,0.0000,40.4,4.04,0.80,"",0,00:01:02:27,,,,,,,,,,,,
,119350910,12/03/2024 14:45,12/03/2024 17:46,USOUSD,Buy,0.010,0.00000,0.00000,78.00400,78.39800,0.0000,0.0000,39.4,3.94,0.79,"",0,00:03:01:02,,,,,,,,,,,,
,119467897,12/03/2024 16:01,12/03/2024 17:43,USOUSD,Buy,0.010,0.00000,0.00000,77.44400,78.47800,0.0000,0.0000,103.4,10.34,2.11,"",0,00:01:41:59,,,,,,,,,,,,
,119372285,12/03/2024 16:12,12/03/2024 17:43,USOUSD,Buy,0.010,0.00000,0.00000,77.42400,78.46800,0.0000,0.0000,104.4,10.44,2.17,"",0,00:01:30:37,,,,,,,,,,,,
,119161530,12/03/2024 15:01,12/03/2024 15:23,USOUSD,Buy,0.010,0.00000,0.00000,77.82400,77.92800,0.0000,0.0000,10.4,1.04,0.22,"",0,00:00:22:27,,,,,,,,,,,,
,117991772,08/03/2024 13:58,12/03/2024 13:14,USOUSD,Buy,0.010,0.00000,0.00000,78.45700,78.57800,0.0000,0.0000,12.1,1.21,0.25,"",0,03:23:16:24,,,,,,,,,,,,
,117951613,08/03/2024 13:59,12/03/2024 13:14,USOUSD,Buy,0.010,0.00000,0.00000,78.43700,78.57800,0.0000,0.0000,14.1,1.41,0.30,"",0,03:23:15:37,,,,,,,,,,,,
,119044331,11/03/2024 20:55,12/03/2024 02:46,USOUSD,Buy,0.010,0.00000,0.00000,77.79700,78.12300,0.0000,0.0000,32.6,3.26,0.69,"",0,00:05:50:55,,,,,,,,,,,,
,119044050,11/03/2024 20:08,12/03/2024 02:45,USOUSD,Buy,0.010,0.00000,0.00000,77.87200,78.12300,0.0000,0.0000,25.1,2.51,0.53,"",0,00:06:37:08,,,,,,,,,,,,
,118914494,11/03/2024 16:42,11/03/2024 19:18,USOUSD,Buy,0.010,0.00000,0.00000,76.98200,78.31100,0.0000,0.0000,132.9,13.29,2.90,"",0,00:02:35:47,,,,,,,,,,,,
,118914479,11/03/2024 16:42,11/03/2024 19:18,USOUSD,Buy,0.010,0.00000,0.00000,76.98200,78.31100,0.0000,0.0000,132.9,13.29,2.99,"",0,00:02:35:48,,,,,,,,,,,,
,118814642,11/03/2024 14:47,11/03/2024 19:18,USOUSD,Buy,0.010,0.00000,0.00000,77.68200,78.31100,0.0000,0.0000,62.9,6.29,1.44,"",0,00:04:31:01,,,,,,,,,,,,
,118745381,11/03/2024 11:36,11/03/2024 19:18,USOUSD,Buy,0.010,0.00000,0.00000,77.90200,78.31100,0.0000,0.0000,40.9,4.09,0.94,"",0,00:07:41:26,,,,,,,,,,,,
,118628772,11/03/2024 04:05,11/03/2024 19:18,USOUSD,Buy,0.010,0.00000,0.00000,77.40700,78.31100,0.0000,0.0000,90.4,9.04,2.13,"",0,00:15:13:04,,,,,,,,,,,,
,118628537,11/03/2024 04:04,11/03/2024 19:18,USOUSD,Buy,0.010,0.00000,0.00000,77.40200,78.31100,0.0000,0.0000,90.9,9.09,2.18,"",0,00:15:13:47,,,,,,,,,,,,
,118228379,08/03/2024 18:20,11/03/2024 19:18,USOUSD,Buy,0.010,0.00000,0.00000,77.68200,78.31100,0.0000,0.0000,62.9,6.29,1.54,"",0,03:00:57:48,,,,,,,,,,,,
,118047854,08/03/2024 18:18,11/03/2024 19:18,USOUSD,Buy,0.010,0.00000,0.00000,77.99700,78.31100,0.0000,0.0000,31.4,3.14,0.77,"",0,03:00:59:51,,,,,,,,,,,,
,118019339,08/03/2024 17:23,11/03/2024 19:18,USOUSD,Buy,0.010,0.00000,0.00000,78.21200,78.31100,0.0000,0.0000,9.9,0.99,0.24,"",0,03:01:54:21,,,,,,,,,,,,
,117580909,07/03/2024 16:01,08/03/2024 11:15,USOUSD,Buy,0.010,0.00000,0.00000,78.70500,80.01100,0.0000,0.0000,130.6,13.06,4.29,"",0,00:19:13:58,,,,,,,,,,,,
,117499626,07/03/2024 16:30,08/03/2024 11:15,USOUSD,Buy,0.010,0.00000,0.00000,78.20500,80.01100,0.0000,0.0000,180.6,18.06,6.30,"",0,00:18:44:38,,,,,,,,,,,,
,116850665,06/03/2024 21:56,08/03/2024 11:15,USOUSD,Buy,0.010,0.00000,0.00000,79.06800,80.01100,0.0000,0.0000,94.3,9.43,3.40,"",0,01:13:18:38,,,,,,,,,,,,
,116805003,07/03/2024 17:26,08/03/2024 11:15,USOUSD,Buy,0.010,0.00000,0.00000,78.17500,80.01100,0.0000,0.0000,183.6,18.36,7.10,"",0,00:17:48:15,,,,,,,,,,,,
,116804858,07/03/2024 16:30,08/03/2024 11:15,USOUSD,Buy,0.010,0.00000,0.00000,78.21500,80.01100,0.0000,0.0000,179.6,17.96,7.46,"",0,00:18:44:44,,,,,,,,,,,,
,117476874,07/03/2024 13:20,07/03/2024 14:19,USOUSD,Buy,0.010,0.00000,0.00000,78.49600,78.66400,0.0000,0.0000,16.8,1.68,0.70,"",0,00:00:58:48,,,,,,,,,,,,
,117443461,07/03/2024 12:05,07/03/2024 12:15,USOUSD,Buy,0.010,0.00000,0.00000,78.70500,78.84900,0.0000,0.0000,14.4,1.44,0.61,"",0,00:00:09:46,,,,,,,,,,,,
,115688911,04/03/2024 17:02,06/03/2024 17:35,USOUSD,Buy,0.010,0.00000,0.00000,79.83000,80.13700,0.0000,0.0000,30.7,3.07,1.31,"",0,02:00:33:07,,,,,,,,,,,,
,115742975,04/03/2024 17:11,06/03/2024 17:09,USOUSD,Buy,0.010,0.00000,0.00000,79.60000,79.89700,0.0000,0.0000,29.7,2.97,1.28,"",0,01:23:58:32,,,,,,,,,,,,
,115763534,04/03/2024 17:27,06/03/2024 17:09,USOUSD,Buy,0.010,0.00000,0.00000,79.57000,79.88700,0.0000,0.0000,31.7,3.17,1.39,"",0,01:23:41:45,,,,,,,,,,,,
,115724628,04/03/2024 19:15,06/03/2024 15:13,USOUSD,Buy,0.010,0.00000,0.00000,79.03000,79.12700,0.0000,0.0000,9.7,0.97,0.43,"",0,01:19:57:28,,,,,,,,,,,,
,116216431,05/03/2024 12:58,06/03/2024 10:48,USOUSD,Buy,0.010,0.00000,0.00000,78.80200,78.92700,0.0000,0.0000,12.5,1.25,0.55,"",0,00:21:50:26,,,,,,,,,,,,
,115763005,04/03/2024 20:13,06/03/2024 10:40,USOUSD,Buy,0.010,0.00000,0.00000,78.71000,78.88700,0.0000,0.0000,17.7,1.77,0.79,"",0,01:14:27:19,,,,,,,,,,,,
,115724788,04/03/2024 20:13,06/03/2024 10:40,USOUSD,Buy,0.010,0.00000,0.00000,78.71000,78.88700,0.0000,0.0000,17.7,1.77,0.79,"",0,01:14:27:17,,,,,,,,,,,,
,116496440,05/03/2024 20:46,06/03/2024 09:40,USOUSD,Buy,0.010,0.00000,0.00000,78.01200,78.65200,0.0000,0.0000,64.0,6.40,2.96,"",0,00:12:54:16,,,,,,,,,,,,
,116387883,05/03/2024 20:50,06/03/2024 09:40,USOUSD,Buy,0.010,0.00000,0.00000,77.99200,78.65200,0.0000,0.0000,66.0,6.60,3.15,"",0,00:12:49:53,,,,,,,,,,,,
,116440799,05/03/2024 17:19,05/03/2024 17:46,USOUSD,Buy,0.010,0.00000,0.00000,78.46200,78.97600,0.0000,0.0000,51.4,5.14,2.51,"",0,00:00:27:08,,,,,,,,,,,,
,116394314,05/03/2024 17:23,05/03/2024 17:46,USOUSD,Buy,0.010,0.00000,0.00000,78.31200,78.97600,0.0000,0.0000,66.4,6.64,3.35,"",0,00:00:22:59,,,,,,,,,,,,
,116388047,05/03/2024 17:29,05/03/2024 17:46,USOUSD,Buy,0.010,0.00000,0.00000,77.92200,79.00100,0.0000,0.0000,107.9,10.79,5.77,"",0,00:00:16:52,,,,,,,,,,,,
,116015706,05/03/2024 14:03,05/03/2024 16:49,USOUSD,Buy,0.010,0.00000,0.00000,78.33200,78.80600,0.0000,0.0000,47.4,4.74,2.60,"",0,00:02:45:53,,,,,,,,,,,,
,116272576,05/03/2024 15:13,05/03/2024 16:49,USOUSD,Buy,0.010,0.00000,0.00000,77.97200,78.80600,0.0000,0.0000,83.4,8.34,4.79,"",0,00:01:35:49,,,,,,,,,,,,
,113520203,05/03/2024 14:11,05/03/2024 16:49,USOUSD,Buy,0.010,0.00000,0.00000,78.30200,78.80100,0.0000,0.0000,49.9,4.99,2.95,"",0,00:02:38:06,,,,,,,,,,,,
,116277666,05/03/2024 15:20,05/03/2024 16:49,USOUSD,Buy,0.010,0.00000,0.00000,77.72200,78.79600,0.0000,0.0000,107.4,10.74,6.78,"",0,00:01:28:52,,,,,,,,,,,,
,115142246,01/03/2024 19:26,04/03/2024 16:31,USOUSD,Buy,0.010,0.00000,0.00000,80.14500,80.40400,0.0000,0.0000,25.9,2.59,1.66,"",0,02:21:05:11,,,,,,,,,,,,
,115409462,04/03/2024 05:40,04/03/2024 16:31,USOUSD,Buy,0.010,0.00000,0.00000,80.08000,80.40900,0.0000,0.0000,32.9,3.29,2.16,"",0,00:10:50:55,,,,,,,,,,,,
,113520275,04/03/2024 14:31,04/03/2024 16:22,USOUSD,Buy,0.010,0.00000,0.00000,79.39000,80.12400,0.0000,0.0000,73.4,7.34,5.06,"",0,00:01:51:00,,,,,,,,,,,,
,115566492,04/03/2024 12:58,04/03/2024 16:20,USOUSD,Buy,0.010,0.00000,0.00000,79.84000,80.11400,0.0000,0.0000,27.4,2.74,1.92,"",0,00:03:22:20,,,,,,,,,,,,
,115587611,04/03/2024 14:01,04/03/2024 15:51,USOUSD,Buy,0.010,0.00000,0.00000,79.56000,80.00400,0.0000,0.0000,44.4,4.44,3.22,"",0,00:01:50:03,,,,,,,,,,,,
,114835092,04/03/2024 14:31,04/03/2024 15:51,USOUSD,Buy,0.010,0.00000,0.00000,79.39000,80.00400,0.0000,0.0000,61.4,6.14,4.66,"",0,00:01:20:41,,,,,,,,,,,,
,115000061,01/03/2024 15:38,01/03/2024 17:43,USOUSD,Buy,0.010,0.00000,0.00000,79.92000,80.70900,0.0000,0.0000,78.9,7.89,6.37,"",0,00:02:04:12,,,,,,,,,,,,
,115073981,01/03/2024 17:06,01/03/2024 17:42,USOUSD,Buy,0.010,0.00000,0.00000,79.69500,80.68900,0.0000,0.0000,99.4,9.94,8.72,"",0,00:00:36:00,,,,,,,,,,,,
,115065330,01/03/2024 16:53,01/03/2024 16:59,USOUSD,Buy,0.010,0.00000,0.00000,79.66500,79.84400,0.0000,0.0000,17.9,1.79,1.60,"",0,00:00:06:22,,,,,,,,,,,,
,113747522,28/02/2024 16:46,01/03/2024 15:38,USOUSD,Buy,0.010,0.00000,0.00000,79.70100,79.88900,0.0000,0.0000,18.8,1.88,0.47,"",0,01:22:52:33,,,,,,,,,,,,
,113788550,28/02/2024 17:32,01/03/2024 13:27,USOUSD,Buy,0.010,0.00000,0.00000,79.22100,79.62900,0.0000,0.0000,40.8,4.08,1.02,"",0,01:19:55:06,,,,,,,,,,,,
,114347772,29/02/2024 16:29,01/03/2024 13:21,USOUSD,Buy,0.010,0.00000,0.00000,79.06300,79.59400,0.0000,0.0000,53.1,5.31,1.35,"",0,00:20:51:38,,,,,,,,,,,,
,114361246,29/02/2024 16:40,01/03/2024 11:15,USOUSD,Buy,0.010,0.00000,0.00000,78.82300,79.13900,0.0000,0.0000,31.6,3.16,0.81,"",0,00:18:34:45,,,,,,,,,,,,
,114365508,29/02/2024 16:43,01/03/2024 11:14,USOUSD,Buy,0.010,0.00000,79.07500,78.65300,79.10900,0.0000,0.0000,45.6,4.56,1.18,"[tp 79.075]",0,00:18:30:41,,,,,,,,,,,,
,114786355,01/03/2024 10:37,01/03/2024 11:04,USOUSD,Buy,0.010,0.00000,0.00000,78.26500,78.64900,0.0000,0.0000,38.4,3.84,3.54,"",0,00:00:27:37,,,,,,,,,,,,
,113520077,01/03/2024 10:24,01/03/2024 11:04,USOUSD,Buy,0.010,0.00000,78.62000,78.40500,78.63900,0.0000,0.0000,23.4,2.34,2.21,"[tp 78.620]",0,00:00:40:15,,,,,,,,,,,,
,114786246,01/03/2024 10:36,01/03/2024 11:01,USOUSD,Buy,0.010,0.00000,78.54100,78.26500,78.54400,0.0000,0.0000,27.9,2.79,2.70,"[tp 78.541]",0,00:00:24:32,,,,,,,,,,,,
,114337068,29/02/2024 17:23,29/02/2024 18:19,USOUSD,Buy,0.010,0.00000,78.92900,78.48800,78.95200,0.0000,0.0000,46.4,4.64,1.21,"[tp 78.929]",0,00:00:56:11,,,,,,,,,,,,
,113702513,28/02/2024 18:08,29/02/2024 16:29,USOUSD,Buy,0.010,0.00000,0.00000,78.84100,78.99700,0.0000,0.0000,15.6,1.56,0.41,"",0,00:22:21:37,,,,,,,,,,,,
,114336341,29/02/2024 16:11,29/02/2024 16:26,USOUSD,Buy,0.010,0.00000,78.98100,78.56300,78.97200,0.0000,0.0000,40.9,4.09,1.09,"[tp 78.981]",0,00:00:14:18,,,,,,,,,,,,
,114224255,29/02/2024 16:11,29/02/2024 16:22,USOUSD,Buy,0.010,0.00000,0.00000,78.48300,78.74700,0.0000,0.0000,26.4,2.64,0.71,"",0,00:00:11:09,,,,,,,,,,,,
,114030272,29/02/2024 04:30,29/02/2024 14:30,USOUSD,Buy,0.010,0.00000,0.00000,78.63300,78.86700,0.0000,0.0000,23.4,2.34,0.63,"",0,00:09:59:39,,,,,,,,,,,,
,114042416,29/02/2024 05:58,29/02/2024 14:29,USOUSD,Buy,0.010,0.00000,0.00000,78.65300,78.87700,0.0000,0.0000,22.4,2.24,0.61,"",0,00:08:31:14,,,,,,,,,,,,
,114043536,29/02/2024 06:11,29/02/2024 14:29,USOUSD,Buy,0.010,0.00000,0.00000,78.64300,78.86700,0.0000,0.0000,22.4,2.24,0.61,"",0,00:08:18:57,,,,,,,,,,,,
,114198172,29/02/2024 13:41,29/02/2024 14:08,USOUSD,Buy,0.010,0.00000,78.63500,78.32300,78.63700,0.0000,0.0000,31.4,3.14,0.86,"[tp 78.635]",0,00:00:27:25,,,,,,,,,,,,
,114006271,29/02/2024 02:30,29/02/2024 13:13,USOUSD,Buy,0.010,0.00000,0.00000,78.27300,78.60700,0.0000,0.0000,33.4,3.34,0.93,"",0,00:10:42:41,,,,,,,,,,,,
,113645976,29/02/2024 10:00,29/02/2024 12:41,USOUSD,Buy,0.010,0.00000,0.00000,78.31300,78.72700,0.0000,0.0000,41.4,4.14,1.16,"",0,00:02:40:13,,,,,,,,,,,,
,113997970,29/02/2024 01:56,29/02/2024 04:30,USOUSD,Buy,0.010,0.00000,0.00000,78.31300,78.60700,0.0000,0.0000,29.4,2.94,0.83,"",0,00:02:33:40,,,,,,,,,,,,
,113710152,28/02/2024 16:04,28/02/2024 16:45,USOUSD,Buy,0.010,0.00000,0.00000,79.49100,79.56500,0.0000,0.0000,7.4,0.74,0.21,"",0,00:00:41:41,,,,,,,,,,,,
,113702975,28/02/2024 15:58,28/02/2024 16:04,USOUSD,Buy,0.010,0.00000,0.00000,79.12100,79.43500,0.0000,0.0000,31.4,3.14,0.90,"",0,00:00:05:29,,,,,,,,,,,,
,113670875,28/02/2024 15:31,28/02/2024 15:57,USOUSD,Buy,0.010,0.00000,0.00000,78.99100,79.12000,0.0000,0.0000,12.9,1.29,0.37,"",0,00:00:26:25,,,,,,,,,,,,
,113656531,28/02/2024 15:21,28/02/2024 15:30,USOUSD,Buy,0.010,0.00000,0.00000,78.87100,78.90500,0.0000,0.0000,3.4,0.34,0.10,"",0,00:00:09:00,,,,,,,,,,,,
,113645733,28/02/2024 15:13,28/02/2024 15:21,USOUSD,Buy,0.010,0.00000,0.00000,78.81100,78.83500,0.0000,0.0000,2.4,0.24,0.07,"",0,00:00:08:50,,,,,,,,,,,,
,113644891,28/02/2024 15:12,28/02/2024 15:13,USOUSD,Buy,0.010,0.00000,0.00000,78.76100,78.77500,0.0000,0.0000,1.4,0.14,0.04,"",0,00:00:00:33,,,,,,,,,,,,
,113637370,28/02/2024 15:04,28/02/2024 15:12,USOUSD,Buy,0.100,0.00000,0.00000,78.48100,78.73500,0.0000,0.0000,25.4,25.40,7.89,"",0,00:00:07:23,,,,,,,,,,,,
,113531481,28/02/2024 11:25,28/02/2024 15:04,USOUSD,Buy,0.010,0.00000,0.00000,78.25200,78.44500,0.0000,0.0000,19.3,1.93,0.60,"",0,00:03:38:51,,,,,,,,,,,,
,113601588,28/02/2024 13:54,28/02/2024 15:04,USOUSD,Buy,0.010,0.00000,78.39000,78.17200,78.41500,0.0000,0.0000,24.3,2.43,0.76,"[tp 78.390]",0,00:01:09:45,,,,,,,,,,,,
,113511655,28/02/2024 10:57,28/02/2024 13:39,USOUSD,Buy,0.010,0.00000,0.00000,78.12200,78.25500,0.0000,0.0000,13.3,1.33,1.31,"",0,00:02:42:13,,,,,,,,,,,,
,113515188,28/02/2024 11:01,28/02/2024 11:04,BTCUSD,Sell,0.010,0.00000,0.00000,59240.89000,59176.22000,0.0000,0.0000,64.7,0.65,0.64,"",0,00:00:02:25,,,,,,,,,,,,
,105851914,28/02/2024 10:56,,,Deposit,0.000,0.00000,0.00000,0.00000,0.00000,0.0000,0.0000,0.0,100.00,0,"Deposit-TH-Xpay-CPS-APP",0,00:00:00:00,,,,,,,,,,,,
,112887856,27/02/2024 04:45,28/02/2024 10:54,ETHUSD,Sell,0.010,0.00000,0.00000,3253.02000,3324.93000,0.0000,0.0000,-7191.0,-7.19,0.00,"[so at -382.86% ]",0,01:06:08:50,56.8,17h 7m,15383.0,2.49,4412.0,0.0,-10971.0,-0.0,28.7,24.6,-11603.00,0.00
,112706173,26/02/2024 22:04,28/02/2024 10:54,ETHUSD,Sell,0.010,0.00000,0.00000,3187.45000,3324.06000,0.0000,0.0000,-13661.0,-13.66,-656.73,"[so at -190.61% ]",0,01:12:50:05,9.3,3h 25m,19597.0,8.47,2069.0,0.0,-17528.0,-0.0,10.6,19.7,-15730.00,0.00
,111417937,23/02/2024 01:01,28/02/2024 10:54,USOUSD,Buy,0.010,0.00000,0.00000,78.48200,78.10500,0.0000,0.0000,-37.7,-3.77,-64.44,"[so at -478.57% ]",0,05:09:52:48,,,,,,,,,,,,
,111299221,22/02/2024 18:02,28/02/2024 10:54,USOUSD,Buy,0.010,0.00000,0.00000,78.82000,78.10600,0.0000,0.0000,-71.4,-7.14,-54.97,"[so at -211.07% ]",0,05:16:52:27,,,,,,,,,,,,
,113249535,27/02/2024 21:37,28/02/2024 10:54,BTCUSD,Sell,0.010,0.00000,0.00000,57287.42000,59157.78000,0.0000,0.0000,-1870.4,-18.71,-59.02,"[so at -140.16% ]",0,00:13:17:06,72.2,9h 35m,2956.9,2.97,744.42,7.4441999999999995,-2212.48,-22.1248,25.2,11.6,-2614.82,-26.15
,113249446,27/02/2024 18:47,28/02/2024 10:54,BTCUSD,Sell,0.010,0.00000,0.00000,57145.79000,59146.94000,0.0000,0.0000,-2001.2,-20.01,-38.70,"[so at -124.32% ]",0,00:16:07:10,63.3,10h 12m,2841.5,4.44,522.79,5.2279,-2318.71,-23.1871,18.4,11.2,-2523.99,-25.24
,112719650,26/02/2024 18:23,28/02/2024 10:54,ETHUSD,Sell,0.010,0.00000,0.00000,3148.10000,3324.06000,0.0000,0.0000,-17596.0,-17.60,-25.39,"[so at -161.71% ]",0,01:16:31:03,1.9,46m,23023.0,13.77,1560.0,0.0,-21463.0,-0.0,6.8,16.8,-19156.00,0.00
,112706115,26/02/2024 21:44,28/02/2024 10:54,ETHUSD,Sell,0.010,0.00000,0.00000,3184.30000,3324.06000,0.0000,0.0000,-13976.0,-13.98,-16.78,"[so at -173.61% ]",0,01:13:10:10,8.6,3h 11m,19597.0,10.17,1754.0,0.0,-17843.0,-0.0,9.0,19.7,-15730.00,0.00
,112674556,26/02/2024 17:18,28/02/2024 10:54,ETHUSD,Sell,0.010,0.00000,0.00000,3121.29000,3324.69000,0.0000,0.0000,-20340.0,-20.34,-19.63,"[so at -116.12% ]",0,01:17:35:55,0.0,0s,24144.0,0.00,0.0,0.0,-24144.0,-0.0,0.0,15.8,-20340.00,0.00
,113267183,27/02/2024 18:47,28/02/2024 10:54,BTCUSD,Sell,0.010,0.00000,0.00000,57107.01000,59146.94000,0.0000,0.0000,-2039.9,-20.40,-16.45,"[so at -104.38% ]",0,00:16:07:37,58.6,9h 27m,2841.5,4.87,484.01,4.8401,-2357.49,-23.5749,17.0,11.2,-2523.91,-25.24
,112890740,27/02/2024 14:24,28/02/2024 10:54,BTCUSD,Sell,0.010,0.00000,0.00000,56915.38000,59144.49000,0.0000,0.0000,-2229.1,-22.29,-15.23,"[so at -95.28% ]",0,00:20:29:57,26.1,5h 21m,3108.5,4.56,559.38,5.5938,-2549.12,-25.4912,18.0,10.3,-2788.48,-27.88
,112651007,26/02/2024 16:55,28/02/2024 10:54,ETHUSD,Sell,0.010,0.00000,0.00000,3099.88000,3324.36000,0.0000,0.0000,-22448.0,-22.45,-13.30,"[so at -93.68% ]",0,01:17:59:28,0.0,0s,26285.0,0.00,0.0,0.0,-26285.0,-0.0,0.0,14.6,-22448.00,0.00
,112576939,26/02/2024 15:17,28/02/2024 10:54,ETHUSD,Sell,0.010,0.00000,0.00000,3069.95000,3324.37000,0.0000,0.0000,-25442.0,-25.44,-13.10,"[so at -86.66% ]",0,01:19:37:37,0.0,0s,29278.0,0.00,0.0,0.0,-29278.0,-0.0,0.0,13.1,-25442.00,0.00
,112529585,26/02/2024 16:32,28/02/2024 10:54,ETHUSD,Sell,0.010,0.00000,0.00000,3082.25000,3324.37000,0.0000,0.0000,-24212.0,-24.21,-11.08,"[so at -89.64% ]",0,01:18:21:46,0.0,0s,28048.0,0.00,0.0,0.0,-28048.0,-0.0,0.0,13.7,-24212.00,0.00
,113496980,28/02/2024 10:33,28/02/2024 10:54,ETHUSD,Sell,0.100,0.00000,0.00000,3296.87000,3324.58000,0.0000,0.0000,-2771.0,-27.71,-11.26,"[so at -60.00% ]",0,00:00:21:19,0.0,0s,5583.0,10000.00,0.0,0.0,-5583.0,-55.83,0.0,50.4,-2771.00,-27.71
,112887928,27/02/2024 04:46,28/02/2024 10:54,BTCUSD,Sell,0.010,0.00000,0.00000,56341.17000,59157.86000,0.0000,0.0000,-2816.7,-28.17,-10.27,"[so at -58.78% ]",0,01:06:08:16,11.4,3h 26m,3968.5,3.70,845.17,8.451699999999999,-3123.33,-31.2333,21.3,7.7,-3661.87,-36.62
,112257272,24/02/2024 13:35,28/02/2024 10:54,ETHUSD,Sell,0.010,0.00000,0.00000,2959.99000,3324.58000,0.0000,0.0000,-36459.0,-36.46,-11.73,"[so at -57.73% ]",0,03:21:18:56,0.0,0s,40274.0,5.14,-7841.0,-0.0,-40274.0,-0.0,-24.2,11.8,-28618.00,0.00
,110927244,22/02/2024 03:50,28/02/2024 10:54,ETHUSD,Sell,0.010,0.00000,0.00000,2918.73000,3324.65000,0.0000,0.0000,-40592.0,-40.60,-11.56,"[so at -56.16% ]",0,06:07:04:38,1.2,1h 48m,45130.0,49.75,893.0,0.0,-44237.0,-0.0,2.0,8.1,-41485.00,0.00
,112686916,26/02/2024 17:35,28/02/2024 10:54,BTCUSD,Sell,0.010,0.00000,0.00000,52675.53000,59168.67000,0.0000,0.0000,-6493.1,-64.93,-15.60,"[so at -49.83% ]",0,01:17:19:33,0.0,0s,6788.97,10000.00,0.0,0.0,-6788.97,-67.8897,0.0,4.4,-6493.10,-64.93
,112307237,25/02/2024 10:28,28/02/2024 10:54,ETHUSD,Sell,0.020,0.00000,0.00000,3031.70000,3324.97000,0.0000,0.0000,-29327.0,-58.65,-12.35,"[so at -53.96% ]",0,03:00:25:47,1.3,56m,33103.0,49.26,-670.0,-0.0,-33103.0,-0.0,-2.1,11.6,-28657.00,0.00
,109606872,18/02/2024 11:59,28/02/2024 10:54,ETHUSD,Sell,0.010,0.00000,0.00000,2818.61000,3324.65000,0.0000,0.0000,-50604.0,-50.61,-9.63,"[so at -56.65% ]",0,09:22:55:03,2.7,6h 27m,54249.0,72.46,-747.0,-0.0,-54249.0,-0.0,-1.4,6.8,-49857.00,0.00
,108906526,20/02/2024 15:39,28/02/2024 10:54,BTCUSD,Sell,0.010,0.00000,0.00000,52941.44000,59168.67000,0.0000,0.0000,-6227.2,-62.28,-10.59,"[so at -51.81% ]",0,07:19:14:46,77.0,6d ,8760.5,2.92,2237.44,22.3744,-6523.06,-65.23060000000001,25.5,3.4,-8464.64,-84.65
,112682452,26/02/2024 17:29,28/02/2024 10:54,BTCUSD,Sell,0.010,0.00000,0.00000,52394.26000,59179.36000,0.0000,0.0000,-6785.1,-67.85,-10.35,"[so at -49.25% ]",0,01:17:24:56,0.0,0s,7070.24,10000.00,0.0,0.0,-7070.24,-70.7024,0.0,4.0,-6785.10,-67.85
,109008091,16/02/2024 16:00,28/02/2024 10:54,BTCUSD,Sell,0.010,0.00000,0.00000,52599.73000,59168.67000,0.0000,0.0000,-6568.9,-65.69,-9.11,"[so at -51.05% ]",0,11:18:54:08,84.3,9d 22h ,8647.5,3.85,1782.73,17.8273,-6864.77,-68.6477,20.6,3.4,-8351.63,-83.52
,108660057,15/02/2024 05:38,28/02/2024 10:54,BTCUSD,Sell,0.010,0.00000,0.00000,52376.18000,59179.36000,0.0000,0.0000,-6803.2,-68.03,-8.62,"[so at -47.44% ]",0,13:05:16:33,84.8,11d 5h ,8647.5,4.55,1559.18,15.591800000000001,-7088.32,-70.8832,18.0,3.3,-8362.38,-83.62
,112674199,26/02/2024 17:18,28/02/2024 10:54,BTCUSD,Sell,0.010,0.00000,0.00000,52273.92000,59200.19000,0.0000,0.0000,-6926.3,-69.26,-8.07,"[so at -40.12% ]",0,01:17:36:18,0.0,0s,7190.58,10000.00,0.0,0.0,-7190.58,-71.9058,0.0,3.7,-6926.30,-69.26
,109728667,19/02/2024 08:52,28/02/2024 10:54,BTCUSD,Sell,0.010,0.00000,0.00000,52371.05000,59186.47000,0.0000,0.0000,-6815.4,-68.15,-7.35,"[so at -50.79% ]",0,09:02:02:31,79.1,7d 4h ,8760.5,4.26,1667.05,16.6705,-7093.45,-70.9345,19.0,3.2,-8482.45,-84.82
,109670716,19/02/2024 02:13,28/02/2024 10:54,BTCUSD,Sell,0.010,0.00000,0.00000,52242.39000,59183.72000,0.0000,0.0000,-6941.3,-69.42,-6.97,"[so at -36.58% ]",0,09:08:40:38,75.7,7d 2h ,8760.5,4.69,1538.39,15.3839,-7222.11,-72.22109999999999,17.6,3.2,-8479.69,-84.80
,109006025,15/02/2024 18:56,28/02/2024 10:54,BTCUSD,Sell,0.010,0.00000,0.00000,52224.77000,59175.03000,0.0000,0.0000,-6950.3,-69.50,-6.52,"[so at -33.94% ]",0,12:15:57:41,80.0,10d 3h ,8647.5,5.14,1407.77,14.0777,-7239.73,-72.3973,16.3,3.3,-8358.07,-83.58
,112668036,26/02/2024 17:11,28/02/2024 10:54,BTCUSD,Sell,0.010,0.00000,0.00000,51933.92000,59170.22000,0.0000,0.0000,-7236.3,-72.36,-6.36,"[so at -22.08% ]",0,01:17:43:12,0.0,0s,7530.58,10000.00,0.0,0.0,-7530.58,-75.3058,0.0,3.9,-7236.30,-72.36
,112667227,26/02/2024 17:15,28/02/2024 10:54,BTCUSD,Sell,0.010,0.00000,0.00000,52137.65000,59175.03000,0.0000,0.0000,-7037.4,-70.37,-5.82,"[so at -31.57% ]",0,01:17:38:48,0.0,0s,7326.85,10000.00,0.0,0.0,-7326.85,-73.2685,0.0,4.0,-7037.40,-70.37
,108337158,14/02/2024 16:32,28/02/2024 10:54,BTCUSD,Sell,0.010,0.00000,0.00000,51938.82000,59170.22000,0.0000,0.0000,-7231.4,-72.31,-5.65,"[so at -30.65% ]",0,13:18:22:33,62.8,8d 15h ,8647.5,6.71,1121.82,11.2182,-7525.68,-75.2568,13.0,3.4,-8353.22,-83.53
,108386656,14/02/2024 16:11,28/02/2024 10:54,BTCUSD,Sell,0.010,0.00000,0.00000,51749.86000,59143.96000,0.0000,0.0000,-7394.1,-73.94,-5.46,"[so at -18.73% ]",0,13:18:42:36,48.6,6d 16h ,8647.5,8.27,932.86,9.3286,-7714.64,-77.1464,10.8,3.7,-8326.96,-83.27
,108367263,14/02/2024 13:56,28/02/2024 10:54,BTCUSD,Sell,0.010,0.00000,0.00000,51682.18000,59143.96000,0.0000,0.0000,-7461.8,-74.62,-5.22,"[so at -18.30% ]",0,13:20:58:10,42.4,5d 21h ,8647.5,9.00,865.18,8.6518,-7782.32,-77.8232,10.0,3.7,-8326.98,-83.27
,111278171,22/02/2024 17:33,28/02/2024 10:54,BTCUSD,Sell,0.010,0.00000,0.00000,51552.25000,59146.42000,0.0000,0.0000,-7594.2,-75.94,-5.04,"[so at -17.99% ]",0,05:17:21:28,46.9,2d 16h ,8760.5,9.33,848.25,8.4825,-7912.25,-79.1225,9.7,3.6,-8442.45,-84.42
,109596308,18/02/2024 06:26,28/02/2024 10:54,BTCUSD,Sell,0.010,0.00000,0.00000,51623.57000,59143.96000,0.0000,0.0000,-7520.4,-75.20,-4.76,"[so at -19.93% ]",0,10:04:27:39,44.0,4d 11h ,8760.5,8.53,919.57,9.1957,-7840.93,-78.4093,10.5,3.7,-8439.97,-84.40
,112585889,26/02/2024 16:32,28/02/2024 10:54,BTCUSD,Sell,0.010,0.00000,0.00000,51472.17000,59146.42000,0.0000,0.0000,-7674.3,-76.74,-4.63,"[so at -11.79% ]",0,01:18:22:26,0.0,0s,7992.33,10000.00,0.0,0.0,-7992.33,-79.9233,0.0,4.0,-7674.30,-76.74
,111418086,23/02/2024 01:03,28/02/2024 10:54,BTCUSD,Sell,0.010,0.00000,0.00000,51395.38000,59125.30000,0.0000,0.0000,-7729.9,-77.30,-4.46,"[so at -4.26% ]",0,05:09:50:40,36.3,1d 23h ,8760.5,11.68,691.38,6.9138,-8069.12,-80.6912,7.9,3.9,-8421.28,-84.21
,113480177,28/02/2024 10:01,28/02/2024 10:54,BTCUSD,Sell,0.100,0.00000,0.00000,58346.27000,59116.06000,0.0000,0.0000,-769.8,-76.98,-4.25,"[so at -8.23% ]",0,00:00:53:13,0.0,0s,938.93,1000.00,0.0,0.0,-938.93,-93.893,0.0,18.0,-769.80,-76.98
,112577116,26/02/2024 15:17,28/02/2024 10:54,BTCUSD,Sell,0.010,0.00000,0.00000,51340.91000,59116.06000,0.0000,0.0000,-7775.2,-77.75,-4.12,"[so at -4.17% ]",0,01:19:36:55,0.0,0s,8123.59,10000.00,0.0,0.0,-8123.59,-81.2359,0.0,4.3,-7775.20,-77.75
,108327476,14/02/2024 11:33,28/02/2024 10:54,BTCUSD,Sell,0.010,0.00000,0.00000,51273.55000,59125.30000,0.0000,0.0000,-7851.8,-78.51,-3.99,"[so at -10.47% ]",0,13:23:20:51,18.3,2d 13h ,8647.5,17.95,456.55,4.5655,-8190.95,-81.9095,5.3,3.9,-8308.35,-83.08
,111591318,23/02/2024 13:34,28/02/2024 10:54,BTCUSD,Sell,0.010,0.00000,0.00000,51155.52000,59120.50000,0.0000,0.0000,-7965.0,-79.65,-3.89,"[so at -7.03% ]",0,04:21:19:33,24.1,1d 4h ,8760.5,18.42,451.52,4.5152,-8308.98,-83.0898,5.2,3.9,-8416.52,-84.17
,108326475,14/02/2024 11:30,28/02/2024 10:54,BTCUSD,Sell,0.010,0.00000,0.00000,51158.53000,59131.10000,0.0000,0.0000,-7972.6,-79.72,-3.75,"[so at -6.44% ]",0,13:23:23:31,14.1,1d 23h ,8647.5,24.33,341.53,3.4153,-8305.97,-83.05969999999999,3.9,3.9,-8314.13,-83.14
,112254097,24/02/2024 11:56,28/02/2024 10:54,BTCUSD,Sell,0.010,0.00000,0.00000,51056.31000,59139.52000,0.0000,0.0000,-8083.2,-80.84,-3.66,"[so at -12.64% ]",0,03:22:58:12,1.1,1h 2m,8517.5,76.92,109.31,1.0931,-8408.19,-84.0819,1.3,3.8,-8192.51,-81.93
,112229226,24/02/2024 12:11,28/02/2024 10:54,BTCUSD,Sell,0.010,0.00000,0.00000,51133.18000,59120.50000,0.0000,0.0000,-7987.3,-79.88,-3.49,"[so at -5.43% ]",0,03:22:43:03,2.1,1h 59m,8517.5,44.84,186.18,1.8618000000000001,-8331.32,-83.3132,2.2,4.0,-8173.48,-81.73
,111562309,23/02/2024 12:28,28/02/2024 10:54,BTCUSD,Sell,0.010,0.00000,0.00000,51131.22000,59120.50000,0.0000,0.0000,-7989.3,-79.90,-3.37,"[so at -14.10% ]",0,04:22:25:47,22.4,1d 2h ,8760.5,19.53,427.22,4.272200000000001,-8333.28,-83.3328,4.9,3.9,-8416.52,-84.17
,111918778,24/02/2024 06:37,28/02/2024 10:54,BTCUSD,Sell,0.010,0.00000,0.00000,50949.08000,59138.00000,0.0000,0.0000,-8188.9,-81.89,-3.21,"[so at 5.44% ]",0,04:04:17:25,0.1,6m,8517.5,5000.00,2.08,0.020800000000000003,-8515.42,-85.1542,0.0,3.8,-8190.98,-81.91
,107840675,14/02/2024 11:10,28/02/2024 10:54,BTCUSD,Sell,0.010,0.00000,0.00000,50992.70000,59138.00000,0.0000,0.0000,-8145.3,-81.45,-3.10,"[so at -12.44% ]",0,13:23:44:21,6.2,20h 48m,8647.5,48.31,175.7,1.757,-8471.8,-84.71799999999999,2.0,3.8,-8321.00,-83.21
,113507999,28/02/2024 10:53,28/02/2024 10:54,BTCUSD,Buy,1.000,0.00000,0.00000,59213.44000,59115.89000,0.0000,0.0000,-97.6,-97.55,-3.96,"[so at -8.22% ]",0,00:00:00:38,,,,,,,,,,,,
,112809980,26/02/2024 22:07,28/02/2024 10:54,BTCUSD,Sell,0.020,0.00000,0.00000,54869.28000,59150.41000,0.0000,0.0000,-4281.1,-85.62,-3.15,"[so at 3.76% ]",0,01:12:47:26,9.3,3h 25m,5062.5,9.84,467.28,9.3456,-4595.22,-91.90440000000001,9.2,6.2,-4748.38,-94.97
,112227420,24/02/2024 06:24,28/02/2024 10:54,BTCUSD,Sell,0.010,0.00000,0.00000,50923.81000,59148.99000,0.0000,0.0000,-8225.2,-82.25,-2.94,"[so at 5.34% ]",0,04:04:29:35,0.0,0s,8540.69,357.14,-23.19,-0.23190000000000002,-8540.69,-85.40690000000001,-0.3,3.7,-8202.01,-82.02
,112044120,24/02/2024 03:59,28/02/2024 10:54,BTCUSD,Sell,0.010,0.00000,0.00000,50581.88000,59148.99000,0.0000,0.0000,-8567.1,-85.67,-2.97,"[so at -3.31% ]",0,04:06:54:32,0.0,0s,8882.62,24.27,-365.12,-3.6512000000000002,-8882.62,-88.82620000000001,-4.3,3.7,-8201.98,-82.02
,109661391,19/02/2024 01:12,28/02/2024 10:54,ETHUSD,Sell,0.020,0.00000,0.00000,2889.42000,3323.37000,0.0000,0.0000,-43395.0,-86.79,-2.92,"[so at 3.10% ]",0,09:09:41:57,1.7,3h 50m,49761.0,18.21,2593.0,0.0,-47168.0,-0.0,5.2,7.6,-45988.00,0.00
,107726897,13/02/2024 03:07,28/02/2024 10:54,BTCUSD,Sell,0.010,0.00000,0.00000,50210.81000,59164.88000,0.0000,0.0000,-8954.1,-89.54,-2.93,"[so at 2.89% ]",0,15:07:46:40,7.7,1d 4h ,10983.5,5.35,1729.81,17.2981,-9253.69,-92.5369,15.7,2.7,-10683.91,-106.84
,107586878,12/02/2024 19:19,28/02/2024 10:54,BTCUSD,Sell,0.010,0.00000,0.00000,50021.83000,59152.99000,0.0000,0.0000,-9131.2,-91.31,-2.90,"[so at 11.64% ]",0,15:15:35:24,7.5,1d 4h ,10983.5,6.13,1540.83,15.408299999999999,-9442.67,-94.4267,14.0,2.8,-10672.03,-106.72
,107571139,12/02/2024 17:39,28/02/2024 10:54,BTCUSD,Sell,0.010,0.00000,0.00000,49535.85000,59176.97000,0.0000,0.0000,-9641.1,-96.41,-2.97,"[so at 14.67% ]",0,15:17:14:39,3.2,12h 4m,10983.5,9.42,1054.85,10.548499999999999,-9928.65,-99.2865,9.6,2.6,-10695.95,-106.96
,107553532,12/02/2024 17:14,28/02/2024 10:54,BTCUSD,Sell,0.010,0.00000,0.00000,49049.55000,59187.89000,0.0000,0.0000,-10138.3,-101.38,-3.03,"[so at 15.26% ]",0,15:17:40:22,1.2,4h 31m,10983.5,18.35,568.55,5.685499999999999,-10414.95,-104.1495,5.2,2.5,-10706.85,-107.07
,107541412,12/02/2024 16:59,28/02/2024 10:54,BTCUSD,Sell,0.010,0.00000,0.00000,48803.77000,59193.95000,0.0000,0.0000,-10390.2,-103.90,-3.01,"[so at 13.55% ]",0,15:17:55:03,0.6,2h 16m,10983.5,33.11,322.77,3.2277,-10660.73,-106.6073,2.9,2.5,-10712.97,-107.13
,107211758,11/02/2024 14:13,28/02/2024 10:54,BTCUSD,Sell,0.010,0.00000,0.00000,48437.04000,59203.00000,0.0000,0.0000,-10766.0,-107.66,-3.02,"[so at 25.70% ]",0,16:20:40:35,5.4,21h 51m,11656.49,17.54,629.03,6.2903,-11027.46,-110.27459999999999,5.4,2.2,-11395.03,-113.95
,112715110,26/02/2024 18:13,28/02/2024 10:54,BTCUSD,Sell,0.020,0.00000,0.00000,53602.12000,59238.01000,0.0000,0.0000,-5635.9,-112.72,-3.07,"[so at 16.85% ]",0,01:16:40:41,1.7,41m,6088.2,25.97,225.82,4.5164,-5862.38,-117.2476,3.7,3.7,-5861.72,-117.23
,112684489,26/02/2024 18:01,28/02/2024 10:54,BTCUSD,Sell,0.020,0.00000,0.00000,52959.29000,59205.90000,0.0000,0.0000,-6246.6,-124.93,-3.29,"[so at 2.91% ]",0,01:16:52:38,0.0,0s,6505.21,10000.00,0.0,0.0,-6505.21,-130.1042,0.0,4.0,-6246.60,-124.93
,108663356,15/02/2024 16:31,28/02/2024 10:53,BTCUSD,Sell,0.020,0.00000,0.00000,52694.75000,59153.64000,0.0000,0.0000,-6458.9,-129.17,-3.29,"[so at 30.19% ]",0,12:18:22:23,85.5,10d 21h ,8647.5,3.61,1877.75,37.555,-6769.75,-135.395,21.7,3.6,-8336.65,-166.73
,112267714,24/02/2024 19:11,28/02/2024 10:53,BTCUSD,Sell,0.020,0.00000,0.00000,51278.09000,59217.33000,0.0000,0.0000,-7939.2,-158.79,-3.89,"[so at 41.88% ]",0,03:15:42:30,5.2,4h 33m,8517.5,24.75,331.09,6.6217999999999995,-8186.41,-163.7282,3.9,2.9,-8270.29,-165.41
,113505499,28/02/2024 10:48,28/02/2024 10:53,BTCUSD,Sell,1.000,0.00000,0.00000,58916.61000,59188.19000,0.0000,0.0000,-271.6,-271.58,-6.23,"[so at 40.47% ]",0,00:00:04:59,0.0,0s,340.99,344.83,0.0,0.0,-340.99,-340.99,0.0,20.3,-271.60,-271.60
,113504074,28/02/2024 10:46,28/02/2024 10:53,BTCUSD,Buy,1.000,0.00000,0.00000,59035.89000,59057.98000,0.0000,0.0000,22.1,22.09,0.51,"",0,00:00:06:39,100.0,6m,227.22,0.00,249.31,249.31,0.0,0.0,100.0,8.9,-227.21,-227.21
,113500733,28/02/2024 10:43,28/02/2024 10:46,BTCUSD,Buy,1.000,0.00000,0.00000,58903.55000,58980.10000,0.0000,0.0000,76.6,76.55,1.80,"",0,00:00:03:06,,,,,,,,,,,,
,113498678,28/02/2024 10:38,28/02/2024 10:42,BTCUSD,Buy,1.000,0.00000,0.00000,58742.62000,58820.42000,0.0000,0.0000,77.8,77.80,1.86,"",0,00:00:04:14,100.0,4m,458.58,0.00,536.38,536.38,0.0,0.0,100.0,14.5,-458.58,-458.58
,109472146,16/02/2024 20:11,28/02/2024 10:33,ETHUSD,Sell,0.010,0.00000,0.00000,2767.81000,3299.54000,0.0000,0.0000,-53173.0,-53.17,-1.26,"",0,11:14:22:19,1.8,5h 0m,59329.0,0.00,0.0,0.0,-59329.0,-0.0,0.0,10.4,-53173.00,0.00
,112808608,26/02/2024 22:05,27/02/2024 16:03,USOUSD,Buy,0.010,0.00000,0.00000,77.88300,78.09300,0.0000,0.0000,21.0,2.10,0.05,"",0,00:17:57:27,,,,,,,,,,,,
,113034506,27/02/2024 13:12,27/02/2024 15:54,USOUSD,Buy,0.010,0.00000,0.00000,77.42900,77.80300,0.0000,0.0000,37.4,3.74,0.09,"",0,00:02:41:53,,,,,,,,,,,,
,105234457,27/02/2024 04:09,,,Deposit,0.000,0.00000,0.00000,0.00000,0.00000,0.0000,0.0000,0.0,800.00,0,"Deposit-TH-Xpay-CPS-APP",0,00:00:00:00,,,,,,,,,,,,
,105196255,26/02/2024 23:31,,,Deposit,0.000,0.00000,0.00000,0.00000,0.00000,0.0000,0.0000,0.0,800.00,0,"Deposit-TH-Xpay-CPS-APP",0,00:00:00:00,,,,,,,,,,,,
,111429996,23/02/2024 11:46,26/02/2024 22:54,USOUSD,Buy,0.010,0.00000,0.00000,77.62700,77.80200,0.0000,0.0000,17.5,1.75,0.08,"",0,03:11:07:50,,,,,,,,,,,,
,111793835,23/02/2024 18:47,26/02/2024 22:05,USOUSD,Buy,0.010,0.00000,0.00000,77.12200,77.85200,0.0000,0.0000,73.0,7.30,0.32,"",0,03:03:17:18,,,,,,,,,,,,
,112718954,26/02/2024 18:22,26/02/2024 20:08,USOUSD,Buy,0.010,0.00000,78.16100,77.47800,78.16200,0.0000,0.0000,68.4,6.84,0.30,"[tp 78.161]",0,00:01:45:27,,,,,,,,,,,,
,111740852,23/02/2024 19:04,26/02/2024 18:17,USOUSD,Buy,0.010,0.00000,0.00000,76.90200,77.32200,0.0000,0.0000,42.0,4.20,0.18,"",0,02:23:12:34,,,,,,,,,,,,
,105070083,26/02/2024 18:10,,,Deposit,0.000,0.00000,0.00000,0.00000,0.00000,0.0000,0.0000,0.0,800.00,0,"Deposit-TH-Xpay-CPS-APP",0,00:00:00:00,,,,,,,,,,,,
,112433959,26/02/2024 08:38,26/02/2024 16:54,USOUSD,Buy,0.010,0.00000,0.00000,76.41800,76.92200,0.0000,0.0000,50.4,5.04,0.38,"",0,00:08:16:32,,,,,,,,,,,,
,108713667,26/02/2024 09:57,26/02/2024 16:06,USOUSD,Buy,0.010,0.00000,0.00000,76.21800,76.74200,0.0000,0.0000,52.4,5.24,0.40,"",0,00:06:09:49,,,,,,,,,,,,
,111079847,25/02/2024 22:15,26/02/2024 11:47,ETHUSD,Sell,0.020,0.00000,0.00000,3117.33000,3044.05000,0.0000,0.0000,7328.0,14.66,1.13,"",0,00:13:31:52,94.8,12h 49m,3248.0,0.15,7893.0,0.0,-1217.0,-0.0,86.6,93.8,-565.00,0.00
,108653450,15/02/2024 05:23,26/02/2024 08:37,BTCUSD,Sell,0.010,0.00000,0.00000,52279.48000,51503.21000,0.0000,0.0000,776.3,7.76,0.60,"",0,11:03:14:17,93.3,10d 9h ,1490.5,0.39,1462.48,14.6248,-573.64,-5.7364,71.8,66.3,-686.18,-6.86
,112327659,25/02/2024 16:40,25/02/2024 16:40,BTCUSD,Buy,0.020,0.00000,0.00000,51714.47000,51700.29000,0.0000,0.0000,-14.2,-0.28,-0.02,"",0,00:00:00:12,,,,,,,,,,,,
,110941103,22/02/2024 09:18,23/02/2024 18:16,ETHUSD,Sell,0.010,0.00000,0.00000,2967.05000,2908.33000,0.0000,0.0000,5872.0,5.88,0.46,"",0,01:08:57:57,54.1,17h 50m,8891.0,1.10,5872.0,0.0,-6481.0,-0.0,47.5,100.0,0.00,0.00
,110920647,23/02/2024 16:40,23/02/2024 17:43,USOUSD,Buy,0.010,0.00000,0.00000,76.92700,77.37600,0.0000,0.0000,44.9,4.49,0.35,"",0,00:01:02:56,,,,,,,,,,,,
,111103169,22/02/2024 13:46,22/02/2024 16:48,USOUSD,Buy,0.010,0.00000,0.00000,78.00000,78.27400,0.0000,0.0000,27.4,2.74,0.21,"",0,00:03:02:07,,,,,,,,,,,,
,110906960,22/02/2024 01:47,22/02/2024 03:48,ETHUSD,Sell,0.020,0.00000,0.00000,2972.49000,2921.34000,0.0000,0.0000,5115.0,10.23,0.80,"",0,00:02:01:21,100.0,2h 1m,2891.0,0.00,6570.0,0.0,0.0,0.0,100.0,77.9,-1455.00,0.00
,110434548,21/02/2024 01:46,21/02/2024 22:10,USOUSD,Buy,0.010,0.00000,0.00000,77.44400,78.02300,0.0000,0.0000,57.9,5.79,0.46,"",0,00:20:23:33,,,,,,,,,,,,
,110145490,20/02/2024 15:34,21/02/2024 16:36,BTCUSD,Sell,0.010,0.00000,0.00000,52624.78000,50799.93000,0.0000,0.0000,1824.9,18.25,1.46,"",0,01:01:01:19,100.0,1d 1h ,1612.02,0.00,1824.85,18.2485,0.0,0.0,100.0,100.0,0.05,0.00
,110532811,21/02/2024 10:55,21/02/2024 15:06,USOUSD,Buy,0.010,0.00000,0.00000,76.65900,77.24300,0.0000,0.0000,58.4,5.84,0.47,"",0,00:04:11:35,,,,,,,,,,,,
,110358888,20/02/2024 20:38,21/02/2024 13:57,ETHUSD,Sell,0.010,0.00000,0.00000,2920.70000,2890.42000,0.0000,0.0000,3028.0,3.03,0.24,"",0,00:17:19:41,22.6,3h 54m,10339.0,3.26,3168.0,0.0,-10339.0,-0.0,23.5,99.0,-140.00,0.00
,108934248,20/02/2024 15:36,21/02/2024 13:55,BTCUSD,Sell,0.010,0.00000,0.00000,52832.63000,50951.93000,0.0000,0.0000,1880.7,18.81,1.54,"",0,00:22:18:28,100.0,22h 18m,1612.02,0.00,1961.42,19.6142,0.0,0.0,100.0,95.9,-80.72,-0.81
,110427442,21/02/2024 00:38,21/02/2024 09:40,ETHUSD,Sell,0.010,0.00000,0.00000,2988.52000,2940.61000,0.0000,0.0000,4791.0,4.79,0.39,"",0,00:09:01:17,45.9,4h 8m,3042.0,0.28,7833.0,0.0,-2172.0,-0.0,78.3,69.6,-3042.00,0.00
,109966953,20/02/2024 03:10,20/02/2024 19:25,ETHUSD,Sell,0.010,0.00000,0.00000,2939.52000,2888.71000,0.0000,0.0000,5081.0,5.08,0.42,"",0,00:16:15:01,87.2,14h 10m,11750.0,1.14,5492.0,0.0,-6258.0,-0.0,46.7,96.5,-411.00,0.00
,109966961,20/02/2024 15:34,20/02/2024 19:25,ETHUSD,Sell,0.010,0.00000,0.00000,2982.18000,2889.02000,0.0000,0.0000,9316.0,9.32,0.78,"",0,00:03:50:20,100.0,3h 50m,5571.0,0.00,9368.0,0.0,0.0,0.0,100.0,99.4,-52.00,0.00
,108876638,20/02/2024 17:40,20/02/2024 19:15,USOUSD,Buy,0.010,0.00000,0.00000,77.39700,77.54100,0.0000,0.0000,14.4,1.44,0.12,"",0,00:01:35:09,,,,,,,,,,,,
,110070908,20/02/2024 11:33,20/02/2024 16:12,USOUSD,Buy,0.010,0.00000,0.00000,78.13700,78.50100,0.0000,0.0000,36.4,3.64,0.30,"",0,00:04:39:13,,,,,,,,,,,,
,109693630,19/02/2024 03:57,19/02/2024 14:01,USOUSD,Buy,0.010,0.00000,0.00000,78.19500,78.40900,0.0000,0.0000,21.4,2.14,0.18,"",0,00:10:04:10,,,,,,,,,,,,
,108997894,15/02/2024 18:35,16/02/2024 17:36,ETHUSD,Sell,0.010,0.00000,0.00000,2828.26000,2768.30000,0.0000,0.0000,5996.0,6.00,0.51,"",0,00:23:00:56,54.8,12h 36m,5946.0,0.47,6006.0,0.0,-2808.0,-0.0,68.1,99.9,-10.00,0.00
,109136691,16/02/2024 09:29,16/02/2024 16:02,USOUSD,Buy,0.010,0.00000,78.21500,77.78000,78.21900,0.0000,0.0000,43.9,4.39,0.37,"[tp 78.215]",0,00:06:33:26,,,,,,,,,,,,
,109184054,16/02/2024 12:30,16/02/2024 12:43,USOUSD,Buy,0.010,0.00000,0.00000,77.07000,77.21400,0.0000,0.0000,14.4,1.44,0.12,"",0,00:00:12:56,,,,,,,,,,,,
,108554380,14/02/2024 19:02,15/02/2024 18:21,USOUSD,Buy,0.010,0.00000,0.00000,77.32900,77.84200,0.0000,0.0000,51.3,5.13,0.44,"",0,00:23:18:58,,,,,,,,,,,,
,108504013,14/02/2024 17:31,15/02/2024 18:21,USOUSD,Buy,0.010,0.00000,0.00000,77.72400,77.84200,0.0000,0.0000,11.8,1.18,0.10,"",0,01:00:50:23,,,,,,,,,,,,
,108638027,15/02/2024 01:11,15/02/2024 16:42,USOUSD,Buy,0.010,0.00000,0.00000,76.56800,77.08200,0.0000,0.0000,51.4,5.14,0.44,"",0,00:15:31:07,,,,,,,,,,,,
,108691291,15/02/2024 09:28,15/02/2024 16:03,USOUSD,Buy,0.010,0.00000,0.00000,76.45900,76.88200,0.0000,0.0000,42.3,4.23,0.36,"",0,00:06:34:14,,,,,,,,,,,,
,108663584,15/02/2024 05:01,15/02/2024 16:03,USOUSD,Buy,0.010,0.00000,0.00000,76.35800,76.91200,0.0000,0.0000,55.4,5.54,0.48,"",0,00:11:02:01,,,,,,,,,,,,
,108762212,15/02/2024 13:26,15/02/2024 15:01,USOUSD,Buy,0.010,0.00000,0.00000,75.88800,76.33200,0.0000,0.0000,44.4,4.44,0.38,"",0,00:01:34:10,,,,,,,,,,,,
,108566395,14/02/2024 19:41,15/02/2024 04:10,XAUUSD,Buy,0.010,0.00000,0.00000,1992.81000,1992.98000,0.0000,0.0000,17.0,0.17,0.01,"",0,00:08:28:53,42.2,3h 34m,345.0,2.53,111.0,1.11,-281.0,-2.81,28.3,76.0,-94.00,-0.94
,108482291,14/02/2024 17:38,14/02/2024 17:59,USOUSD,Buy,0.010,0.00000,0.00000,77.42900,77.88300,0.0000,0.0000,45.4,4.54,0.39,"",0,00:00:21:05,,,,,,,,,,,,
,102803691,29/01/2024 09:44,14/02/2024 16:37,USOUSD,Buy,0.010,0.00000,78.54700,78.28200,78.59300,0.0000,0.0000,31.1,3.11,0.27,"[tp 78.547]",0,16:06:53:09,,,,,,,,,,,,
,108221692,14/02/2024 02:00,14/02/2024 12:56,USOUSD,Buy,0.010,0.00000,0.00000,77.72900,78.03300,0.0000,0.0000,30.4,3.04,0.27,"",0,00:10:55:49,,,,,,,,,,,,
,103512611,31/01/2024 01:44,13/02/2024 19:24,USOUSD,Buy,0.010,0.00000,0.00000,77.77100,78.06900,0.0000,0.0000,29.8,2.98,0.26,"",0,13:17:40:16,,,,,,,,,,,,
,108064268,13/02/2024 17:13,13/02/2024 17:47,USOUSD,Buy,0.010,0.00000,0.00000,77.08400,77.21800,0.0000,0.0000,13.4,1.34,0.12,"",0,00:00:34:01,,,,,,,,,,,,
,108054689,13/02/2024 16:41,13/02/2024 16:50,USOUSD,Buy,0.010,0.00000,0.00000,77.15400,77.36800,0.0000,0.0000,21.4,2.14,0.19,"",0,00:00:09:21,,,,,,,,,,,,
,108000603,13/02/2024 15:59,13/02/2024 16:00,USOUSD,Buy,0.010,0.00000,0.00000,77.13900,77.38800,0.0000,0.0000,24.9,2.49,0.22,"",0,00:00:01:32,,,,,,,,,,,,
,103617346,31/01/2024 11:17,13/02/2024 11:42,USOUSD,Buy,0.010,0.00000,0.00000,77.16600,77.51800,0.0000,0.0000,35.2,3.52,0.31,"",0,13:00:25:04,,,,,,,,,,,,
,103436170,31/01/2024 11:30,13/02/2024 11:42,USOUSD,Buy,0.010,0.00000,0.00000,76.93600,77.52900,0.0000,0.0000,59.3,5.93,0.53,"",0,13:00:11:46,,,,,,,,,,,,
,107019672,09/02/2024 17:38,13/02/2024 11:42,USOUSD,Buy,0.010,0.00000,0.00000,76.77600,77.51900,0.0000,0.0000,74.3,7.43,0.66,"",0,03:18:03:39,,,,,,,,,,,,
,107187214,11/02/2024 04:50,12/02/2024 19:19,BTCUSD,Sell,0.010,50124.33000,0.00000,47764.38000,50131.90000,0.0000,0.0000,-2367.5,-23.68,-2.07,"[sl 50124.33]",0,01:14:29:30,0.0,0s,2493.62,69.93,-35.62,-0.35619999999999996,-2493.62,-24.9362,-1.4,5.1,-2331.88,-23.32
,107022122,09/02/2024 17:43,12/02/2024 16:58,USOUSD,Buy,0.010,0.00000,0.00000,76.48100,76.73400,0.0000,0.0000,25.3,2.53,0.22,"",0,02:23:15:00,,,,,,,,,,,,
,103624281,31/01/2024 17:06,12/02/2024 16:58,USOUSD,Buy,0.020,0.00000,0.00000,76.48600,76.73400,0.0000,0.0000,24.8,4.96,0.44,"",0,11:23:52:08,,,,,,,,,,,,
,103861757,31/01/2024 18:29,12/02/2024 16:36,USOUSD,Buy,0.010,0.00000,0.00000,76.23600,76.66400,0.0000,0.0000,42.8,4.28,0.38,"",0,11:22:06:56,,,,,,,,,,,,
,107038831,09/02/2024 18:17,12/02/2024 16:36,USOUSD,Buy,0.010,0.00000,0.00000,76.25600,76.66400,0.0000,0.0000,40.8,4.08,0.36,"",0,02:22:18:58,,,,,,,,,,,,
,104307786,01/02/2024 16:23,12/02/2024 16:19,USOUSD,Buy,0.010,0.00000,0.00000,76.13000,76.44400,0.0000,0.0000,31.4,3.14,0.28,"",0,10:23:55:57,,,,,,,,,,,,
,107401679,12/02/2024 13:43,12/02/2024 16:19,USOUSD,Buy,0.020,0.00000,0.00000,75.92000,76.43400,0.0000,0.0000,51.4,10.28,0.92,"",0,00:02:35:55,,,,,,,,,,,,
,100699268,19/01/2024 16:41,09/02/2024 13:50,ETHUSD,Buy,0.010,0.00000,0.00000,2475.91000,2489.36000,0.0000,0.0000,1345.0,1.35,0.12,"",0,20:21:09:15,4.6,23h 3m,30718.0,7.64,3829.0,0.0,-29230.0,-0.0,11.6,92.5,-2484.00,0.00
,100830947,22/01/2024 03:19,09/02/2024 10:44,ETHUSD,Buy,0.010,0.00000,0.00000,2442.50000,2463.41000,0.0000,0.0000,2091.0,2.09,0.19,"",0,18:07:24:31,2.3,10h 6m,25889.0,7.73,3349.0,0.0,-25889.0,-0.0,11.5,95.7,-1258.00,0.00
,104275407,01/02/2024 19:39,09/02/2024 01:01,USOUSD,Buy,0.010,0.00000,0.00000,75.89000,76.38500,0.0000,0.0000,49.5,4.95,0.45,"",0,07:05:21:37,,,,,,,,,,,,
,104307970,01/02/2024 19:41,09/02/2024 01:00,USOUSD,Buy,0.010,0.00000,0.00000,75.66500,76.37000,0.0000,0.0000,70.5,7.05,0.64,"",0,07:05:19:40,,,,,,,,,,,,
,103810256,01/02/2024 19:41,09/02/2024 01:00,USOUSD,Buy,0.020,0.00000,0.00000,75.26500,76.36000,0.0000,0.0000,109.5,21.90,2.04,"",0,07:05:19:00,,,,,,,,,,,,
,104514853,01/02/2024 22:19,09/02/2024 01:00,USOUSD,Buy,0.030,0.00000,0.00000,74.07000,76.36000,0.0000,0.0000,229.0,68.70,6.82,"",0,07:02:41:00,,,,,,,,,,,,
,106557035,08/02/2024 16:33,09/02/2024 01:00,USOUSD,Buy,0.010,0.00000,0.00000,75.26700,76.36000,0.0000,0.0000,109.3,10.93,1.10,"",0,00:08:27:28,,,,,,,,,,,,
,103870452,01/02/2024 19:41,08/02/2024 19:01,USOUSD,Buy,0.010,0.00000,75.90200,75.21000,75.90100,0.0000,0.0000,69.1,6.91,0.70,"[tp 75.902]",0,06:23:19:10,,,,,,,,,,,,
,106547999,08/02/2024 16:29,08/02/2024 16:32,USOUSD,Buy,0.010,0.00000,0.00000,75.03200,75.24600,0.0000,0.0000,21.4,2.14,0.22,"",0,00:00:02:33,,,,,,,,,,,,
,99407095,08/02/2024 16:30,,,Withdrawal,0.000,0.00000,0.00000,0.00000,0.00000,0.0000,0.0000,0.0,-450.00,0,"Withdraw-TH-CPS",0,00:00:00:00,,,,,,,,,,,,
,104759463,02/02/2024 16:37,08/02/2024 16:28,USOUSD,Buy,0.020,0.00000,0.00000,72.44000,75.01600,0.0000,0.0000,257.6,51.52,3.71,"",0,05:23:51:55,,,,,,,,,,,,
,104514920,01/02/2024 22:20,08/02/2024 16:28,USOUSD,Buy,0.010,0.00000,0.00000,74.06000,75.02100,0.0000,0.0000,96.1,9.61,0.70,"",0,06:18:08:28,,,,,,,,,,,,
,105141670,05/02/2024 11:48,08/02/2024 16:28,USOUSD,Buy,0.010,0.00000,0.00000,71.72800,75.02100,0.0000,0.0000,329.3,32.93,2.44,"",0,03:04:40:26,,,,,,,,,,,,
,105911161,07/02/2024 10:27,08/02/2024 16:28,USOUSD,Buy,0.010,0.00000,0.00000,73.49700,75.01600,0.0000,0.0000,151.9,15.19,1.14,"",0,01:06:01:31,,,,,,,,,,,,
,106106426,07/02/2024 17:00,08/02/2024 14:10,USOUSD,Buy,0.010,0.00000,0.00000,73.54700,74.52600,0.0000,0.0000,97.9,9.79,0.74,"",0,00:21:09:59,,,,,,,,,,,,
,105918135,07/02/2024 10:40,08/02/2024 12:45,USOUSD,Buy,0.010,0.00000,0.00000,73.39200,74.32600,0.0000,0.0000,93.4,9.34,0.71,"",0,01:02:04:33,,,,,,,,,,,,
,100937795,22/01/2024 10:43,08/02/2024 01:27,ETHUSD,Buy,0.010,0.00000,0.00000,2395.73000,2423.39000,0.0000,0.0000,2766.0,2.77,0.21,"",0,16:14:44:03,2.3,9h 10m,21212.0,4.87,4355.0,0.0,-21212.0,-0.0,17.0,93.8,-1589.00,0.00
,101088115,22/01/2024 16:50,07/02/2024 18:39,ETHUSD,Buy,0.010,0.00000,0.00000,2357.70000,2382.55000,0.0000,0.0000,2485.0,2.49,0.19,"",0,16:01:49:30,8.7,1d 9h ,19173.0,2.71,6430.0,0.0,-17409.0,-0.0,27.0,83.5,-3945.00,0.00
,100494599,02/02/2024 15:03,07/02/2024 17:35,USOUSD,Buy,0.010,0.00000,74.03200,73.37500,74.03100,0.0000,0.0000,65.6,6.56,0.50,"[tp 74.032]",0,05:02:32:01,,,,,,,,,,,,
,100250021,02/02/2024 16:18,07/02/2024 12:15,USOUSD,Buy,0.010,0.00000,0.00000,72.88500,73.88600,0.0000,0.0000,100.1,10.01,0.77,"",0,04:19:57:31,,,,,,,,,,,,
,104841628,02/02/2024 18:30,07/02/2024 09:18,USOUSD,Buy,0.010,0.00000,0.00000,72.10500,73.27600,0.0000,0.0000,117.1,11.71,0.91,"",0,04:14:47:18,,,,,,,,,,,,
,103512443,31/01/2024 01:42,06/02/2024 18:30,ETHUSD,Buy,0.010,0.00000,0.00000,2344.03000,2358.39000,0.0000,0.0000,1436.0,1.44,0.11,"",0,06:16:47:56,2.1,3h 22m,10143.0,6.61,1489.0,0.0,-9830.0,-0.0,13.2,99.5,-53.00,0.00
,103935114,31/01/2024 21:19,06/02/2024 17:54,ETHUSD,Buy,0.010,0.00000,0.00000,2315.31000,2336.50000,0.0000,0.0000,2119.0,2.12,0.17,"",0,05:20:34:51,18.9,1d 2h ,6958.0,1.60,4361.0,0.0,-6958.0,-0.0,38.5,80.2,-2242.00,0.00
,104838870,02/02/2024 18:21,06/02/2024 14:13,USOUSD,Buy,0.010,0.00000,0.00000,72.05500,73.14700,0.0000,0.0000,109.2,10.92,0.85,"",0,03:19:51:45,,,,,,,,,,,,
,105020326,05/02/2024 03:11,05/02/2024 09:39,ETHUSD,Buy,0.020,0.00000,0.00000,2276.44000,2305.96000,0.0000,0.0000,2952.0,5.90,0.46,"",0,00:06:28:20,100.0,6h 28m,1895.0,0.00,4847.0,0.0,0.0,0.0,100.0,60.9,-1895.00,0.00
,97863843,04/02/2024 17:08,,,Deposit,0.000,0.00000,0.00000,0.00000,0.00000,0.0000,0.0000,0.0,250.00,0,"Deposit-TH-Xpay-CPS-APP",0,00:00:00:00,,,,,,,,,,,,
,104540393,02/02/2024 16:02,02/02/2024 18:14,ETHUSD,Buy,0.010,0.00000,0.00000,2282.55000,2312.04000,0.0000,0.0000,2949.0,2.94,0.31,"",0,00:02:12:17,100.0,2h 12m,2314.0,0.00,3075.0,0.0,0.0,0.0,100.0,95.9,-126.00,0.00
,97559837,02/02/2024 15:05,,,Deposit,0.000,0.00000,0.00000,0.00000,0.00000,0.0000,0.0000,0.0,200.00,0,"Deposit-TH-Xpay-CPS-APP",0,00:00:00:00,,,,,,,,,,,,
,104355654,01/02/2024 18:27,02/02/2024 02:36,ETHUSD,Buy,0.010,0.00000,0.00000,2281.11000,2308.75000,0.0000,0.0000,2764.0,2.77,0.40,"",0,00:08:08:49,100.0,8h 8m,1609.0,0.00,3469.0,0.0,0.0,0.0,100.0,79.7,-705.00,0.00
,104343810,01/02/2024 17:01,01/02/2024 17:18,USOUSD,Buy,0.010,0.00000,0.00000,76.35000,76.84400,0.0000,0.0000,49.4,4.94,0.72,"",0,00:00:16:54,,,,,,,,,,,,
,103760940,31/01/2024 23:25,01/02/2024 17:14,ETHUSD,Buy,0.010,0.00000,0.00000,2268.28000,2303.27000,0.0000,0.0000,3499.0,3.50,0.27,"",0,00:17:48:43,57.8,10h 17m,4031.0,0.62,3658.0,0.0,-2255.0,-0.0,61.9,97.3,-159.00,0.00
,103871133,31/01/2024 18:48,01/02/2024 15:40,USOUSD,Buy,0.010,0.00000,0.00000,75.78600,76.52400,0.0000,0.0000,73.8,7.38,0.58,"",0,00:20:52:32,,,,,,,,,,,,
,103833968,31/01/2024 17:41,01/02/2024 15:40,USOUSD,Buy,0.020,0.00000,0.00000,76.01600,76.54400,0.0000,0.0000,52.8,10.56,0.84,"",0,00:21:58:44,,,,,,,,,,,,
,103624192,31/01/2024 11:39,31/01/2024 19:02,ETHUSD,Buy,0.010,0.00000,0.00000,2323.94000,2345.70000,0.0000,0.0000,2176.0,2.18,0.32,"",0,00:07:22:45,47.2,3h 28m,3013.0,1.30,2319.0,0.0,-3013.0,-0.0,43.5,97.3,-143.00,0.00
,103624226,31/01/2024 11:59,31/01/2024 17:41,ETHUSD,Buy,0.010,0.00000,0.00000,2309.32000,2323.25000,0.0000,0.0000,1393.0,1.40,0.20,"",0,00:05:42:44,49.3,2h 48m,2255.0,0.43,3648.0,0.0,-1551.0,-0.0,70.2,56.6,-2255.00,0.00
,103512421,31/01/2024 12:57,31/01/2024 16:34,ETHUSD,Buy,0.010,0.00000,0.00000,2282.84000,2306.62000,0.0000,0.0000,2378.0,2.38,0.35,"",0,00:03:37:42,100.0,3h 37m,2708.0,0.00,5086.0,0.0,0.0,0.0,100.0,46.8,-2708.00,0.00
,96393729,30/01/2024 19:04,,,Withdrawal,0.000,0.00000,0.00000,0.00000,0.00000,0.0000,0.0000,0.0,-120.00,0,"Withdraw-TH-CPS",0,00:00:00:00,,,,,,,,,,,,
,101202793,23/01/2024 01:16,30/01/2024 18:46,ETHUSD,Buy,0.010,0.00000,0.00000,2313.80000,2360.72000,0.0000,0.0000,4692.0,4.69,0.59,"",0,07:17:30:20,8.4,15h 34m,17031.0,2.12,6459.0,0.0,-13696.0,-0.0,32.0,91.2,-1767.00,0.00
,102936660,29/01/2024 16:20,30/01/2024 18:46,USOUSD,Buy,0.010,0.00000,0.00000,77.23700,77.87500,0.0000,0.0000,63.8,6.38,0.81,"",0,01:02:26:08,,,,,,,,,,,,
,101325642,23/01/2024 11:24,30/01/2024 18:23,ETHUSD,Buy,0.020,0.00000,0.00000,2264.90000,2355.17000,0.0000,0.0000,9027.0,18.05,2.34,"",0,07:06:58:41,43.2,3d 3h ,8806.0,0.78,11349.0,0.0,-8806.0,-0.0,56.3,88.5,-2322.00,0.00
,101315550,23/01/2024 10:56,30/01/2024 18:22,ETHUSD,Buy,0.020,0.00000,0.00000,2298.96000,2350.79000,0.0000,0.0000,5183.0,10.37,1.36,"",0,07:07:26:25,14.4,1d 1h ,12212.0,1.54,7943.0,0.0,-12212.0,-0.0,39.4,86.3,-2760.00,0.00
,103279481,30/01/2024 14:37,30/01/2024 18:22,ETHUSD,Buy,0.010,0.00000,0.00000,2313.39000,2346.93000,0.0000,0.0000,3354.0,3.35,0.44,"",0,00:03:45:09,79.6,2h 59m,3261.0,0.14,6615.0,0.0,-959.0,-0.0,87.3,56.9,-3261.00,0.00
,102898241,29/01/2024 16:31,30/01/2024 18:21,USOUSD,Buy,0.010,0.00000,0.00000,77.10700,77.68500,0.0000,0.0000,57.8,5.78,0.77,"",0,01:01:49:57,,,,,,,,,,,,
,102961620,29/01/2024 16:43,30/01/2024 18:21,USOUSD,Buy,0.010,0.00000,0.00000,76.63700,77.70500,0.0000,0.0000,106.8,10.68,1.44,"",0,01:01:37:56,,,,,,,,,,,,
,103278795,30/01/2024 14:36,30/01/2024 18:21,USOUSD,Buy,0.020,0.00000,0.00000,76.25100,77.72500,0.0000,0.0000,147.4,29.48,4.14,"",0,00:03:45:14,,,,,,,,,,,,
,103398054,30/01/2024 17:17,30/01/2024 18:21,USOUSD,Buy,0.010,0.00000,0.00000,76.85100,77.72500,0.0000,0.0000,87.4,8.74,1.24,"",0,00:01:03:37,,,,,,,,,,,,
,103172660,30/01/2024 09:16,30/01/2024 18:21,USOUSD,Buy,0.010,0.00000,0.00000,76.88200,77.72000,0.0000,0.0000,83.8,8.38,1.20,"",0,00:09:05:30,,,,,,,,,,,,
,102904067,29/01/2024 15:26,30/01/2024 18:21,USOUSD,Buy,0.010,0.00000,0.00000,77.47700,77.71500,0.0000,0.0000,23.8,2.38,0.34,"",0,01:02:55:14,,,,,,,,,,,,
,101585429,29/01/2024 17:14,30/01/2024 18:21,USOUSD,Buy,0.010,0.00000,0.00000,76.52700,77.72500,0.0000,0.0000,119.8,11.98,1.76,"",0,01:01:06:57,,,,,,,,,,,,
,103406679,30/01/2024 17:27,30/01/2024 18:19,USOUSD,Buy,0.010,0.00000,0.00000,76.68100,77.85500,0.0000,0.0000,117.4,11.74,1.75,"",0,00:00:51:34,,,,,,,,,,,,
,102680980,28/01/2024 09:18,30/01/2024 17:47,ETHUSD,Buy,0.010,0.00000,0.00000,2293.09000,2344.04000,0.0000,0.0000,5095.0,5.09,0.77,"",0,02:08:29:07,46.5,1d 2h ,5459.0,0.64,8530.0,0.0,-5459.0,-0.0,61.0,75.4,-3435.00,0.00
,102641580,27/01/2024 07:43,30/01/2024 17:47,ETHUSD,Buy,0.010,0.00000,0.00000,2265.00000,2342.74000,0.0000,0.0000,7774.0,7.77,1.18,"",0,03:10:03:56,78.9,2d 16h ,3825.0,0.23,11339.0,0.0,-2650.0,-0.0,81.1,74.5,-3565.00,0.00
,101589094,24/01/2024 20:22,30/01/2024 17:47,ETHUSD,Buy,0.010,0.00000,0.00000,2207.62000,2342.21000,0.0000,0.0000,13459.0,13.46,2.09,"",0,05:21:24:57,95.5,5d 15h ,6276.0,0.18,17077.0,0.0,-3078.0,-0.0,84.7,82.0,-3618.00,0.00
,101882627,30/01/2024 15:11,30/01/2024 16:19,USOUSD,Buy,0.010,0.00000,0.00000,76.04100,76.78500,0.0000,0.0000,74.4,7.44,1.17,"",0,00:01:07:42,,,,,,,,,,,,
,102525876,29/01/2024 16:51,30/01/2024 03:39,ETHUSD,Buy,0.010,0.00000,0.00000,2240.18000,2322.85000,0.0000,0.0000,8267.0,8.27,1.32,"",0,00:10:47:17,100.0,10h 47m,1520.0,0.00,8577.0,0.0,0.0,0.0,100.0,96.4,-310.00,0.00
,102956329,29/01/2024 16:44,30/01/2024 02:13,USOUSD,Buy,0.010,0.00000,0.00000,76.56700,76.99500,0.0000,0.0000,42.8,4.28,0.69,"",0,00:09:29:21,,,,,,,,,,,,
,102914392,29/01/2024 15:40,30/01/2024 00:51,ETHUSD,Buy,0.010,0.00000,0.00000,2247.96000,2310.23000,0.0000,0.0000,6227.0,6.22,1.01,"",0,00:09:10:52,100.0,9h 10m,1520.0,0.00,7044.0,0.0,0.0,0.0,100.0,88.4,-817.00,0.00
,102681930,28/01/2024 09:59,30/01/2024 00:50,ETHUSD,Buy,0.010,0.00000,0.00000,2283.48000,2310.75000,0.0000,0.0000,2727.0,2.73,0.44,"",0,01:14:51:02,26.2,10h 10m,4498.0,1.29,3492.0,0.0,-4498.0,-0.0,43.7,90.4,-765.00,0.00
,102529120,26/01/2024 16:39,30/01/2024 00:50,ETHUSD,Buy,0.010,0.00000,0.00000,2249.03000,2310.98000,0.0000,0.0000,6195.0,6.20,1.02,"",0,03:08:10:37,96.9,3d 5h ,3295.0,0.08,6929.0,0.0,-523.0,-0.0,93.0,90.2,-734.00,0.00
,101578923,24/01/2024 01:49,30/01/2024 00:49,ETHUSD,Buy,0.010,0.00000,0.00000,2241.54000,2310.93000,0.0000,0.0000,6939.0,6.94,1.15,"",0,05:23:00:49,61.4,3d 15h ,7733.0,0.84,7678.0,0.0,-6470.0,-0.0,54.3,94.8,-739.00,0.00
,102690168,28/01/2024 14:23,30/01/2024 00:49,ETHUSD,Buy,0.010,0.00000,0.00000,2271.24000,2311.00000,0.0000,0.0000,3976.0,3.98,0.67,"",0,01:10:26:28,39.0,13h 25m,3825.0,0.69,4716.0,0.0,-3274.0,-0.0,59.0,90.7,-740.00,0.00
,102711738,28/01/2024 21:50,29/01/2024 05:03,BTCUSD,Buy,0.010,0.00000,0.00000,41861.03000,42275.01000,0.0000,0.0000,414.0,4.14,0.70,"",0,00:07:12:27,88.7,6h 23m,326.6,0.26,613.97,6.1397,-162.03,-1.6203,79.1,74.2,-199.97,-2.00
,102752724,29/01/2024 03:23,29/01/2024 03:42,USOUSD,Buy,0.010,0.00000,0.00000,78.15200,78.40100,0.0000,0.0000,24.9,2.49,0.42,"",0,00:00:18:42,,,,,,,,,,,,
,102674112,28/01/2024 05:03,28/01/2024 07:03,BTCUSD,Buy,0.010,0.00000,0.00000,42118.17000,42679.70000,0.0000,0.0000,561.5,5.62,0.96,"",0,00:01:59:10,,,,,,,,,,,,
,102577769,26/01/2024 18:22,26/01/2024 20:17,USOUSD,Buy,0.010,0.00000,77.17300,76.63300,77.17700,0.0000,0.0000,54.4,5.44,0.94,"[tp 77.173]",0,00:01:54:42,,,,,,,,,,,,
,102593849,26/01/2024 19:17,26/01/2024 20:00,USOUSD,Buy,0.010,0.00000,0.00000,76.02300,76.55700,0.0000,0.0000,53.4,5.34,0.93,"",0,00:00:43:02,,,,,,,,,,,,
,102555397,26/01/2024 18:58,26/01/2024 20:00,USOUSD,Buy,0.010,0.00000,0.00000,76.21300,76.54700,0.0000,0.0000,33.4,3.34,0.59,"",0,00:01:01:46,,,,,,,,,,,,
,101897779,24/01/2024 20:09,26/01/2024 18:31,BTCUSD,Buy,0.010,0.00000,0.00000,39981.10000,41733.41000,0.0000,0.0000,1752.3,17.52,3.17,"",0,01:22:21:39,58.0,1d 2h ,678.1,0.25,2075.1,20.751,-509.73,-5.097300000000001,80.3,87.5,-322.80,-3.23
,101753592,25/01/2024 19:17,26/01/2024 18:31,BTCUSD,Buy,0.010,0.00000,0.00000,39521.51000,41733.41000,0.0000,0.0000,2211.9,22.11,4.16,"",0,00:23:14:22,100.0,23h 14m,498.0,0.00,2534.69,25.3469,0.0,0.0,100.0,87.3,-322.79,-3.23
,101039340,22/01/2024 15:33,26/01/2024 18:31,BTCUSD,Buy,0.010,0.00000,0.00000,40962.59000,41733.41000,0.0000,0.0000,770.8,7.70,1.47,"",0,04:02:58:32,7.9,7h 49m,2283.44,1.91,1194.81,11.9481,-2283.44,-22.834400000000002,34.4,87.8,-424.01,-4.24
,100876574,22/01/2024 03:21,26/01/2024 18:31,BTCUSD,Buy,0.010,0.00000,0.00000,41313.51000,41733.41000,0.0000,0.0000,419.9,4.19,0.81,"",0,04:15:09:58,4.3,4h 46m,2634.36,3.12,843.89,8.4389,-2634.36,-26.343600000000002,24.3,87.8,-423.99,-4.24
,100841545,21/01/2024 17:31,26/01/2024 18:31,BTCUSD,Buy,0.010,0.00000,0.00000,41722.82000,41733.41000,0.0000,0.0000,10.6,0.10,0.02,"",0,05:01:00:32,2.7,3h 16m,3081.53,7.01,434.58,4.3458,-3043.67,-30.436700000000002,12.5,87.8,-423.98,-4.24
,101585244,24/01/2024 02:53,26/01/2024 18:24,BTCUSD,Buy,0.010,0.00000,0.00000,40218.91000,41643.40000,0.0000,0.0000,1424.5,14.24,2.82,"",0,02:15:31:22,17.0,10h 47m,848.26,0.41,1809.89,18.0989,-747.54,-7.4754,70.8,84.9,-385.39,-3.85
,102502373,26/01/2024 15:53,26/01/2024 18:21,BTCUSD,Buy,0.010,0.00000,0.00000,40935.17000,41591.86000,0.0000,0.0000,656.7,6.57,1.32,"",0,00:02:27:57,100.0,2h 27m,443.14,0.00,1099.83,10.998299999999999,0.0,0.0,100.0,59.7,-443.13,-4.43
,102558160,26/01/2024 17:28,26/01/2024 18:21,BTCUSD,Buy,0.010,0.00000,0.00000,41270.31000,41590.94000,0.0000,0.0000,320.6,3.21,0.65,"",0,00:00:52:36,100.0,52m,444.06,0.00,764.69,7.6469000000000005,0.0,0.0,100.0,41.9,-444.09,-4.44
,101060876,22/01/2024 16:19,26/01/2024 18:20,BTCUSD,Buy,0.010,0.00000,0.00000,40560.74000,41581.64000,0.0000,0.0000,1020.9,10.21,2.11,"",0,04:02:01:22,9.7,9h 30m,2056.07,1.28,1468.06,14.6806,-1881.59,-18.8159,43.8,86.7,-447.16,-4.47
,102310636,25/01/2024 23:12,26/01/2024 17:20,USOUSD,Buy,0.010,0.00000,0.00000,77.10900,77.16700,0.0000,0.0000,5.8,0.58,0.12,"",0,00:18:07:43,,,,,,,,,,,,
,102219444,25/01/2024 17:40,25/01/2024 17:52,USOUSD,Buy,0.010,0.00000,0.00000,75.97400,76.17300,0.0000,0.0000,19.9,1.99,0.41,"",0,00:00:11:32,,,,,,,,,,,,
,102098270,25/01/2024 14:56,25/01/2024 15:31,USOUSD,Buy,0.010,0.00000,0.00000,75.64900,75.93300,0.0000,0.0000,28.4,2.84,0.59,"",0,00:00:34:59,,,,,,,,,,,,
,101903751,24/01/2024 19:10,25/01/2024 10:54,USOUSD,Buy,0.010,0.00000,0.00000,75.47400,75.72300,0.0000,0.0000,24.9,2.49,0.52,"",0,00:15:44:57,,,,,,,,,,,,
,101928821,24/01/2024 20:34,25/01/2024 01:25,USOUSD,Buy,0.010,0.00000,0.00000,74.98400,75.30300,0.0000,0.0000,31.9,3.19,0.67,"",0,00:04:51:15,,,,,,,,,,,,
,94887639,24/01/2024 19:18,,,Withdrawal,0.000,0.00000,0.00000,0.00000,0.00000,0.0000,0.0000,0.0,-100.00,0,"Withdraw-TH-CPS",0,00:00:00:00,,,,,,,,,,,,
,101897876,24/01/2024 18:56,24/01/2024 18:57,USOUSD,Buy,0.010,0.00000,0.00000,75.63400,75.68300,0.0000,0.0000,4.9,0.49,0.09,"",0,00:00:00:30,,,,,,,,,,,,
,101888302,24/01/2024 18:25,24/01/2024 18:56,BTCUSD,Buy,0.010,0.00000,0.00000,39980.50000,40125.68000,0.0000,0.0000,145.2,1.45,0.25,"",0,00:00:30:33,16.7,5m,244.98,1.69,145.18,1.4518000000000002,-244.98,-2.4497999999999998,37.2,100.0,0.02,0.00
,101885574,24/01/2024 18:18,24/01/2024 18:33,USOUSD,Buy,0.010,0.00000,0.00000,75.35400,75.37800,0.0000,0.0000,2.4,0.24,0.04,"",0,00:00:15:01,,,,,,,,,,,,
,101886421,24/01/2024 18:20,24/01/2024 18:25,BTCUSD,Buy,0.010,0.00000,0.00000,39925.32000,39974.12000,0.0000,0.0000,48.8,0.49,0.09,"",0,00:00:04:28,20.0,53s,0.0,0.02,48.8,0.488,0.0,0.0,100.0,100.0,0.00,0.00
,101705249,24/01/2024 16:04,24/01/2024 18:20,BTCUSD,Buy,0.010,0.00000,0.00000,39884.63000,39912.85000,0.0000,0.0000,28.2,0.28,0.05,"",0,00:02:16:04,100.0,2h 16m,201.15,0.00,229.37,2.2937000000000003,0.0,0.0,100.0,12.3,-201.17,-2.01
,101730530,24/01/2024 14:35,24/01/2024 18:12,USOUSD,Buy,0.010,0.00000,0.00000,73.95900,75.28300,0.0000,0.0000,132.4,13.24,2.37,"",0,00:03:37:03,,,,,,,,,,,,
,101292866,23/01/2024 09:38,24/01/2024 18:12,USOUSD,Buy,0.010,0.00000,0.00000,74.90500,75.27800,0.0000,0.0000,37.3,3.73,0.67,"",0,01:08:34:10,,,,,,,,,,,,
,101719581,24/01/2024 13:14,24/01/2024 18:10,USOUSD,Buy,0.010,0.00000,0.00000,74.17400,75.17800,0.0000,0.0000,100.4,10.04,1.84,"",0,00:04:56:05,,,,,,,,,,,,
,101667731,24/01/2024 11:05,24/01/2024 18:10,USOUSD,Buy,0.020,0.00000,0.00000,74.68900,75.17800,0.0000,0.0000,48.9,9.78,1.83,"",0,00:07:04:42,,,,,,,,,,,,
,101319106,23/01/2024 11:04,24/01/2024 18:10,USOUSD,Buy,0.020,0.00000,0.00000,74.60000,75.17300,0.0000,0.0000,57.3,11.46,2.19,"",0,01:07:05:34,,,,,,,,,,,,
,101241437,23/01/2024 11:34,24/01/2024 18:10,USOUSD,Buy,0.010,0.00000,0.00000,74.31000,75.17800,0.0000,0.0000,86.8,8.68,1.69,"",0,01:06:36:09,,,,,,,,,,,,
,101586534,24/01/2024 05:22,24/01/2024 12:29,BTCUSD,Buy,0.010,0.00000,0.00000,39620.75000,40118.36000,0.0000,0.0000,497.6,4.97,0.97,"",0,00:07:06:16,100.0,7h 6m,384.3,0.00,876.25,8.762500000000001,0.0,0.0,100.0,56.8,-378.65,-3.79
,101203176,23/01/2024 01:19,24/01/2024 02:53,BTCUSD,Buy,0.010,0.00000,0.00000,39687.51000,40222.06000,0.0000,0.0000,534.6,5.34,1.06,"",0,01:01:33:35,40.1,10h 14m,1588.08,2.13,534.55,5.3454999999999995,-1139.59,-11.3959,31.9,100.0,0.05,0.00
,101103731,22/01/2024 21:17,24/01/2024 02:53,BTCUSD,Buy,0.010,0.00000,0.00000,39862.83000,40202.28000,0.0000,0.0000,339.5,3.39,0.68,"",0,01:05:35:42,26.8,7h 55m,1588.08,3.87,339.45,3.3945,-1314.91,-13.1491,20.5,100.0,0.05,0.00
,101315358,23/01/2024 10:55,24/01/2024 02:08,BTCUSD,Buy,0.010,0.00000,0.00000,39473.49000,39911.48000,0.0000,0.0000,438.0,4.38,0.88,"",0,00:15:12:53,24.8,3h 46m,925.57,1.31,704.51,7.0451,-925.57,-9.255700000000001,43.2,83.7,-266.51,-2.67
,101346251,23/01/2024 13:48,24/01/2024 01:46,ETHUSD,Buy,0.020,0.00000,0.00000,2207.49000,2236.06000,0.0000,0.0000,2857.0,5.71,1.16,"",0,00:11:58:28,52.8,6h 19m,4103.0,1.00,4011.0,0.0,-4029.0,-0.0,49.9,85.6,-1154.00,0.00
,101457359,23/01/2024 16:54,24/01/2024 01:46,BTCUSD,Buy,0.010,0.00000,0.00000,38677.84000,39736.15000,0.0000,0.0000,1058.3,10.58,2.20,"",0,00:08:51:50,100.0,8h 51m,558.7,0.00,1500.16,15.001600000000002,0.0,0.0,100.0,70.5,-441.86,-4.42
,101204598,23/01/2024 11:10,24/01/2024 01:46,BTCUSD,Buy,0.010,0.00000,0.00000,39167.77000,39735.82000,0.0000,0.0000,568.1,5.68,1.20,"",0,00:14:36:20,56.1,8h 11m,619.85,0.61,1010.23,10.1023,-619.85,-6.1985,62.0,72.9,-442.13,-4.42
,101368222,23/01/2024 13:27,23/01/2024 16:46,USOUSD,Buy,0.010,0.00000,74.52500,74.02000,74.52400,0.0000,0.0000,50.4,5.04,1.07,"[tp 74.525]",0,00:03:18:30,,,,,,,,,,,,
,101102105,23/01/2024 15:41,23/01/2024 16:35,USOUSD,Buy,0.010,0.00000,0.00000,73.64000,74.18400,0.0000,0.0000,54.4,5.44,1.17,"",0,00:00:53:45,,,,,,,,,,,,
,94331455,23/01/2024 12:11,,,Deposit,0.000,0.00000,0.00000,0.00000,0.00000,0.0000,0.0000,0.0,100.00,0,"Deposit-TH-Xpay-CPS-APP",0,00:00:00:00,,,,,,,,,,,,
,101251970,23/01/2024 07:42,23/01/2024 09:38,USOUSD,Buy,0.010,0.00000,0.00000,74.75000,74.86400,0.0000,0.0000,11.4,1.14,0.33,"",0,00:01:55:19,,,,,,,,,,,,
,101203668,23/01/2024 01:25,23/01/2024 04:41,USOUSD,Buy,0.010,0.00000,0.00000,74.46000,74.57900,0.0000,0.0000,11.9,1.19,0.35,"",0,00:03:16:09,,,,,,,,,,,,
,101131908,22/01/2024 18:23,22/01/2024 22:15,USOUSD,Buy,0.010,0.00000,0.00000,74.57500,74.65900,0.0000,0.0000,8.4,0.84,0.25,"",0,00:03:51:59,,,,,,,,,,,,
,100994307,22/01/2024 13:58,22/01/2024 17:15,USOUSD,Buy,0.010,0.00000,0.00000,73.60500,74.14900,0.0000,0.0000,54.4,5.44,1.62,"",0,00:03:16:36,,,,,,,,,,,,
,100981144,22/01/2024 13:03,22/01/2024 17:15,USOUSD,Buy,0.010,0.00000,0.00000,73.41000,74.14900,0.0000,0.0000,73.9,7.39,2.25,"",0,00:04:12:03,,,,,,,,,,,,
,100740947,19/01/2024 17:38,22/01/2024 17:15,USOUSD,Buy,0.010,0.00000,0.00000,74.05500,74.14900,0.0000,0.0000,9.4,0.94,0.29,"",0,02:23:37:11,,,,,,,,,,,,
,100690607,19/01/2024 16:33,22/01/2024 17:15,USOUSD,Buy,0.010,0.00000,0.00000,74.23200,74.14900,0.0000,0.0000,-8.3,-0.83,-0.25,"",0,03:00:41:59,,,,,,,,,,,,
,100890229,22/01/2024 06:53,22/01/2024 15:16,BTCUSD,Buy,0.010,0.00000,0.00000,40895.16000,41095.21000,0.0000,0.0000,200.1,2.00,0.61,"",0,00:08:23:10,37.7,3h 9m,850.96,1.56,332.84,3.3284,-518.12,-5.1812000000000005,39.1,84.4,-132.74,-1.33
,100965342,22/01/2024 11:55,22/01/2024 15:15,BTCUSD,Buy,0.010,0.00000,0.00000,40752.67000,41085.85000,0.0000,0.0000,333.2,3.33,1.03,"",0,00:03:20:08,57.5,1h 55m,770.9,0.84,418.33,4.1833,-352.57,-3.5257,54.3,89.0,-85.13,-0.85
,100970833,22/01/2024 12:23,22/01/2024 15:15,BTCUSD,Buy,0.010,0.00000,0.00000,40603.73000,41082.50000,0.0000,0.0000,478.8,4.79,1.51,"",0,00:02:52:12,85.8,2h 27m,770.9,0.36,567.27,5.6727,-203.63,-2.0362999999999998,73.6,88.5,-88.47,-0.88
,100982716,22/01/2024 13:10,22/01/2024 13:38,USOUSD,Buy,0.010,0.00000,0.00000,73.24000,73.33900,0.0000,0.0000,9.9,0.99,0.31,"",0,00:00:27:49,,,,,,,,,,,,
,100859588,22/01/2024 01:55,22/01/2024 13:03,USOUSD,Buy,0.010,0.00000,0.00000,73.05500,73.36900,0.0000,0.0000,31.4,3.14,1.00,"",0,00:11:07:50,,,,,,,,,,,,
,100871185,22/01/2024 03:05,22/01/2024 13:03,USOUSD,Buy,0.010,0.00000,0.00000,72.87000,73.36900,0.0000,0.0000,49.9,4.99,1.61,"",0,00:09:57:17,,,,,,,,,,,,
,100941657,22/01/2024 10:28,22/01/2024 13:03,USOUSD,Buy,0.010,0.00000,0.00000,72.70500,73.36900,0.0000,0.0000,66.4,6.64,2.20,"",0,00:02:34:17,,,,,,,,,,,,
,100832494,21/01/2024 09:43,21/01/2024 13:23,BTCUSD,Buy,0.010,0.00000,0.00000,41627.61000,41740.73000,0.0000,0.0000,113.1,1.13,0.38,"",0,00:03:39:50,,,,,,,,,,,,
,100686723,19/01/2024 16:30,21/01/2024 01:08,BTCUSD,Buy,0.010,0.00000,0.00000,41061.12000,41747.50000,0.0000,0.0000,686.4,6.87,2.33,"",0,01:08:37:15,97.7,1d 7h ,638.94,0.50,1120.88,11.208800000000002,-562.22,-5.6222,66.6,74.2,-434.48,-4.34
,100619702,19/01/2024 16:25,19/01/2024 16:30,BTCUSD,Buy,0.010,0.00000,0.00000,41043.16000,41067.46000,0.0000,0.0000,24.3,0.24,0.08,"",0,00:00:05:13,,,,,,,,,,,,
,100615473,19/01/2024 13:25,19/01/2024 16:19,USOUSD,Buy,0.010,0.00000,0.00000,73.84000,74.03100,0.0000,0.0000,19.1,1.91,0.65,"",0,00:02:53:58,,,,,,,,,,,,
,100657163,19/01/2024 15:22,19/01/2024 15:43,USOUSD,Buy,0.010,0.00000,0.00000,73.53500,73.78500,0.0000,0.0000,25.0,2.50,0.86,"",0,00:00:20:19,,,,,,,,,,,,
,100517168,19/01/2024 06:42,19/01/2024 12:30,ETHUSD,Buy,0.010,0.00000,0.00000,2459.91000,2485.48000,0.0000,0.0000,2557.0,2.56,0.89,"",0,00:05:47:39,91.7,5h 18m,1057.0,0.06,3119.0,0.0,-186.0,-0.0,94.4,83.0,-562.00,0.00
,100513578,19/01/2024 06:05,19/01/2024 12:30,BTCUSD,Buy,0.010,0.00000,0.00000,41042.54000,41377.37000,0.0000,0.0000,334.8,3.34,1.18,"",0,00:06:24:15,100.0,6h 24m,320.27,0.00,512.46,5.1246,0.0,0.0,100.0,65.3,-177.66,-1.78
,100517099,19/01/2024 06:41,19/01/2024 11:39,USOUSD,Buy,0.010,0.00000,0.00000,73.82800,74.34000,0.0000,0.0000,51.2,5.12,1.84,"",0,00:04:58:25,,,,,,,,,,,,
,100480873,19/01/2024 01:37,19/01/2024 02:48,USOUSD,Buy,0.010,0.00000,0.00000,73.74900,73.86700,0.0000,0.0000,11.8,1.18,0.43,"",0,00:01:11:14,,,,,,,,,,,,
,100476474,19/01/2024 01:10,19/01/2024 01:36,USOUSD,Buy,0.010,0.00000,0.00000,73.71200,73.71300,0.0000,0.0000,0.1,0.01,0.00,"",0,00:00:26:00,,,,,,,,,,,,
,100472612,19/01/2024 00:28,19/01/2024 01:17,EURUSD,Buy,0.010,0.00000,0.00000,1.08773,1.08775,0.0000,0.0000,0.2,0.02,0.01,"",0,00:00:49:25,,,,,,,,,,,,
,100449089,18/01/2024 22:18,19/01/2024 00:23,ETHUSD,Buy,0.010,0.00000,0.00000,2449.48000,2461.10000,0.0000,0.0000,1162.0,1.16,0.42,"",0,00:02:04:43,100.0,2h 4m,866.0,0.00,1943.0,0.0,0.0,0.0,100.0,59.8,-781.00,0.00
,100448840,18/01/2024 22:17,19/01/2024 00:23,BTCUSD,Buy,0.010,0.00000,0.00000,41061.00000,41262.46000,0.0000,0.0000,201.5,2.01,0.73,"",0,00:02:06:13,100.0,2h 6m,195.14,0.00,254.24,2.5424,0.0,0.0,100.0,79.3,-52.74,-0.53
,99445233,16/01/2024 12:35,18/01/2024 19:02,USOUSD,Buy,0.010,0.00000,73.80000,73.35800,73.80100,0.0000,-0.2100,44.3,4.22,1.56,"[tp 73.800]",0,02:06:26:31,,,,,,,,,,,,
,100325062,18/01/2024 16:34,18/01/2024 17:57,USOUSD,Buy,0.010,0.00000,0.00000,72.78200,73.13600,0.0000,0.0000,35.4,3.54,1.33,"",0,00:01:22:51,,,,,,,,,,,,
,100246802,18/01/2024 14:13,18/01/2024 16:11,USOUSD,Buy,0.010,0.00000,72.97900,72.47600,72.97400,0.0000,0.0000,49.8,4.98,1.90,"[tp 72.979]",0,00:01:57:25,,,,,,,,,,,,
,100198525,18/01/2024 11:06,18/01/2024 13:26,USOUSD,Buy,0.010,0.00000,0.00000,72.60100,73.06200,0.0000,0.0000,46.1,4.61,1.79,"",0,00:02:19:42,,,,,,,,,,,,
,99528235,16/01/2024 15:46,18/01/2024 10:48,USOUSD,Buy,0.010,0.00000,0.00000,72.67100,72.88500,0.0000,-0.2100,21.4,1.93,0.76,"",0,01:19:02:09,,,,,,,,,,,,
,100025164,18/01/2024 00:25,18/01/2024 10:14,ETHUSD,Buy,0.020,0.00000,0.00000,2510.00000,2537.84000,0.0000,0.0000,2784.0,5.57,2.23,"",0,00:09:48:46,100.0,9h 48m,1295.0,0.00,3550.0,0.0,0.0,0.0,100.0,78.4,-766.00,0.00
,99990548,17/01/2024 17:13,18/01/2024 10:14,ETHUSD,Buy,0.010,0.00000,0.00000,2561.12000,2537.84000,0.0000,0.0000,-2328.0,-2.33,-0.93,"",0,00:17:00:44,0.0,0s,4744.0,5000.00,0.0,0.0,-4744.0,-0.0,0.0,50.9,-2328.00,0.00
,99878733,17/01/2024 14:16,18/01/2024 10:13,BTCUSD,Buy,0.010,0.00000,0.00000,42569.95000,42864.99000,0.0000,0.0000,295.0,2.95,1.19,"",0,00:19:57:08,70.9,14h 8m,456.35,1.08,295.04,2.9504,-319.38,-3.1938,48.0,100.0,-0.04,0.00
,99872347,17/01/2024 13:56,18/01/2024 10:13,BTCUSD,Buy,0.010,0.00000,0.00000,42701.67000,42864.99000,0.0000,0.0000,163.3,1.63,0.66,"",0,00:20:17:06,24.7,5h 0m,456.35,2.76,163.32,1.6332,-451.1,-4.511,26.6,100.0,-0.02,0.00
,99852249,17/01/2024 12:39,18/01/2024 10:13,BTCUSD,Buy,0.020,0.00000,0.00000,42783.00000,42864.99000,0.0000,0.0000,82.0,1.64,0.67,"",0,00:21:34:07,9.4,2h 1m,532.43,6.50,81.99,1.6398,-532.43,-10.6486,13.3,100.0,0.01,0.00
,100019847,17/01/2024 17:59,18/01/2024 03:09,XAUUSD,Buy,0.010,0.00000,0.00000,2009.07000,2010.74000,0.0000,-0.9200,167.0,0.75,0.31,"",0,00:09:10:11,27.1,2h 29m,611.0,2.42,252.0,2.52,-611.0,-6.11,29.2,90.2,-85.00,-0.85
,100037645,17/01/2024 18:50,18/01/2024 03:09,XAUUSD,Buy,0.010,0.00000,0.00000,2005.46000,2010.71000,0.0000,-0.9200,525.0,4.33,1.80,"",0,00:08:19:29,91.0,7h 34m,491.0,0.07,613.0,6.13,-40.0,-0.4,93.9,86.5,-88.00,-0.88
,100041523,17/01/2024 19:01,17/01/2024 21:45,USOUSD,Buy,0.010,0.00000,0.00000,71.57200,72.40200,0.0000,0.0000,83.0,8.30,3.57,"",0,00:02:44:24,,,,,,,,,,,,
,99758671,17/01/2024 07:43,17/01/2024 21:45,USOUSD,Buy,0.010,0.00000,0.00000,71.72300,72.41400,0.0000,0.0000,69.1,6.91,3.07,"",0,00:14:01:35,,,,,,,,,,,,
,99585448,16/01/2024 17:12,17/01/2024 21:45,USOUSD,Buy,0.010,0.00000,0.00000,71.91000,72.41400,0.0000,-0.1300,50.4,4.91,2.23,"",0,01:04:32:25,,,,,,,,,,,,
,99725939,17/01/2024 10:08,17/01/2024 18:02,USOUSD,Buy,0.010,0.00000,0.00000,71.47000,71.69600,0.0000,0.0000,22.6,2.26,1.04,"",0,00:07:53:12,,,,,,,,,,,,
,99528825,17/01/2024 11:44,17/01/2024 18:02,USOUSD,Buy,0.010,0.00000,0.00000,70.71200,71.68900,0.0000,0.0000,97.7,9.77,4.69,"",0,00:06:17:20,,,,,,,,,,,,
,99941080,17/01/2024 16:12,17/01/2024 16:59,XAUUSD,Buy,0.010,2013.00000,0.00000,2018.11000,2012.99000,0.0000,0.0000,-512.0,-5.12,-2.40,"[sl 2013.00]",0,00:00:46:57,,,,,,,,,,,,
,99933137,17/01/2024 16:03,17/01/2024 16:11,XAUUSD,Buy,0.010,2018.59000,0.00000,2022.39000,2018.23000,0.0000,0.0000,-416.0,-4.16,-1.91,"[sl 2018.59]",0,00:00:08:06,,,,,,,,,,,,
,99791699,17/01/2024 09:47,17/01/2024 12:38,XAUUSD,Buy,0.010,0.00000,0.00000,2024.39000,2027.68000,0.0000,0.0000,329.0,3.29,1.53,"",0,00:02:51:03,91.0,2h 35m,205.0,0.15,362.0,3.62,-53.0,-0.53,87.2,92.0,-33.00,-0.33
,99817666,17/01/2024 11:01,17/01/2024 12:38,XAUUSD,Buy,0.010,0.00000,0.00000,2021.35000,2027.73000,0.0000,0.0000,638.0,6.38,3.07,"",0,00:01:36:59,100.0,1h 36m,168.0,0.00,666.0,6.66,0.0,0.0,100.0,95.8,-28.00,-0.28
,99787062,17/01/2024 09:37,17/01/2024 09:46,XAUUSD,Buy,0.010,0.00000,0.00000,2020.87000,2024.31000,0.0000,0.0000,344.0,3.44,1.68,"",0,00:00:09:00,,,,,,,,,,,,
,99574400,16/01/2024 16:53,17/01/2024 02:42,BTCUSD,Buy,0.010,0.00000,0.00000,42660.39000,43062.59000,0.0000,0.0000,402.2,4.03,2.01,"",0,00:09:49:04,100.0,9h 49m,463.29,0.00,768.4,7.684,0.0,0.0,100.0,52.3,-366.20,-3.66
,99447456,16/01/2024 13:54,16/01/2024 14:16,USOUSD,Buy,0.010,0.00000,0.00000,72.72300,73.12400,0.0000,0.0000,40.1,4.01,2.04,"",0,00:00:21:57,,,,,,,,,,,,
,99408949,16/01/2024 11:11,16/01/2024 11:43,USOUSD,Buy,0.010,0.00000,0.00000,72.63000,72.82500,0.0000,0.0000,19.5,1.95,1.00,"",0,00:00:31:47,,,,,,,,,,,,
,99108161,15/01/2024 10:09,16/01/2024 10:59,USOUSD,Buy,0.010,0.00000,0.00000,72.79000,72.80200,0.0000,-0.1300,1.2,-0.01,-0.01,"",0,01:00:49:59,,,,,,,,,,,,
,99062056,15/01/2024 10:30,16/01/2024 10:59,USOUSD,Buy,0.010,0.00000,0.00000,72.47000,72.79100,0.0000,-0.1300,32.1,3.08,1.61,"",0,01:00:29:05,,,,,,,,,,,,
,99197769,15/01/2024 15:49,16/01/2024 10:59,BTCUSD,Buy,0.010,0.00000,0.00000,42860.26000,43014.14000,0.0000,0.0000,153.9,1.54,0.81,"",0,00:19:09:25,26.4,5h 3m,886.5,0.95,485.74,4.8574,-462.06,-4.6206000000000005,51.2,65.0,-331.84,-3.32
,99139588,15/01/2024 11:58,16/01/2024 02:45,USOUSD,Buy,0.010,0.00000,0.00000,72.12700,72.62000,0.0000,-0.1300,49.3,4.80,2.59,"",0,00:14:47:10,,,,,,,,,,,,
,99044206,15/01/2024 14:27,15/01/2024 16:43,USOUSD,Buy,0.010,0.00000,0.00000,71.64200,72.10000,0.0000,0.0000,45.8,4.58,2.54,"",0,00:02:16:01,,,,,,,,,,,,
,99127863,15/01/2024 11:22,15/01/2024 15:06,BTCUSD,Buy,0.010,0.00000,0.00000,42657.00000,42695.61000,0.0000,0.0000,38.6,0.39,0.22,"",0,00:03:44:19,33.4,1h 14m,584.0,1.86,204.0,2.04,-380.0,-3.8000000000000003,34.9,71.7,-165.40,-1.65
,99062092,15/01/2024 04:05,15/01/2024 09:28,USOUSD,Buy,0.010,0.00000,0.00000,72.68000,72.85400,0.0000,0.0000,17.4,1.74,0.97,"",0,00:05:23:01,,,,,,,,,,,,
,99056843,15/01/2024 03:20,15/01/2024 04:05,USOUSD,Buy,0.010,0.00000,0.00000,72.35500,72.65900,0.0000,0.0000,30.4,3.04,1.73,"",0,00:00:45:03,,,,,,,,,,,,
,99042729,15/01/2024 01:24,15/01/2024 03:12,USOUSD,Buy,0.010,0.00000,0.00000,72.44500,72.64400,0.0000,0.0000,19.9,1.99,1.15,"",0,00:01:47:35,,,,,,,,,,,,
,99025618,14/01/2024 22:29,14/01/2024 23:38,BTCUSD,Buy,0.010,42011.81000,0.00000,42649.01000,41995.22000,0.0000,0.0000,-653.8,-6.54,-3.63,"[sl 42011.81]",0,00:01:09:14,0.0,0s,756.71,769.23,0.0,0.0,-756.71,-7.567100000000001,0.0,13.6,-653.80,-6.54
,92042272,14/01/2024 20:48,,,Deposit,0.000,0.00000,0.00000,0.00000,0.00000,0.0000,0.0000,0.0,120.00,0,"Deposit-TH-PayToday-CPS-APP",0,00:00:00:00,,,,,,,,,,,,

