Tags,Ticket,Open Date,Close Date,Symbol,Action,Units/Lots,SL,TP,Open Price,Close Price,Commission,Swap,Pips,Profit,Gain,Comment,Magic Number,Duration (DD:HH:MM:SS),Profitable(%),Profitable(time duration),Drawdown,Risk:Reward,Max(pips),Max(USC),Min(pips),Min(USC),Entry Accuracy(%),Exit Accuracy(%),ProfitMissed(pips),ProfitMissed(USC)
,292816673,19/03/2026 16:15,,,Deposit,0.000,0.00000,0.00000,0.00000,0.00000,0.0000,0.0000,0.0,527.93,0,"Cash Adjustment-Debt W/O",0,00:00:00:00,,,,,,,,,,,,
,302787002,19/03/2026 15:42,19/03/2026 15:47,XAUUSD,Buy,1.000,0.00000,0.00000,4598.15000,4535.17000,0.0000,0.0000,-6298.0,-6298.00,-109.14,"[so -57.37%/-527.56/919.63]",0,00:00:05:32,0.0,0s,6298.0,10000.00,0.0,0.0,-6298.0,-6298.0,0.0,0.0,-6298.00,-6298.00
,302778528,19/03/2026 15:34,19/03/2026 15:47,XAUUSD,Buy,2.000,0.00000,0.00000,4605.48000,4535.17000,0.0000,0.0000,-7031.0,-14062.00,-70.90,"[so -14.31%/-527.56/3687.00]",0,00:00:13:31,0.0,0s,7031.0,10000.00,0.0,0.0,-7031.0,-14062.0,0.0,0.0,-7031.00,-14062.00
,302749931,19/03/2026 15:10,19/03/2026 15:47,XAUUSD,Buy,1.000,0.00000,0.00000,4625.88000,4535.17000,0.0000,0.0000,-9071.0,-9071.00,-31.38,"[so -28.60%/-527.56/1844.81]",0,00:00:37:22,2.8,1m,9228.0,57.80,157.0,157.0,-9071.0,-9071.0,1.7,0.0,-9228.00,-9228.00
,302413331,19/03/2026 09:46,19/03/2026 15:47,XAUUSD,Buy,1.000,0.00000,0.00000,4775.01000,4535.17000,0.0000,0.0000,-23984.0,-23984.00,-45.35,"[so -11.36%/-527.56/4642.00]",0,00:06:01:34,0.0,0s,26916.0,0.00,0.0,0.0,-26916.0,-26916.0,0.0,10.9,-23984.00,-23984.00
,302384773,19/03/2026 09:35,19/03/2026 15:47,XAUUSD,Buy,1.000,0.00000,0.00000,4801.90000,4538.40000,0.0000,0.0000,-26350.0,-26350.00,-33.25,"[so 19.41%/1087.44/5602.38]",0,00:06:12:40,0.0,0s,29605.0,0.00,0.0,0.0,-29605.0,-29605.0,0.0,11.0,-26350.00,-26350.00
,302556183,19/03/2026 11:40,19/03/2026 15:47,XAUUSD,Buy,2.000,0.00000,0.00000,4699.38000,4538.92000,0.0000,0.0000,-16046.0,-32092.00,-28.83,"[so 18.70%/1399.44/7482.13]",0,00:04:07:02,0.0,0s,19353.0,0.00,0.0,0.0,-19353.0,-38706.0,0.0,17.1,-16046.00,-32092.00
,301722876,18/03/2026 15:43,19/03/2026 15:47,XAUUSD,Buy,1.000,0.00000,0.00000,4879.31000,4538.92000,0.0000,0.0000,-34039.0,-34039.00,-23.42,"[so 16.55%/1399.44/8457.99]",0,01:00:04:37,8.4,2h 1m,36256.0,17.95,1915.0,1915.0,-34341.0,-34341.0,5.3,0.8,-35954.00,-35954.00
,301654861,18/03/2026 15:01,19/03/2026 15:47,XAUUSD,Buy,1.000,0.00000,0.00000,4923.61000,4538.92000,0.0000,0.0000,-38469.0,-38469.00,-20.93,"[so 14.82%/1399.44/9442.72]",0,01:00:46:06,0.0,0s,38771.0,0.00,0.0,0.0,-38771.0,-38771.0,0.0,0.8,-38469.00,-38469.00
,301564254,18/03/2026 14:27,19/03/2026 15:47,XAUUSD,Buy,1.000,0.00000,0.00000,4947.12000,4538.92000,0.0000,0.0000,-40820.0,-40820.00,-18.17,"[so 13.41%/1399.44/10432.14]",0,01:01:20:23,0.0,0s,41122.0,0.00,0.0,0.0,-41122.0,-41122.0,0.0,0.7,-40820.00,-40820.00
,301717799,18/03/2026 16:15,19/03/2026 15:47,XAUUSD,Buy,2.000,0.00000,0.00000,4844.56000,4539.72000,0.0000,0.0000,-30484.0,-60968.00,-21.35,"[so 8.47%/2242.44/26478.44]",0,00:23:32:04,33.0,7h 45m,36256.0,5.73,5390.0,10780.0,-30866.0,-61732.0,14.9,1.1,-35874.00,-71748.00
,301700355,18/03/2026 15:26,19/03/2026 15:47,XAUUSD,Buy,2.000,0.00000,0.00000,4897.67000,4539.72000,0.0000,0.0000,-35795.0,-71590.00,-20.04,"[so 6.10%/2242.44/36734.32]",0,01:00:21:06,0.4,5m,36256.0,476.19,79.0,158.0,-36177.0,-72354.0,0.2,1.1,-35874.00,-71748.00
,301593290,18/03/2026 14:27,19/03/2026 15:47,XAUUSD,Buy,1.000,0.00000,0.00000,4954.63000,4539.69000,0.0000,0.0000,-41494.0,-41494.00,-10.41,"[so 19.67%/2246.44/11423.07]",0,01:01:20:41,0.0,0s,41873.0,0.00,0.0,0.0,-41873.0,-41873.0,0.0,0.9,-41494.00,-41494.00
,301499668,18/03/2026 13:29,19/03/2026 15:47,XAUUSD,Buy,1.000,0.00000,0.00000,4982.89000,4539.76000,0.0000,0.0000,-44313.0,-44313.00,-10.00,"[so 17.37%/2330.44/13413.49]",0,01:02:18:32,0.0,0s,44699.0,0.00,0.0,0.0,-44699.0,-44699.0,0.0,0.9,-44313.00,-44313.00
,301397442,18/03/2026 10:50,19/03/2026 15:47,XAUUSD,Buy,1.000,0.00000,0.00000,4995.81000,4539.76000,0.0000,0.0000,-45605.0,-45605.00,-9.33,"[so 16.17%/2330.44/14412.65]",0,01:04:57:41,0.0,0s,45991.0,0.00,0.0,0.0,-45991.0,-45991.0,0.0,0.8,-45605.00,-45605.00
,301388531,18/03/2026 10:45,19/03/2026 15:47,XAUUSD,Buy,1.000,0.00000,0.00000,5001.64000,4539.76000,0.0000,0.0000,-46188.0,-46188.00,-8.64,"[so 15.12%/2330.44/15412.98]",0,01:05:02:49,0.0,0s,46574.0,0.00,0.0,0.0,-46574.0,-46574.0,0.0,0.8,-46188.00,-46188.00
,300794657,17/03/2026 17:03,19/03/2026 15:47,XAUUSD,Buy,1.000,0.00000,0.00000,5011.91000,4539.76000,0.0000,0.0000,-47215.0,-47215.00,-8.11,"[so 14.20%/2330.44/16415.36]",0,01:22:44:18,1.5,42m,47731.0,370.37,130.0,130.0,-47601.0,-47601.0,0.3,0.8,-47345.00,-47345.00
,300709952,17/03/2026 15:32,19/03/2026 15:47,XAUUSD,Buy,1.000,0.00000,0.00000,5021.43000,4539.76000,0.0000,0.0000,-48167.0,-48167.00,-7.64,"[so 13.38%/2330.44/17419.65]",0,02:00:15:29,0.0,0s,48553.0,0.00,0.0,0.0,-48553.0,-48553.0,0.0,0.8,-48167.00,-48167.00
,300442896,17/03/2026 08:54,19/03/2026 15:47,XAUUSD,Buy,1.000,0.00000,0.00000,5024.89000,4539.76000,0.0000,0.0000,-48513.0,-48513.00,-7.15,"[so 12.65%/2330.44/18424.62]",0,02:06:53:09,0.4,13m,49129.0,212.77,230.0,230.0,-48899.0,-48899.0,0.5,0.8,-48743.00,-48743.00
,300080067,18/03/2026 13:35,19/03/2026 15:47,XAUUSD,Buy,1.000,0.00000,0.00000,4969.22000,4539.76000,0.0000,0.0000,-42946.0,-42946.00,-5.95,"[so 18.77%/2330.44/12416.91]",0,01:02:12:19,0.0,0s,43332.0,0.00,0.0,0.0,-43332.0,-43332.0,0.0,0.9,-42946.00,-42946.00
,298984491,13/03/2026 20:36,19/03/2026 15:47,XAUUSD,Buy,1.000,0.00000,0.00000,5062.33000,4539.76000,0.0000,0.0000,-52257.0,-52257.00,-6.75,"[so 10.45%/2242.44/21457.81]",0,05:19:11:04,0.0,0s,52329.0,0.00,0.0,0.0,-52329.0,-52329.0,0.0,0.1,-52257.00,-52257.00
,298846792,13/03/2026 17:56,19/03/2026 15:47,XAUUSD,Buy,1.000,0.00000,0.00000,5045.17000,4539.76000,0.0000,0.0000,-50541.0,-50541.00,-6.13,"[so 11.99%/2330.44/19433.66]",0,05:21:51:35,0.2,17m,50729.0,454.55,116.0,116.0,-50613.0,-50613.0,0.2,0.1,-50657.00,-50657.00
,298715376,13/03/2026 17:53,19/03/2026 15:47,XAUUSD,Buy,1.000,0.00000,0.00000,5058.44000,4539.76000,0.0000,0.0000,-51868.0,-51868.00,-5.92,"[so 10.99%/2246.44/20445.35]",0,05:21:54:07,0.0,0s,51940.0,0.00,0.0,0.0,-51940.0,-51940.0,0.0,0.1,-51868.00,-51868.00
,298408402,13/03/2026 05:02,19/03/2026 15:47,XAUUSD,Buy,1.000,0.00000,0.00000,5126.56000,4539.72000,0.0000,0.0000,-58684.0,-58684.00,-6.28,"[so 9.97%/2242.44/22483.12]",0,06:10:45:55,0.0,0s,58752.0,0.00,0.0,0.0,-58752.0,-58752.0,0.0,0.1,-58684.00,-58684.00
,298048722,12/03/2026 17:38,19/03/2026 15:47,XAUUSD,Buy,1.000,0.00000,0.00000,5141.09000,4539.72000,0.0000,0.0000,-60137.0,-60137.00,-6.04,"[so 9.54%/2242.44/23511.34]",0,06:22:09:38,0.0,0s,60205.0,0.00,0.0,0.0,-60205.0,-60205.0,0.0,0.1,-60137.00,-60137.00
,298004116,12/03/2026 16:56,19/03/2026 15:47,XAUUSD,Buy,1.000,0.00000,0.00000,5146.39000,4539.72000,0.0000,0.0000,-60667.0,-60667.00,-5.75,"[so 9.14%/2242.44/24540.62]",0,06:22:51:38,0.0,0s,60735.0,0.00,0.0,0.0,-60735.0,-60735.0,0.0,0.1,-60667.00,-60667.00
,297959894,12/03/2026 16:23,19/03/2026 15:47,XAUUSD,Buy,1.000,0.00000,0.00000,5164.26000,4539.72000,0.0000,0.0000,-62454.0,-62454.00,-5.58,"[so 7.86%/2242.44/28542.39]",0,06:23:24:46,0.0,0s,62522.0,0.00,0.0,0.0,-62522.0,-62522.0,0.0,0.1,-62454.00,-62454.00
,297911527,12/03/2026 16:45,19/03/2026 15:47,XAUUSD,Buy,1.000,0.00000,0.00000,5155.45000,4539.72000,0.0000,0.0000,-61573.0,-61573.00,-5.22,"[so 8.15%/2242.44/27509.53]",0,06:23:02:00,0.0,0s,61641.0,0.00,0.0,0.0,-61641.0,-61641.0,0.0,0.1,-61573.00,-61573.00
,297767822,12/03/2026 11:01,19/03/2026 15:47,XAUUSD,Buy,1.000,0.00000,0.00000,5186.98000,4539.72000,0.0000,0.0000,-64726.0,-64726.00,-5.20,"[so 7.08%/2242.44/31653.00]",0,07:04:46:40,0.0,0s,64794.0,0.00,0.0,0.0,-64794.0,-64794.0,0.0,0.1,-64726.00,-64726.00
,297338012,11/03/2026 20:08,19/03/2026 15:47,XAUUSD,Buy,1.000,0.00000,0.00000,5179.76000,4539.72000,0.0000,0.0000,-64004.0,-64004.00,-4.89,"[so 7.58%/2242.44/29578.34]",0,07:19:39:20,1.8,3h 22m,64925.0,75.19,853.0,853.0,-64072.0,-64072.0,1.3,0.1,-64857.00,-64857.00
,297220939,11/03/2026 17:34,19/03/2026 15:47,XAUUSD,Buy,1.000,0.00000,0.00000,5186.32000,4539.72000,0.0000,0.0000,-64660.0,-64660.00,-4.71,"[so 7.32%/2242.44/30615.60]",0,07:22:13:03,0.3,34m,64925.0,333.33,197.0,197.0,-64728.0,-64728.0,0.3,0.1,-64857.00,-64857.00
,297205010,11/03/2026 17:14,19/03/2026 15:47,XAUUSD,Buy,1.000,0.00000,0.00000,5190.34000,4539.72000,0.0000,0.0000,-65062.0,-65062.00,-4.52,"[so 6.86%/2242.44/32691.07]",0,07:22:32:58,0.0,0s,65130.0,0.00,0.0,0.0,-65130.0,-65130.0,0.0,0.1,-65062.00,-65062.00
,296826424,11/03/2026 08:38,19/03/2026 15:47,XAUUSD,Buy,1.000,0.00000,0.00000,5202.98000,4539.72000,0.0000,0.0000,-66326.0,-66326.00,-4.41,"[so 6.65%/2242.44/33731.66]",0,08:07:09:41,0.0,0s,66394.0,0.00,0.0,0.0,-66394.0,-66394.0,0.0,0.1,-66326.00,-66326.00
,296747899,11/03/2026 05:52,19/03/2026 15:47,XAUUSD,Buy,1.000,0.00000,0.00000,5217.96000,4539.72000,0.0000,0.0000,-67824.0,-67824.00,-4.31,"[so 6.45%/2242.44/34775.25]",0,08:09:55:01,0.0,0s,67892.0,0.00,0.0,0.0,-67892.0,-67892.0,0.0,0.1,-67824.00,-67824.00
,301361227,18/03/2026 10:01,19/03/2026 15:47,XAUUSD,Buy,5.000,0.00000,0.00000,5011.52000,4541.30000,0.0000,0.0000,-47022.0,-235110.00,-13.01,"[so 19.38%/8088.44/41745.84]",0,01:05:46:22,0.0,0s,47562.0,0.00,0.0,0.0,-47562.0,-237810.0,0.0,1.1,-47022.00,-235110.00
,292730279,19/03/2026 15:17,,,Deposit,0.000,0.00000,0.00000,0.00000,0.00000,0.0000,0.0000,0.0,180000.00,0,"Deposit-TH-QR-CPS-APP",0,00:00:00:00,,,,,,,,,,,,
,302718633,19/03/2026 14:42,19/03/2026 14:53,XAUUSD,Sell,5.000,0.00000,0.00000,4663.50000,4653.88000,0.0000,0.0000,962.0,4810.00,0.30,"",0,00:00:11:14,100.0,11m,4796.0,0.00,5758.0,28790.0,0.0,0.0,100.0,16.7,-4796.00,-23980.00
,292698028,19/03/2026 14:51,,,Deposit,0.000,0.00000,0.00000,0.00000,0.00000,0.0000,0.0000,0.0,90000.00,0,"Deposit-TH-QR-CPS-APP",0,00:00:00:00,,,,,,,,,,,,
,302699942,19/03/2026 14:12,19/03/2026 14:22,XAUUSD,Sell,5.000,0.00000,0.00000,4692.65000,4691.40000,0.0000,0.0000,125.0,625.00,0.04,"",0,00:00:10:15,100.0,10m,8647.0,0.00,8772.0,43860.0,0.0,0.0,100.0,1.4,-8647.00,-43235.00
,302670693,19/03/2026 13:53,19/03/2026 14:01,XAUUSD,Sell,5.000,4690.54000,0.00000,4668.88000,4690.96000,0.0000,0.0000,-2208.0,-11040.00,-0.72,"[sl 4690.54]",0,00:00:07:32,87.5,6m,9190.0,0.32,6982.0,34910.0,-2208.0,-11040.0,76.0,0.0,-9190.00,-45950.00
,302662654,19/03/2026 13:21,19/03/2026 13:24,XAUUSD,Sell,5.000,0.00000,0.00000,4681.02000,4685.56000,0.0000,0.0000,-454.0,-2270.00,-0.15,"",0,00:00:02:47,,,,,,,,,,,,
,302637225,19/03/2026 13:20,19/03/2026 13:21,XAUUSD,Sell,5.000,0.00000,0.00000,4681.96000,4680.22000,0.0000,0.0000,174.0,870.00,0.06,"",0,00:00:00:52,,,,,,,,,,,,
,302592812,19/03/2026 12:08,19/03/2026 12:22,XAUUSD,Sell,5.000,4718.41000,0.00000,4696.64000,4718.91000,0.0000,0.0000,-2227.0,-11135.00,-0.72,"[sl 4718.41]",0,00:00:13:31,92.9,12m,10680.0,0.26,8453.0,42265.0,-2227.0,-11135.0,79.1,0.0,-10680.00,-53400.00
,292553910,19/03/2026 11:44,,,Deposit,0.000,0.00000,0.00000,0.00000,0.00000,0.0000,0.0000,0.0,180000.00,0,"Deposit-TH-QR-CPS-APP",0,00:00:00:00,,,,,,,,,,,,
,302506984,19/03/2026 10:57,19/03/2026 11:05,XAUUSD,Sell,5.000,0.00000,4723.03000,4737.02000,4722.15000,0.0000,0.0000,1487.0,7435.00,0.54,"[tp 4723.03]",0,00:00:07:59,100.0,7m,4310.0,0.00,5797.0,28985.0,0.0,0.0,100.0,25.7,-4310.00,-21550.00
,292493986,19/03/2026 10:57,,,Deposit,0.000,0.00000,0.00000,0.00000,0.00000,0.0000,0.0000,0.0,180000.00,0,"Deposit-TH-QR-CPS-APP",0,00:00:00:00,,,,,,,,,,,,
,302491895,19/03/2026 10:44,19/03/2026 10:53,XAUUSD,Sell,5.000,0.00000,0.00000,4744.74000,4750.16000,0.0000,0.0000,-542.0,-2710.00,-0.23,"",0,00:00:09:49,0.0,0s,542.0,555.56,0.0,0.0,-542.0,-2710.0,0.0,0.0,-542.00,-2710.00
,302422785,19/03/2026 09:49,19/03/2026 10:08,XAUUSD,Sell,5.000,4778.53000,0.00000,4762.67000,4779.09000,0.0000,0.0000,-1642.0,-8210.00,-0.68,"[sl 4778.53]",0,00:00:19:15,0.0,0s,1642.0,1666.67,0.0,0.0,-1642.0,-8210.0,0.0,0.0,-1642.00,-8210.00
,302386458,19/03/2026 09:35,19/03/2026 09:46,XAUUSD,Sell,5.000,0.00000,0.00000,4800.04000,4777.20000,0.0000,0.0000,2284.0,11420.00,0.96,"",0,00:00:10:25,9.1,56s,0.0,0.00,2284.0,11420.0,0.0,0.0,100.0,100.0,0.00,0.00
,302356102,19/03/2026 09:09,19/03/2026 09:35,XAUUSD,Sell,2.000,0.00000,4802.33000,4833.45000,4802.00000,0.0000,0.0000,3145.0,6290.00,0.53,"[tp 4802.33]",0,00:00:25:42,3.9,1m,0.0,0.00,3145.0,6290.0,0.0,0.0,100.0,100.0,0.00,0.00
,292085003,19/03/2026 00:01,,,Deposit,0.000,0.00000,0.00000,0.00000,0.00000,0.0000,0.0000,0.0,180000.00,0,"Deposit-TH-QR-CPS-APP",0,00:00:00:00,,,,,,,,,,,,
,302075604,18/03/2026 23:28,18/03/2026 23:48,XAUUSD,Sell,2.000,0.00000,0.00000,4810.84000,4825.34000,0.0000,0.0000,-1450.0,-2900.00,-0.29,"",0,00:00:20:31,0.0,0s,1450.0,1666.67,0.0,0.0,-1450.0,-2900.0,0.0,0.0,-1450.00,-2900.00
,302080261,18/03/2026 23:36,18/03/2026 23:48,XAUUSD,Sell,20.000,4825.36000,0.00000,4813.73000,4826.03000,0.0000,0.0000,-1230.0,-24600.00,-2.39,"[sl 4825.36]",0,00:00:12:54,0.0,0s,1230.0,1250.00,0.0,0.0,-1230.0,-24600.0,0.0,0.0,-1230.00,-24600.00
,302075751,18/03/2026 23:28,18/03/2026 23:48,XAUUSD,Sell,2.000,4825.34000,0.00000,4811.75000,4825.48000,0.0000,0.0000,-1373.0,-2746.00,-0.27,"[sl 4825.34]",0,00:00:20:24,0.0,0s,1373.0,1428.57,0.0,0.0,-1373.0,-2746.0,0.0,0.0,-1373.00,-2746.00
,302076151,18/03/2026 23:28,18/03/2026 23:48,XAUUSD,Sell,20.000,4824.89000,0.00000,4810.71000,4825.65000,0.0000,0.0000,-1494.0,-29880.00,-2.81,"[sl 4824.89]",0,00:00:20:00,0.0,0s,1494.0,1666.67,0.0,0.0,-1494.0,-29880.0,0.0,0.0,-1494.00,-29880.00
,302081487,18/03/2026 23:38,18/03/2026 23:38,XAUUSD,Sell,20.000,0.00000,0.00000,4818.99000,4820.11000,0.0000,0.0000,-112.0,-2240.00,-0.21,"",0,00:00:00:29,,,,,,,,,,,,
,302056295,18/03/2026 22:56,18/03/2026 23:19,XAUUSD,Sell,5.000,0.00000,0.00000,4841.01000,4841.53400,0.0000,0.0000,-52.4,-262.00,-0.02,"",0,00:00:22:47,0.0,0s,52.4,52.63,0.0,0.0,-52.4,-262.0,0.0,0.0,-52.40,-262.00
,301670763,18/03/2026 15:10,18/03/2026 23:17,XAUUSD,Buy,1.000,0.00000,0.00000,4910.03000,4841.01000,0.0000,0.0000,-6902.0,0.00,0.00,"#302056295 by #301670763",0,00:08:06:49,0.0,0s,10072.0,0.00,0.0,0.0,-10072.0,-0.0,0.0,31.5,-6902.00,0.00
,302065007,18/03/2026 23:13,18/03/2026 23:16,XAUUSD,Sell,7.000,0.00000,4820.56000,4835.65000,4820.37000,0.0000,0.0000,1528.0,10696.00,1.02,"[tp 4820.56]",0,00:00:03:19,,,,,,,,,,,,
,291928240,18/03/2026 18:14,,,Deposit,0.000,0.00000,0.00000,0.00000,0.00000,0.0000,0.0000,0.0,190000.00,0,"Transfer In from 24664300",0,00:00:00:00,,,,,,,,,,,,
,291752048,18/03/2026 15:37,,,Deposit,0.000,0.00000,0.00000,0.00000,0.00000,0.0000,0.0000,0.0,180000.00,0,"Deposit-TH-QR-CPS-APP",0,00:00:00:00,,,,,,,,,,,,
,291689624,18/03/2026 14:56,,,Deposit,0.000,0.00000,0.00000,0.00000,0.00000,0.0000,0.0000,0.0,180000.00,0,"Deposit-TH-QR-CPS-APP",0,00:00:00:00,,,,,,,,,,,,
,299681569,16/03/2026 12:06,18/03/2026 13:36,XAUUSD,Sell,1.000,0.00000,0.00000,4984.92000,4964.94000,0.0000,0.0000,1998.0,1998.00,0.40,"",0,02:01:29:13,8.3,4h 6m,11384.0,0.42,13382.0,13382.0,-5569.0,-5569.0,70.6,39.9,-11384.00,-11384.00
,299728549,16/03/2026 13:14,18/03/2026 13:35,XAUUSD,Sell,1.000,0.00000,4971.90000,4978.34000,4972.10000,0.0000,0.0000,624.0,624.00,0.12,"[tp 4971.90]",0,02:00:21:19,6.8,3h 17m,12100.0,0.49,12724.0,12724.0,-6227.0,-6227.0,67.1,36.2,-12100.00,-12100.00
,299708216,16/03/2026 12:48,18/03/2026 13:35,XAUUSD,Sell,1.000,0.00000,4971.90000,4978.42000,4972.10000,0.0000,0.0000,632.0,632.00,0.13,"[tp 4971.90]",0,02:00:47:22,6.7,3h 16m,12100.0,0.49,12732.0,12732.0,-6219.0,-6219.0,67.2,36.2,-12100.00,-12100.00
,301482670,18/03/2026 12:39,18/03/2026 13:06,XAUUSD,Sell,1.000,0.00000,0.00000,4995.29000,4988.73000,0.0000,0.0000,656.0,656.00,0.13,"",0,00:00:27:02,100.0,27m,13223.0,0.00,13879.0,13879.0,0.0,0.0,100.0,4.7,-13223.00,-13223.00
,301444252,18/03/2026 11:45,18/03/2026 12:37,XAUUSD,Buy,1.000,0.00000,0.00000,4981.46000,4995.28000,0.0000,0.0000,1382.0,1382.00,0.28,"",0,00:00:52:07,2.0,1m,9985.0,7.23,1382.0,1382.0,-9985.0,-9985.0,12.2,100.0,0.00,0.00
,299990014,16/03/2026 17:48,18/03/2026 11:22,XAUUSD,Sell,1.000,0.00000,0.00000,4994.10000,4984.78000,0.0000,0.0000,932.0,932.00,0.19,"",0,01:17:34:03,14.7,6h 6m,4924.0,1.26,3691.0,3691.0,-4651.0,-4651.0,44.2,66.9,-2759.00,-2759.00
,301359580,18/03/2026 09:58,18/03/2026 10:26,XAUUSD,Sell,1.000,0.00000,0.00000,5008.87000,5007.54000,0.0000,0.0000,133.0,133.00,0.03,"",0,00:00:28:18,100.0,28m,2150.0,0.00,2283.0,2283.0,0.0,0.0,100.0,5.8,-2150.00,-2150.00
,300880727,17/03/2026 18:29,18/03/2026 09:58,XAUUSD,Buy,1.000,0.00000,0.00000,4994.19000,5008.87000,0.0000,0.0000,1468.0,1468.00,0.30,"",0,00:15:28:33,73.7,11h 24m,2991.0,0.59,1902.0,1902.0,-1125.0,-1125.0,62.8,85.7,-434.00,-434.00
,301232892,18/03/2026 07:03,18/03/2026 09:58,XAUUSD,Buy,1.000,0.00000,0.00000,4990.61000,5008.91000,0.0000,0.0000,1830.0,1830.00,0.37,"",0,00:02:55:02,67.5,1h 58m,3192.0,0.33,2408.0,2408.0,-784.0,-784.0,75.4,81.9,-578.00,-578.00
,301247304,18/03/2026 07:36,18/03/2026 09:58,XAUUSD,Buy,10.000,0.00000,0.00000,4984.52000,5008.90000,0.0000,0.0000,2438.0,24380.00,5.19,"",0,00:02:21:47,97.9,2h 18m,2436.0,0.07,2438.0,24380.0,-175.0,-1750.0,93.3,100.0,0.00,0.00
,301221859,18/03/2026 06:40,18/03/2026 07:36,XAUUSD,Buy,10.000,4984.78000,0.00000,4995.11000,4984.93000,0.0000,0.0000,-1018.0,-10180.00,-2.12,"[sl 4984.78]",0,00:00:55:47,98.3,54m,2976.0,0.52,1958.0,19580.0,-1018.0,-10180.0,65.8,0.0,-2976.00,-29760.00
,290976038,17/03/2026 17:07,,,Withdrawal,0.000,0.00000,0.00000,0.00000,0.00000,0.0000,0.0000,0.0,-50000.00,0,"Withdraw-TH-CPS",0,00:00:00:00,,,,,,,,,,,,
,300456405,17/03/2026 09:02,17/03/2026 16:35,XAUUSD,Buy,1.000,0.00000,0.00000,5011.57000,5023.43000,0.0000,0.0000,1186.0,1186.00,0.22,"",0,00:07:32:11,40.7,3h 4m,4508.0,1.89,1562.0,1562.0,-2946.0,-2946.0,34.6,91.7,-376.00,-376.00
,300706135,17/03/2026 15:28,17/03/2026 15:49,XAUUSD,Sell,1.000,0.00000,0.00000,5019.24000,5011.38000,0.0000,0.0000,786.0,786.00,0.15,"",0,00:00:20:49,100.0,20m,2927.0,0.00,3713.0,3713.0,0.0,0.0,100.0,21.2,-2927.00,-2927.00
,300622004,17/03/2026 13:08,17/03/2026 15:28,XAUUSD,Buy,1.000,0.00000,0.00000,5002.77000,5018.68000,0.0000,0.0000,1591.0,1591.00,0.30,"",0,00:02:19:22,96.5,2h 14m,3220.0,0.32,2442.0,2442.0,-778.0,-778.0,75.8,73.6,-851.00,-851.00
,300645839,17/03/2026 13:43,17/03/2026 15:28,XAUUSD,Buy,1.000,0.00000,0.00000,4993.79000,5018.71000,0.0000,0.0000,2492.0,2492.00,0.48,"",0,00:01:44:48,100.0,1h 44m,2362.0,0.00,2492.0,2492.0,0.0,0.0,100.0,100.0,0.00,0.00
,300469062,17/03/2026 09:11,17/03/2026 13:08,XAUUSD,Sell,1.000,0.00000,0.00000,5011.25000,5002.58000,0.0000,0.0000,867.0,867.00,0.17,"",0,00:03:57:05,61.8,2h 26m,2274.0,0.77,1283.0,1283.0,-991.0,-991.0,56.4,81.7,-416.00,-416.00
,300444100,17/03/2026 08:55,17/03/2026 09:01,XAUUSD,Sell,1.000,0.00000,5013.89000,5023.93000,5012.55000,0.0000,0.0000,1138.0,1138.00,0.22,"[tp 5013.89]",0,00:00:05:55,,,,,,,,,,,,
,300329281,17/03/2026 04:56,17/03/2026 08:54,XAUUSD,Sell,1.000,0.00000,0.00000,5026.73000,5024.84000,0.0000,0.0000,189.0,189.00,0.04,"",0,00:03:58:21,78.8,3h 7m,1956.0,0.72,1934.0,1934.0,-1388.0,-1388.0,58.2,47.5,-1745.00,-1745.00
,300393779,17/03/2026 07:44,17/03/2026 08:54,XAUUSD,Sell,10.000,0.00000,0.00000,5040.92000,5024.56000,0.0000,0.0000,1636.0,16360.00,3.24,"",0,00:01:09:52,100.0,1h 9m,608.0,0.00,2083.0,20830.0,0.0,0.0,100.0,78.5,-447.00,-4470.00
,299836680,16/03/2026 15:35,17/03/2026 07:45,XAUUSD,Buy,1.000,0.00000,0.00000,5022.74000,5039.83000,0.0000,0.0000,1709.0,1709.00,0.34,"",0,00:16:10:30,34.5,5h 34m,4618.0,2.70,1709.0,1709.0,-4618.0,-4618.0,27.0,100.0,0.00,0.00
,299861081,16/03/2026 16:15,17/03/2026 07:44,XAUUSD,Buy,1.000,0.00000,5041.19000,5024.92000,5040.72000,0.0000,0.0000,1580.0,1580.00,0.31,"[tp 5041.19]",0,00:15:29:20,32.8,5h 4m,4836.0,3.06,1580.0,1580.0,-4836.0,-4836.0,24.6,100.0,0.00,0.00
,299042262,13/03/2026 23:47,17/03/2026 07:44,XAUUSD,Buy,1.000,0.00000,5041.39000,5023.01000,5040.08000,0.0000,0.0000,1707.0,1707.00,0.34,"[tp 5041.39]",0,03:07:56:57,10.1,8h 4m,5978.0,2.86,1707.0,1707.0,-4874.0,-4874.0,25.9,100.0,0.00,0.00
,300369527,17/03/2026 06:25,17/03/2026 07:25,XAUUSD,Sell,10.000,0.00000,0.00000,5030.34000,5028.92000,0.0000,0.0000,142.0,1420.00,0.28,"",0,00:01:00:54,1.7,1m,0.0,0.01,142.0,1420.0,0.0,0.0,100.0,100.0,0.00,0.00
,299979558,16/03/2026 17:44,17/03/2026 04:56,XAUUSD,Buy,1.000,0.00000,0.00000,5001.12000,5026.14000,0.0000,0.0000,2502.0,2502.00,0.50,"",0,00:11:11:28,92.2,10h 19m,2322.0,0.43,3868.0,3868.0,-1663.0,-1663.0,69.9,75.3,-1366.00,-1366.00
,299604726,16/03/2026 10:41,16/03/2026 18:30,XAUUSD,Sell,1.000,0.00000,0.00000,4995.04000,4994.36000,0.0000,0.0000,68.0,68.00,0.01,"",0,00:07:49:26,26.9,2h 6m,5454.0,2.30,1848.0,1848.0,-4254.0,-4254.0,30.3,70.8,-1780.00,-1780.00
,299822617,16/03/2026 15:19,16/03/2026 17:44,XAUUSD,Sell,1.000,0.00000,0.00000,5013.44000,5001.01000,0.0000,0.0000,1243.0,1243.00,0.25,"",0,00:02:24:58,100.0,2h 24m,2567.0,0.00,3688.0,3688.0,0.0,0.0,100.0,33.7,-2445.00,-2445.00
,299835161,16/03/2026 15:32,16/03/2026 17:44,XAUUSD,Sell,1.000,0.00000,5000.76000,5021.79000,5000.85000,0.0000,0.0000,2094.0,2094.00,0.43,"[tp 5000.76]",0,00:02:11:43,100.0,2h 11m,2567.0,0.00,4523.0,4523.0,0.0,0.0,100.0,46.3,-2429.00,-2429.00
,299798891,16/03/2026 14:54,16/03/2026 15:19,XAUUSD,Buy,1.000,0.00000,0.00000,5000.13000,5013.38000,0.0000,0.0000,1325.0,1325.00,0.27,"",0,00:00:25:54,20.0,5m,806.0,0.61,1325.0,1325.0,-806.0,-806.0,62.2,100.0,0.00,0.00
,299779111,16/03/2026 14:23,16/03/2026 14:54,XAUUSD,Sell,1.000,0.00000,0.00000,5018.24000,5000.73000,0.0000,0.0000,1751.0,1751.00,0.36,"",0,00:00:30:31,93.6,28m,843.0,0.10,2594.0,2594.0,-249.0,-249.0,91.2,70.3,-843.00,-843.00
,299430050,16/03/2026 10:28,16/03/2026 14:23,XAUUSD,Buy,1.000,0.00000,0.00000,4999.45000,5018.37000,0.0000,0.0000,1892.0,1892.00,0.39,"",0,00:03:55:21,79.2,3h 6m,2634.0,0.48,3813.0,3813.0,-1824.0,-1824.0,67.6,65.9,-1921.00,-1921.00
,299742741,16/03/2026 13:36,16/03/2026 14:02,XAUUSD,Buy,1.000,0.00000,0.00000,4986.98000,4998.52000,0.0000,0.0000,1154.0,1154.00,0.24,"",0,00:00:25:28,100.0,25m,3514.0,0.00,4668.0,4668.0,0.0,0.0,100.0,24.7,-3514.00,-3514.00
,299340854,16/03/2026 04:30,16/03/2026 04:55,XAUUSD,Buy,1.000,0.00000,0.00000,4988.97000,5012.96000,0.0000,0.0000,2399.0,2399.00,0.50,"",0,00:00:25:39,100.0,25m,1116.0,0.00,3515.0,3515.0,0.0,0.0,100.0,68.3,-1116.00,-1116.00
,299332285,16/03/2026 04:23,16/03/2026 04:30,XAUUSD,Sell,1.000,0.00000,0.00000,4998.11000,4988.78000,0.0000,0.0000,933.0,933.00,0.19,"",0,00:00:06:35,14.3,56s,2469.0,2.65,933.0,933.0,-2469.0,-2469.0,27.4,100.0,0.00,0.00
,299265273,16/03/2026 03:06,16/03/2026 04:23,XAUUSD,Sell,1.000,0.00000,0.00000,5023.26000,4998.75000,0.0000,0.0000,2451.0,2451.00,0.51,"",0,00:01:17:11,78.0,1h 0m,2679.0,0.10,2451.0,2451.0,-241.0,-241.0,91.0,100.0,0.00,0.00
,291070181,16/03/2026 01:21,16/03/2026 03:06,XAUUSD,Buy,1.000,0.00000,0.00000,5003.78000,5022.76000,0.0000,0.0000,1898.0,1898.00,0.40,"",0,00:01:44:34,61.0,1h 3m,1796.0,0.92,1898.0,1898.0,-1753.0,-1753.0,52.0,100.0,0.00,0.00
,293170653,16/03/2026 02:23,16/03/2026 03:06,XAUUSD,Buy,1.000,0.00000,0.00000,4969.34000,5024.39000,0.0000,0.0000,5505.0,5505.00,1.16,"",0,00:00:42:42,100.0,42m,1334.0,0.00,5505.0,5505.0,0.0,0.0,100.0,100.0,0.00,0.00
,299042292,13/03/2026 23:48,16/03/2026 02:31,XAUUSD,Sell,1.000,0.00000,0.00000,5021.72000,4991.85000,0.0000,0.0000,2987.0,2987.00,0.64,"",0,02:02:43:08,7.2,3h 39m,5612.0,0.19,4700.0,4700.0,-912.0,-912.0,83.7,69.5,-1713.00,-1713.00
,299009279,13/03/2026 21:29,13/03/2026 23:48,XAUUSD,Sell,1.000,0.00000,0.00000,5040.53000,5023.15000,0.0000,0.0000,1738.0,1738.00,0.37,"",0,00:02:18:54,,,,,,,,,,,,
,298994854,13/03/2026 20:52,13/03/2026 23:47,XAUUSD,Sell,1.000,0.00000,0.00000,5047.49000,5022.71000,0.0000,0.0000,2478.0,2478.00,0.53,"",0,00:02:55:40,100.0,2h 55m,276.0,0.00,3152.0,3152.0,0.0,0.0,100.0,78.6,-674.00,-674.00
,298984369,13/03/2026 20:36,13/03/2026 23:47,XAUUSD,Sell,1.000,0.00000,0.00000,5061.16000,5022.64000,0.0000,0.0000,3852.0,3852.00,0.83,"",0,00:03:11:08,100.0,3h 11m,649.0,0.00,4519.0,4519.0,0.0,0.0,100.0,85.2,-667.00,-667.00
,298923964,13/03/2026 19:00,13/03/2026 20:36,XAUUSD,Sell,1.000,0.00000,0.00000,5032.01000,5061.00000,0.0000,0.0000,-2899.0,-2899.00,-0.62,"",0,00:01:36:28,0.0,0s,2899.0,3333.33,0.0,0.0,-2899.0,-2899.0,0.0,0.0,-2899.00,-2899.00
,298580335,13/03/2026 10:54,13/03/2026 17:55,XAUUSD,Sell,2.000,0.00000,5047.62000,5085.71000,5047.08000,0.0000,0.0000,3863.0,7726.00,1.69,"[tp 5047.62]",0,00:07:01:27,48.0,3h 22m,3603.0,0.60,5866.0,11732.0,-3523.0,-7046.0,62.5,78.7,-2003.00,-4006.00
,298786269,13/03/2026 17:02,13/03/2026 17:53,XAUUSD,Sell,1.000,0.00000,5058.81000,5100.41000,5058.65000,0.0000,0.0000,4176.0,4176.00,0.92,"[tp 5058.81]",0,00:00:50:57,100.0,50m,1845.0,0.00,5578.0,5578.0,0.0,0.0,100.0,74.9,-1402.00,-1402.00
,298704921,13/03/2026 15:01,13/03/2026 17:53,XAUUSD,Sell,1.000,0.00000,5059.05000,5115.39000,5059.28000,0.0000,0.0000,5611.0,5611.00,1.25,"[tp 5059.05]",0,00:02:51:26,100.0,2h 51m,3603.0,0.00,8834.0,8834.0,0.0,0.0,100.0,63.5,-3223.00,-3223.00
,298472934,13/03/2026 08:09,13/03/2026 15:01,XAUUSD,Buy,1.000,0.00000,0.00000,5105.85000,5116.88000,0.0000,0.0000,1103.0,1103.00,0.25,"",0,00:06:52:27,26.7,1h 50m,8295.0,4.50,1509.0,1509.0,-6786.0,-6786.0,18.2,95.1,-406.00,-406.00
,298514522,13/03/2026 09:26,13/03/2026 15:01,XAUUSD,Buy,1.000,0.00000,0.00000,5093.06000,5114.51000,0.0000,0.0000,2145.0,2145.00,0.48,"",0,00:05:34:39,59.8,3h 20m,8295.0,1.98,2788.0,2788.0,-5507.0,-5507.0,33.6,92.2,-643.00,-643.00
,298470041,13/03/2026 10:19,13/03/2026 10:54,XAUUSD,Buy,1.000,0.00000,0.00000,5077.01000,5084.16000,0.0000,0.0000,715.0,715.00,0.16,"",0,00:00:35:21,100.0,35m,1039.0,0.00,1603.0,1603.0,0.0,0.0,100.0,44.6,-888.00,-888.00
,298550537,13/03/2026 10:15,13/03/2026 10:19,XAUUSD,Sell,1.000,0.00000,5077.32000,5086.52000,5077.01000,0.0000,0.0000,951.0,951.00,0.21,"[tp 5077.32]",0,00:00:03:44,,,,,,,,,,,,
,298472950,13/03/2026 08:09,13/03/2026 09:26,XAUUSD,Sell,1.000,0.00000,0.00000,5105.78000,5093.56000,0.0000,0.0000,1222.0,1222.00,0.28,"",0,00:01:17:34,100.0,1h 17m,3135.0,0.00,4131.0,4131.0,0.0,0.0,100.0,29.6,-2909.00,-2909.00
,298408453,13/03/2026 05:02,13/03/2026 05:49,XAUUSD,Sell,1.000,0.00000,0.00000,5126.28000,5114.54000,0.0000,0.0000,1174.0,1174.00,0.27,"",0,00:00:47:20,2.2,1m,0.0,0.00,1174.0,1174.0,0.0,0.0,100.0,100.0,0.00,0.00
,298153189,12/03/2026 19:13,13/03/2026 05:01,XAUUSD,Buy,1.000,0.00000,0.00000,5125.37000,5127.34000,0.0000,0.0000,197.0,197.00,0.04,"",0,00:09:48:41,0.9,5m,6923.0,25.00,277.0,277.0,-6923.0,-6923.0,3.8,98.9,-80.00,-80.00
,296591554,12/03/2026 20:55,13/03/2026 05:01,XAUUSD,Buy,1.000,0.00000,0.00000,5104.31000,5127.34000,0.0000,0.0000,2303.0,2303.00,0.53,"",0,00:08:06:20,59.9,4h 51m,2899.0,1.22,2383.0,2383.0,-2899.0,-2899.0,45.1,98.5,-80.00,-80.00
,295246334,12/03/2026 23:30,13/03/2026 05:01,XAUUSD,Buy,1.000,0.00000,0.00000,5055.86000,5127.34000,0.0000,0.0000,7148.0,7148.00,1.66,"",0,00:05:31:08,100.0,5h 31m,2018.0,0.00,7228.0,7228.0,0.0,0.0,100.0,98.9,-80.00,-80.00
,298146710,12/03/2026 20:16,13/03/2026 05:01,XAUUSD,Buy,1.000,0.00000,0.00000,5115.84000,5127.35000,0.0000,0.0000,1151.0,1151.00,0.27,"",0,00:08:45:13,18.7,1h 38m,5970.0,4.85,1230.0,1230.0,-5970.0,-5970.0,17.1,98.9,-79.00,-79.00
,298096353,12/03/2026 18:12,12/03/2026 23:39,XAUUSD,Sell,1.000,0.00000,0.00000,5116.37000,5071.78000,0.0000,0.0000,4459.0,4459.00,1.05,"",0,00:05:26:56,100.0,5h 26m,2466.0,0.00,6023.0,6023.0,0.0,0.0,100.0,74.0,-1564.00,-1564.00
,294866756,09/03/2026 07:49,12/03/2026 23:30,XAUUSD,Sell,1.000,0.00000,5057.37000,5089.27000,5056.08000,0.0000,0.0000,3319.0,3319.00,0.79,"[tp 5057.37]",0,03:15:40:46,6.8,5h 57m,16423.0,4.41,3319.0,3319.0,-14630.0,-14630.0,18.5,100.0,0.00,0.00
,297646214,12/03/2026 18:11,12/03/2026 19:06,XAUUSD,Buy,1.000,0.00000,0.00000,5118.02000,5133.59000,0.0000,0.0000,1557.0,1557.00,0.37,"",0,00:00:55:37,1.9,1m,3186.0,2.05,1557.0,1557.0,-3186.0,-3186.0,32.8,100.0,0.00,0.00
,298051673,12/03/2026 17:41,12/03/2026 18:11,XAUUSD,Sell,1.000,0.00000,5122.90000,5143.32000,5118.17000,0.0000,0.0000,2515.0,2515.00,0.60,"[tp 5122.90]",0,00:00:29:48,100.0,29m,1413.0,0.00,3928.0,3928.0,0.0,0.0,100.0,64.0,-1413.00,-1413.00
,298002761,12/03/2026 16:55,12/03/2026 18:11,XAUUSD,Sell,1.000,0.00000,5122.98000,5148.58000,5118.17000,0.0000,0.0000,3041.0,3041.00,0.73,"[tp 5122.98]",0,00:01:15:20,100.0,1h 15m,1413.0,0.00,4454.0,4454.0,0.0,0.0,100.0,68.3,-1413.00,-1413.00
,297641551,12/03/2026 07:42,12/03/2026 18:11,XAUUSD,Sell,1.000,0.00000,5122.98000,5146.75000,5118.17000,0.0000,0.0000,2858.0,2858.00,0.69,"[tp 5122.98]",0,00:10:28:55,34.1,3h 34m,4393.0,1.03,4271.0,4271.0,-4393.0,-4393.0,49.3,83.7,-1413.00,-1413.00
,295619873,09/03/2026 22:27,12/03/2026 18:11,XAUUSD,Sell,1.000,0.00000,5123.21000,5138.30000,5118.27000,0.0000,0.0000,2003.0,2003.00,0.49,"[tp 5123.21]",0,02:19:43:58,7.1,4h 48m,10671.0,2.93,3322.0,3322.0,-9727.0,-9727.0,25.5,89.9,-1319.00,-1319.00
,297489947,12/03/2026 03:26,12/03/2026 17:38,XAUUSD,Sell,1.000,0.00000,0.00000,5153.79000,5141.22000,0.0000,0.0000,1257.0,1257.00,0.31,"",0,00:14:11:41,41.7,5h 55m,5252.0,2.36,1563.0,1563.0,-3689.0,-3689.0,29.8,94.2,-306.00,-306.00
,297722205,12/03/2026 09:44,12/03/2026 16:47,XAUUSD,Sell,1.000,0.00000,0.00000,5169.24000,5154.93000,0.0000,0.0000,1431.0,1431.00,0.35,"",0,00:07:02:44,50.2,3h 32m,2144.0,0.72,2971.0,2971.0,-2144.0,-2144.0,58.1,69.9,-1540.00,-1540.00
,297387147,12/03/2026 11:01,12/03/2026 16:23,XAUUSD,Sell,1.000,0.00000,0.00000,5189.66000,5168.85000,0.0000,0.0000,2081.0,2081.00,0.51,"",0,00:05:21:57,100.0,5h 21m,2932.0,0.00,5013.0,5013.0,0.0,0.0,100.0,41.5,-2932.00,-2932.00
,297757918,12/03/2026 10:47,12/03/2026 16:23,XAUUSD,Sell,1.000,0.00000,0.00000,5179.92000,5168.76000,0.0000,0.0000,1116.0,1116.00,0.28,"",0,00:05:36:18,85.2,4h 46m,2923.0,0.12,4039.0,4039.0,-498.0,-498.0,89.0,35.6,-2923.00,-2923.00
,297371421,11/03/2026 21:02,12/03/2026 10:46,XAUUSD,Buy,1.000,0.00000,0.00000,5170.32000,5183.36000,0.0000,0.0000,1304.0,1304.00,0.32,"",0,00:13:44:12,29.7,4h 4m,4693.0,2.18,1797.0,1797.0,-3923.0,-3923.0,31.4,91.4,-493.00,-493.00
,297357041,11/03/2026 20:37,12/03/2026 09:44,XAUUSD,Buy,1.000,0.00000,0.00000,5161.89000,5169.46000,0.0000,0.0000,757.0,757.00,0.19,"",0,00:13:06:38,47.2,6h 11m,4693.0,1.35,2280.0,2280.0,-3080.0,-3080.0,42.5,71.6,-1523.00,-1523.00
,297589496,12/03/2026 05:47,12/03/2026 09:44,XAUUSD,Buy,1.000,0.00000,0.00000,5151.58000,5169.14000,0.0000,0.0000,1756.0,1756.00,0.44,"",0,00:03:57:16,98.4,3h 53m,1916.0,0.11,3672.0,3672.0,-412.0,-412.0,89.9,53.1,-1916.00,-1916.00
,297232860,12/03/2026 01:56,12/03/2026 03:26,XAUUSD,Buy,1.000,0.00000,0.00000,5135.11000,5153.78000,0.0000,0.0000,1867.0,1867.00,0.47,"",0,00:01:30:10,100.0,1h 30m,2788.0,0.00,3920.0,3920.0,0.0,0.0,100.0,47.6,-2053.00,-2053.00
,297357451,11/03/2026 20:38,12/03/2026 03:11,XAUUSD,Sell,1.000,0.00000,0.00000,5159.16000,5137.63000,0.0000,0.0000,2153.0,2153.00,0.54,"",0,00:06:33:26,50.7,3h 19m,4296.0,0.67,2807.0,2807.0,-1886.0,-1886.0,59.8,86.1,-654.00,-654.00
,297357035,11/03/2026 20:37,12/03/2026 03:11,XAUUSD,Sell,1.000,0.00000,0.00000,5161.76000,5137.79000,0.0000,0.0000,2397.0,2397.00,0.61,"",0,00:06:33:36,55.7,3h 39m,4296.0,0.53,3067.0,3067.0,-1626.0,-1626.0,65.4,85.7,-670.00,-670.00
,295802053,10/03/2026 04:47,11/03/2026 20:37,XAUUSD,Sell,1.000,0.00000,0.00000,5168.14000,5161.61000,0.0000,0.0000,653.0,653.00,0.17,"",0,01:15:50:27,4.2,1h 40m,7782.0,6.49,1039.0,1039.0,-6743.0,-6743.0,13.4,95.0,-386.00,-386.00
,296910154,11/03/2026 10:39,11/03/2026 20:37,XAUUSD,Sell,1.000,0.00000,0.00000,5186.44000,5161.87000,0.0000,0.0000,2457.0,2457.00,0.63,"",0,00:09:57:49,85.9,8h 33m,3422.0,0.29,2751.0,2751.0,-790.0,-790.0,77.7,91.7,-294.00,-294.00
,295950315,10/03/2026 08:55,11/03/2026 20:37,XAUUSD,Sell,1.000,0.00000,0.00000,5175.52000,5163.13000,0.0000,0.0000,1239.0,1239.00,0.32,"",0,01:11:42:41,13.8,4h 55m,7782.0,3.38,1777.0,1777.0,-6005.0,-6005.0,22.8,93.1,-538.00,-538.00
,297257869,11/03/2026 18:13,11/03/2026 20:37,XAUUSD,Sell,1.000,0.00000,0.00000,5172.98000,5163.35000,0.0000,0.0000,963.0,963.00,0.25,"",0,00:02:24:25,13.8,19m,1121.0,1.04,963.0,963.0,-1002.0,-1002.0,49.0,100.0,0.00,0.00
,297338037,11/03/2026 20:08,11/03/2026 20:37,XAUUSD,Sell,1.000,0.00000,0.00000,5179.50000,5163.47000,0.0000,0.0000,1603.0,1603.00,0.41,"",0,00:00:29:02,100.0,29m,275.0,0.00,1603.0,1603.0,0.0,0.0,100.0,100.0,0.00,0.00
,296955897,11/03/2026 11:35,11/03/2026 20:37,XAUUSD,Sell,1.000,0.00000,0.00000,5184.93000,5163.57000,0.0000,0.0000,2136.0,2136.00,0.56,"",0,00:09:02:31,84.3,7h 37m,3422.0,0.36,2600.0,2600.0,-941.0,-941.0,73.4,86.9,-464.00,-464.00
,295855008,10/03/2026 11:39,11/03/2026 20:37,XAUUSD,Sell,1.000,0.00000,0.00000,5190.12000,5163.47000,0.0000,0.0000,2665.0,2665.00,0.70,"",0,01:08:58:02,39.4,12h 59m,6961.0,1.46,3119.0,3119.0,-4545.0,-4545.0,40.7,94.1,-454.00,-454.00
,297191156,11/03/2026 17:03,11/03/2026 17:11,XAUUSD,Buy,1.000,0.00000,0.00000,5183.01000,5184.97000,0.0000,0.0000,196.0,196.00,0.05,"",0,00:00:08:37,,,,,,,,,,,,
,296903309,11/03/2026 10:35,11/03/2026 15:19,XAUUSD,Buy,1.000,0.00000,0.00000,5191.81000,5193.35000,0.0000,0.0000,154.0,154.00,0.04,"",0,00:04:43:29,3.2,9m,2128.0,6.85,271.0,271.0,-1857.0,-1857.0,12.7,94.5,-117.00,-117.00
,296747902,11/03/2026 05:52,11/03/2026 08:38,XAUUSD,Sell,1.000,0.00000,0.00000,5217.75000,5202.14000,0.0000,0.0000,1561.0,1561.00,0.41,"",0,00:02:45:25,100.0,2h 45m,2339.0,0.00,3900.0,3900.0,0.0,0.0,100.0,40.0,-2339.00,-2339.00
,296718568,11/03/2026 05:10,11/03/2026 05:52,XAUUSD,Buy,1.000,0.00000,0.00000,5197.26000,5217.24000,0.0000,0.0000,1998.0,1998.00,0.53,"",0,00:00:42:05,92.9,39m,1140.0,0.16,1998.0,1998.0,-328.0,-328.0,85.9,100.0,0.00,0.00
,296255707,10/03/2026 16:08,11/03/2026 05:12,XAUUSD,Sell,1.000,0.00000,0.00000,5198.19000,5195.40000,0.0000,0.0000,279.0,279.00,0.07,"",0,00:13:04:00,42.1,5h 30m,4690.0,1.42,2533.0,2533.0,-3591.0,-3591.0,41.4,63.2,-2254.00,-2254.00
,296267430,10/03/2026 16:19,11/03/2026 05:12,XAUUSD,Sell,1.000,0.00000,0.00000,5214.80000,5194.93000,0.0000,0.0000,1987.0,1987.00,0.53,"",0,00:12:53:01,78.1,10h 3m,4690.0,0.46,4194.0,4194.0,-1930.0,-1930.0,68.5,64.0,-2207.00,-2207.00
,291761363,10/03/2026 16:22,11/03/2026 05:12,XAUUSD,Sell,1.000,0.00000,0.00000,5220.81000,5194.76000,0.0000,0.0000,2605.0,2605.00,0.70,"",0,00:12:49:53,87.1,11h 10m,4690.0,0.28,4795.0,4795.0,-1329.0,-1329.0,78.3,64.2,-2190.00,-2190.00
,296623171,11/03/2026 02:58,11/03/2026 03:55,XAUUSD,Buy,1.000,0.00000,5219.22000,5195.49000,5219.22000,0.0000,0.0000,2373.0,2373.00,0.64,"[tp 5219.22]",0,00:00:56:47,1.8,1m,0.0,0.00,2373.0,2373.0,0.0,0.0,100.0,100.0,0.00,0.00
,296475995,10/03/2026 20:29,10/03/2026 21:14,XAUUSD,Buy,1.000,5217.04000,0.00000,5232.92000,5216.91000,0.0000,0.0000,-1601.0,-1601.00,-0.43,"[sl 5217.04]",0,00:00:45:34,0.0,0s,1601.0,1666.67,0.0,0.0,-1601.0,-1601.0,0.0,0.0,-1601.00,-1601.00
,290902972,03/03/2026 14:57,10/03/2026 18:54,XAUUSD,Buy,1.000,0.00000,0.00000,5223.27000,5228.05000,0.0000,0.0000,478.0,478.00,0.13,"",0,07:03:57:53,1.8,3h 5m,18704.0,15.22,1230.0,1230.0,-18704.0,-18704.0,6.2,96.2,-752.00,-752.00
,296267551,10/03/2026 16:19,10/03/2026 18:54,XAUUSD,Buy,1.000,0.00000,0.00000,5214.53000,5227.84000,0.0000,0.0000,1331.0,1331.00,0.36,"",0,00:02:35:53,74.2,1h 55m,3786.0,0.86,2033.0,2033.0,-1753.0,-1753.0,53.7,81.5,-702.00,-702.00
,296413371,10/03/2026 18:26,10/03/2026 18:54,XAUUSD,Buy,1.000,0.00000,0.00000,5227.33000,5227.81000,0.0000,0.0000,48.0,48.00,0.01,"",0,00:00:27:54,3.6,1m,0.0,0.02,48.0,48.0,0.0,0.0,100.0,100.0,0.00,0.00
,291979679,04/03/2026 14:03,10/03/2026 16:18,XAUUSD,Buy,1.000,0.00000,0.00000,5202.45000,5213.22000,0.0000,0.0000,1077.0,1077.00,0.29,"",0,06:02:15:04,2.3,3h 21m,16622.0,5.02,3312.0,3312.0,-16622.0,-16622.0,16.6,88.8,-2235.00,-2235.00
,291986507,04/03/2026 13:58,10/03/2026 16:18,XAUUSD,Buy,1.000,0.00000,0.00000,5194.16000,5213.17000,0.0000,0.0000,1901.0,1901.00,0.52,"",0,06:02:20:53,2.6,3h 48m,15793.0,3.81,4141.0,4141.0,-15793.0,-15793.0,20.8,88.8,-2240.00,-2240.00
,291979538,04/03/2026 13:42,10/03/2026 11:42,XAUUSD,Buy,0.300,0.00000,0.00000,5191.97000,5191.97000,0.0000,0.0000,0.0,0.00,0.00,"",0,05:21:59:35,0.2,17m,15595.0,769.23,21.0,0.0,-15574.0,-0.0,0.1,99.9,-21.00,0.00
,294923102,09/03/2026 08:47,10/03/2026 05:47,XAUUSD,Buy,0.010,0.00000,0.00000,5127.54000,5182.17000,0.0000,0.0000,5463.0,54.63,0.01,"",0,00:21:00:15,50.8,10h 40m,5730.0,1.00,5648.0,56.480000000000004,-5620.0,-56.2,50.1,98.4,-185.00,-1.85
,295852336,10/03/2026 05:45,10/03/2026 05:47,XAUUSD,Buy,1.000,0.00000,0.00000,5182.01000,5182.36000,0.0000,0.0000,35.0,35.00,0.01,"",0,00:00:01:53,,,,,,,,,,,,
,295802241,10/03/2026 04:47,10/03/2026 05:41,XAUUSD,Buy,1.000,0.00000,0.00000,5169.13000,5182.36000,0.0000,0.0000,1323.0,1323.00,0.36,"",0,00:00:54:31,1.9,1m,0.0,0.00,1323.0,1323.0,0.0,0.0,100.0,100.0,0.00,0.00
,294931289,09/03/2026 08:51,10/03/2026 04:40,XAUUSD,Buy,1.000,0.00000,0.00000,5136.07000,5162.71000,0.0000,0.0000,2664.0,2664.00,0.73,"",0,00:19:49:08,38.7,7h 40m,6473.0,1.35,4795.0,4795.0,-6473.0,-6473.0,42.6,81.1,-2131.00,-2131.00
,295626216,09/03/2026 22:38,09/03/2026 22:46,CL-OIL,Buy,1.000,0.00000,0.00000,81.96400,85.37800,0.0000,0.0000,341.4,3414.00,0.95,"",0,00:00:08:28,,,,,,,,,,,,
,295624495,09/03/2026 22:35,09/03/2026 22:46,CL-OIL,Buy,1.000,0.00000,0.00000,84.65900,85.37800,0.0000,0.0000,71.9,719.00,0.20,"",0,00:00:10:54,,,,,,,,,,,,
,295624058,09/03/2026 22:34,09/03/2026 22:46,CL-OIL,Buy,1.000,0.00000,0.00000,86.50000,85.37800,0.0000,0.0000,-112.2,-1122.00,-0.31,"",0,00:00:12:30,,,,,,,,,,,,
,295618637,09/03/2026 22:24,09/03/2026 22:46,CL-OIL,Buy,1.000,0.00000,0.00000,89.42400,85.37800,0.0000,0.0000,-404.6,-4046.00,-1.11,"",0,00:00:22:07,,,,,,,,,,,,
,295615918,09/03/2026 22:21,09/03/2026 22:46,CL-OIL,Buy,1.000,0.00000,0.00000,92.02400,85.37800,0.0000,0.0000,-664.6,-6646.00,-1.79,"",0,00:00:25:26,,,,,,,,,,,,
,295166831,09/03/2026 12:24,09/03/2026 22:23,XAUUSD,Buy,1.000,0.00000,0.00000,5120.73000,5138.31000,0.0000,0.0000,1758.0,1758.00,0.48,"",0,00:09:59:38,35.6,3h 33m,5833.0,2.17,2685.0,2685.0,-5833.0,-5833.0,31.5,89.1,-927.00,-927.00
,295196450,09/03/2026 12:45,09/03/2026 22:23,XAUUSD,Buy,1.000,0.00000,0.00000,5099.75000,5138.00000,0.0000,0.0000,3825.0,3825.00,1.05,"",0,00:09:38:03,59.4,5h 43m,4691.0,0.78,4783.0,4783.0,-3735.0,-3735.0,56.2,88.8,-958.00,-958.00
,295076285,09/03/2026 11:02,09/03/2026 12:45,XAUUSD,Sell,1.000,0.00000,0.00000,5106.25000,5100.30000,0.0000,0.0000,595.0,595.00,0.16,"",0,00:01:42:59,1.0,1m,0.0,0.00,595.0,595.0,0.0,0.0,100.0,100.0,0.00,0.00
,295166835,09/03/2026 12:24,09/03/2026 12:45,XAUUSD,Sell,1.000,0.00000,0.00000,5120.47000,5102.07000,0.0000,0.0000,1840.0,1840.00,0.51,"",0,00:00:21:29,4.8,1m,0.0,0.00,1840.0,1840.0,0.0,0.0,100.0,100.0,0.00,0.00
,294910759,09/03/2026 08:36,09/03/2026 10:58,XAUUSD,Sell,0.010,0.00000,0.00000,5110.06000,5098.51000,0.0000,0.0000,1155.0,11.55,0.00,"",0,00:02:22:02,75.4,1h 47m,4315.0,0.95,2218.0,22.18,-2097.0,-20.97,51.4,75.4,-1063.00,-10.63
,294925983,09/03/2026 08:47,09/03/2026 10:58,XAUUSD,Sell,1.000,0.00000,0.00000,5131.99000,5098.67000,0.0000,0.0000,3332.0,3332.00,0.93,"",0,00:02:10:52,100.0,2h 10m,3683.0,0.00,3840.0,3840.0,0.0,0.0,100.0,86.8,-508.00,-508.00
,294866856,09/03/2026 07:50,09/03/2026 08:36,XAUUSD,Buy,1.000,0.00000,0.00000,5089.14000,5110.48000,0.0000,0.0000,2134.0,2134.00,0.60,"",0,00:00:46:31,100.0,46m,1980.0,0.00,2134.0,2134.0,0.0,0.0,100.0,100.0,0.00,0.00
,294673588,09/03/2026 04:15,09/03/2026 07:50,XAUUSD,Buy,1.000,0.00000,0.00000,5075.35000,5088.82000,0.0000,0.0000,1347.0,1347.00,0.38,"",0,00:03:34:37,100.0,3h 34m,5114.0,0.00,6461.0,6461.0,0.0,0.0,100.0,20.8,-5114.00,-5114.00
,294589798,09/03/2026 03:13,09/03/2026 04:15,XAUUSD,Buy,1.000,0.00000,0.00000,5046.01000,5074.38000,0.0000,0.0000,2837.0,2837.00,0.80,"",0,00:01:02:17,100.0,1h 2m,2568.0,0.00,5405.0,5405.0,0.0,0.0,100.0,52.5,-2568.00,-2568.00
,294643303,09/03/2026 04:00,09/03/2026 04:03,XAUUSD,Buy,1.000,0.00000,0.00000,5021.52000,5042.04000,0.0000,0.0000,2052.0,2052.00,0.58,"",0,00:00:02:53,,,,,,,,,,,,
,294643127,09/03/2026 04:00,09/03/2026 04:03,XAUUSD,Buy,1.000,0.00000,0.00000,5019.07000,5043.16000,0.0000,0.0000,2409.0,2409.00,0.69,"",0,00:00:02:53,,,,,,,,,,,,
,284883421,09/03/2026 03:18,,,Withdrawal,0.000,0.00000,0.00000,0.00000,0.00000,0.0000,0.0000,0.0,-30000.00,0,"Transfer Out to 24664300",0,00:00:00:00,,,,,,,,,,,,
,294301987,06/03/2026 23:09,09/03/2026 03:13,XAUUSD,Sell,1.000,0.00000,0.00000,5162.65000,5048.26000,0.0000,0.0000,11439.0,11439.00,3.11,"",0,02:04:03:45,9.9,5h 9m,7820.0,0.14,14362.0,14362.0,-2074.0,-2074.0,87.4,82.2,-2923.00,-2923.00
,294148453,06/03/2026 18:00,09/03/2026 03:13,XAUUSD,Sell,1.000,0.00000,0.00000,5142.23000,5048.22000,0.0000,0.0000,9401.0,9401.00,2.62,"",0,02:09:12:06,8.4,4h 48m,7820.0,0.33,12320.0,12320.0,-4116.0,-4116.0,75.0,82.2,-2919.00,-2919.00
,294114403,09/03/2026 01:01,09/03/2026 03:13,XAUUSD,Sell,1.000,0.00000,0.00000,5191.71000,5048.22000,0.0000,0.0000,14349.0,14349.00,4.17,"",0,00:02:12:02,100.0,2h 12m,6319.0,0.00,15767.0,15767.0,0.0,0.0,100.0,91.0,-1418.00,-1418.00
,294112730,09/03/2026 01:01,09/03/2026 03:13,XAUUSD,Sell,1.000,0.00000,0.00000,5191.71000,5048.26000,0.0000,0.0000,14345.0,14345.00,4.35,"",0,00:02:12:02,100.0,2h 12m,6319.0,0.00,15767.0,15767.0,0.0,0.0,100.0,91.0,-1422.00,-1422.00
,293695680,06/03/2026 10:31,09/03/2026 03:13,XAUUSD,Sell,1.000,0.00000,0.00000,5097.75000,5048.22000,0.0000,0.0000,4953.0,4953.00,1.53,"",0,02:16:41:15,11.3,7h 18m,10487.0,1.20,6371.0,6371.0,-7635.0,-7635.0,45.5,89.9,-1418.00,-1418.00
,293294985,05/03/2026 21:35,09/03/2026 03:13,XAUUSD,Sell,1.000,0.00000,0.00000,5058.19000,5048.26000,0.0000,0.0000,993.0,993.00,0.31,"",0,03:05:37:43,1.6,1h 14m,11591.0,4.80,2415.0,2415.0,-11591.0,-11591.0,17.2,89.8,-1422.00,-1422.00
,293294984,05/03/2026 21:35,09/03/2026 03:13,XAUUSD,Sell,1.000,0.00000,0.00000,5058.14000,5048.26000,0.0000,0.0000,988.0,988.00,0.31,"",0,03:05:37:43,1.6,1h 14m,11596.0,4.81,2410.0,2410.0,-11596.0,-11596.0,17.2,89.8,-1422.00,-1422.00
,293294983,05/03/2026 21:35,09/03/2026 03:13,XAUUSD,Sell,1.000,0.00000,0.00000,5058.22000,5048.26000,0.0000,0.0000,996.0,996.00,0.31,"",0,03:05:37:44,1.6,1h 14m,11588.0,4.79,2418.0,2418.0,-11588.0,-11588.0,17.3,89.8,-1422.00,-1422.00
,292892887,05/03/2026 14:18,09/03/2026 01:01,XAUUSD,Buy,1.000,0.00000,5185.94000,5165.23000,5191.57000,0.0000,0.0000,2634.0,2634.00,0.83,"[tp 5185.94]",0,03:10:42:52,59.8,2d 1h ,14006.0,4.98,2634.0,2634.0,-13119.0,-13119.0,16.7,100.0,0.00,0.00
,292863628,05/03/2026 12:50,09/03/2026 01:01,XAUUSD,Buy,1.000,0.00000,5185.66000,5162.98000,5191.57000,0.0000,0.0000,2859.0,2859.00,0.90,"[tp 5185.66]",0,03:12:10:47,59.2,2d 1h ,14006.0,4.51,2859.0,2859.0,-12894.0,-12894.0,18.1,100.0,0.00,0.00
,292797640,05/03/2026 11:09,09/03/2026 01:01,XAUUSD,Buy,1.000,0.00000,5186.56000,5179.51000,5191.49000,0.0000,0.0000,1198.0,1198.00,0.38,"[tp 5186.56]",0,03:13:51:43,0.1,5m,14547.0,12.15,1198.0,1198.0,-14547.0,-14547.0,7.6,100.0,0.00,0.00
,292567200,05/03/2026 06:17,09/03/2026 01:01,XAUUSD,Buy,1.000,0.00000,5185.44000,5182.42000,5191.71000,0.0000,0.0000,929.0,929.00,0.30,"[tp 5185.44]",0,03:18:43:33,0.1,5m,14838.0,15.97,929.0,929.0,-14838.0,-14838.0,5.9,100.0,0.00,0.00
,294138640,06/03/2026 17:51,06/03/2026 23:09,XAUUSD,Buy,1.000,0.00000,0.00000,5140.57000,5162.49000,0.0000,0.0000,2192.0,2192.00,0.70,"",0,00:05:17:21,97.8,5h 10m,2284.0,0.22,3353.0,3353.0,-722.0,-722.0,82.3,71.5,-1161.00,-1161.00
,294115550,06/03/2026 17:28,06/03/2026 23:09,XAUUSD,Buy,1.000,0.00000,0.00000,5159.69000,5162.49000,0.0000,0.0000,280.0,280.00,0.09,"",0,00:05:40:24,58.7,3h 19m,2634.0,1.83,1441.0,1441.0,-2634.0,-2634.0,35.4,71.5,-1161.00,-1161.00
,294110748,06/03/2026 17:25,06/03/2026 23:09,XAUUSD,Buy,1.000,0.00000,0.00000,5162.46000,5162.49000,0.0000,0.0000,3.0,3.00,0.00,"",0,00:05:44:01,49.8,2h 51m,2911.0,2.50,1164.0,1164.0,-2911.0,-2911.0,28.6,71.5,-1161.00,-1161.00
,294089903,06/03/2026 17:09,06/03/2026 23:09,XAUUSD,Buy,1.000,0.00000,0.00000,5151.26000,5162.49000,0.0000,0.0000,1123.0,1123.00,0.36,"",0,00:05:59:50,76.2,4h 34m,2284.0,0.78,2284.0,2284.0,-1791.0,-1791.0,56.0,71.5,-1161.00,-1161.00
,292851173,05/03/2026 12:24,06/03/2026 23:09,XAUUSD,Buy,1.000,0.00000,0.00000,5154.61000,5162.49000,0.0000,0.0000,788.0,788.00,0.25,"",0,01:10:44:41,15.6,5h 25m,10665.0,4.88,1949.0,1949.0,-9501.0,-9501.0,17.0,89.9,-1161.00,-1161.00
,294087723,06/03/2026 17:07,06/03/2026 18:06,XAUUSD,Sell,1.000,0.00000,0.00000,5147.88000,5145.31000,0.0000,0.0000,257.0,257.00,0.08,"",0,00:00:58:24,89.9,52m,1733.0,0.22,1453.0,1453.0,-318.0,-318.0,82.0,32.5,-1196.00,-1196.00
,293648060,06/03/2026 09:29,06/03/2026 17:07,XAUUSD,Buy,1.000,0.00000,0.00000,5114.88000,5147.02000,0.0000,0.0000,3214.0,3214.00,1.05,"",0,00:07:38:14,33.0,2h 31m,5436.0,0.91,5372.0,5372.0,-4865.0,-4865.0,52.5,78.9,-2158.00,-2158.00
,293695553,06/03/2026 10:31,06/03/2026 17:07,XAUUSD,Buy,1.000,0.00000,0.00000,5098.08000,5147.05000,0.0000,0.0000,4897.0,4897.00,1.63,"",0,00:06:36:13,44.7,2h 57m,5436.0,0.45,7052.0,7052.0,-3185.0,-3185.0,68.9,78.9,-2155.00,-2155.00
,293533499,06/03/2026 05:55,06/03/2026 17:07,XAUUSD,Buy,1.000,0.00000,0.00000,5131.61000,5147.02000,0.0000,0.0000,1541.0,1541.00,0.51,"",0,00:11:12:04,18.7,2h 5m,6538.0,1.77,3699.0,3699.0,-6538.0,-6538.0,36.1,78.9,-2158.00,-2158.00
,293456905,06/03/2026 03:57,06/03/2026 17:07,XAUUSD,Buy,1.000,0.00000,0.00000,5142.09000,5147.05000,0.0000,0.0000,496.0,496.00,0.17,"",0,00:13:10:38,12.1,1h 35m,7286.0,3.04,2394.0,2394.0,-7286.0,-7286.0,24.7,80.4,-1898.00,-1898.00
,293436559,06/03/2026 03:43,06/03/2026 10:31,XAUUSD,Sell,1.000,0.00000,0.00000,5119.68000,5097.60000,0.0000,0.0000,2208.0,2208.00,0.74,"",0,00:06:47:48,64.0,4h 20m,1908.0,0.39,4116.0,4116.0,-1610.0,-1610.0,71.9,66.7,-1908.00,-1908.00
,293456894,06/03/2026 03:57,06/03/2026 04:06,XAUUSD,Sell,1.000,0.00000,0.00000,5141.83000,5129.07000,0.0000,0.0000,1276.0,1276.00,0.43,"",0,00:00:08:56,100.0,8m,412.0,0.00,1276.0,1276.0,0.0,0.0,100.0,100.0,0.00,0.00
,292929862,05/03/2026 15:17,06/03/2026 03:57,XAUUSD,Buy,1.000,0.00000,0.00000,5132.54000,5140.79000,0.0000,0.0000,825.0,825.00,0.28,"",0,00:12:39:49,6.6,50m,7294.0,8.83,826.0,826.0,-7294.0,-7294.0,10.2,100.0,-1.00,-1.00
,292647222,05/03/2026 15:20,06/03/2026 03:57,XAUUSD,Buy,1.000,0.00000,0.00000,5120.05000,5142.32000,0.0000,0.0000,2227.0,2227.00,0.76,"",0,00:12:36:10,18.6,2h 20m,6045.0,2.71,2227.0,2227.0,-6045.0,-6045.0,26.9,100.0,0.00,0.00
,293067514,05/03/2026 17:04,06/03/2026 03:43,XAUUSD,Buy,1.000,0.00000,0.00000,5104.01000,5118.78000,0.0000,0.0000,1477.0,1477.00,0.51,"",0,00:10:38:52,21.1,2h 14m,4441.0,1.21,3679.0,3679.0,-4441.0,-4441.0,45.3,72.9,-2202.00,-2202.00
,292941184,05/03/2026 15:22,06/03/2026 03:43,XAUUSD,Buy,1.000,0.00000,0.00000,5098.29000,5119.44000,0.0000,0.0000,2115.0,2115.00,0.73,"",0,00:12:20:59,21.0,2h 35m,4277.0,0.91,4251.0,4251.0,-3869.0,-3869.0,52.4,73.7,-2136.00,-2136.00
,293295026,05/03/2026 21:35,06/03/2026 03:43,XAUUSD,Buy,1.000,0.00000,0.00000,5058.72000,5118.37000,0.0000,0.0000,5965.0,5965.00,2.11,"",0,00:06:08:03,100.0,6h 8m,2693.0,0.00,8239.0,8239.0,0.0,0.0,100.0,72.4,-2274.00,-2274.00
,293314984,05/03/2026 22:18,05/03/2026 22:29,XAUUSD,Sell,1.000,0.00000,0.00000,5094.20000,5079.53000,0.0000,0.0000,1467.0,1467.00,0.52,"",0,00:00:11:02,9.1,1m,0.0,0.00,1467.0,1467.0,0.0,0.0,100.0,100.0,0.00,0.00
,293176859,05/03/2026 18:39,05/03/2026 21:35,XAUUSD,Sell,1.000,0.00000,0.00000,5066.81000,5058.29000,0.0000,0.0000,852.0,852.00,0.30,"",0,00:02:55:18,19.5,34m,3014.0,2.82,852.0,852.0,-2406.0,-2406.0,26.2,100.0,0.00,0.00
,293164145,05/03/2026 18:26,05/03/2026 21:35,XAUUSD,Sell,1.000,0.00000,0.00000,5061.15000,5058.28000,0.0000,0.0000,287.0,287.00,0.10,"",0,00:03:08:42,7.9,14m,3014.0,10.36,287.0,287.0,-2972.0,-2972.0,8.8,100.0,0.00,0.00
,293071530,05/03/2026 17:08,05/03/2026 21:35,XAUUSD,Sell,1.000,0.00000,0.00000,5079.72000,5058.27000,0.0000,0.0000,2145.0,2145.00,0.77,"",0,00:04:26:34,79.7,3h 32m,3127.0,0.52,2145.0,2145.0,-1115.0,-1115.0,65.8,100.0,0.00,0.00
,293033991,05/03/2026 16:40,05/03/2026 21:35,XAUUSD,Sell,1.000,0.00000,0.00000,5096.89000,5058.29000,0.0000,0.0000,3860.0,3860.00,1.41,"",0,00:04:54:51,100.0,4h 54m,3127.0,0.00,3860.0,3860.0,0.0,0.0,100.0,100.0,0.00,0.00
,293033970,05/03/2026 16:40,05/03/2026 21:35,XAUUSD,Sell,1.000,0.00000,0.00000,5096.21000,5058.28000,0.0000,0.0000,3793.0,3793.00,1.40,"",0,00:04:54:54,100.0,4h 54m,3127.0,0.00,3793.0,3793.0,0.0,0.0,100.0,100.0,0.00,0.00
,292989261,05/03/2026 16:00,05/03/2026 16:40,XAUUSD,Sell,1.000,0.00000,0.00000,5118.07000,5096.42000,0.0000,0.0000,2165.0,2165.00,0.81,"",0,00:00:40:11,100.0,40m,3277.0,0.00,5442.0,5442.0,0.0,0.0,100.0,39.8,-3277.00,-3277.00
,292956959,05/03/2026 15:29,05/03/2026 15:56,XAUUSD,Sell,1.000,0.00000,0.00000,5124.36000,5118.26000,0.0000,0.0000,610.0,610.00,0.23,"",0,00:00:27:34,3.8,1m,0.0,0.00,610.0,610.0,0.0,0.0,100.0,100.0,0.00,0.00
,291174742,03/03/2026 18:14,05/03/2026 15:22,XAUUSD,Sell,1.000,0.00000,5098.45000,5112.60000,5099.06000,0.0000,0.0000,1354.0,1354.00,0.51,"[tp 5098.45]",0,01:21:07:45,7.6,3h 25m,11392.0,3.51,2526.0,2526.0,-8866.0,-8866.0,22.2,89.7,-1172.00,-1172.00
,291722566,04/03/2026 08:24,05/03/2026 15:22,XAUUSD,Sell,1.000,0.00000,5113.05000,5129.49000,5112.59000,0.0000,0.0000,1690.0,1690.00,0.64,"[tp 5113.05]",0,01:06:57:24,10.5,3h 15m,7460.0,2.66,2695.0,2695.0,-7177.0,-7177.0,27.3,89.8,-1005.00,-1005.00
,292639435,05/03/2026 08:10,05/03/2026 15:17,XAUUSD,Sell,1.000,0.00000,0.00000,5137.12000,5137.00000,0.0000,0.0000,12.0,12.00,0.00,"",0,00:07:06:47,28.6,2h 2m,4976.0,0.86,4988.0,4988.0,-4273.0,-4273.0,53.9,46.3,-4976.00,-4976.00
,292744296,05/03/2026 10:13,05/03/2026 15:17,XAUUSD,Sell,1.000,0.00000,0.00000,5144.25000,5134.34000,0.0000,0.0000,991.0,991.00,0.38,"",0,00:05:03:32,40.5,2h 2m,4775.0,0.47,5701.0,5701.0,-2698.0,-2698.0,67.9,43.9,-4710.00,-4710.00
,292668840,05/03/2026 08:35,05/03/2026 15:17,XAUUSD,Sell,1.000,0.00000,0.00000,5147.24000,5133.45000,0.0000,0.0000,1379.0,1379.00,0.53,"",0,00:06:42:16,30.6,2h 3m,4775.0,0.54,6000.0,6000.0,-3261.0,-3261.0,64.8,50.1,-4621.00,-4621.00
,292768634,05/03/2026 10:36,05/03/2026 12:40,XAUUSD,Sell,1.000,0.00000,0.00000,5157.80000,5156.43000,0.0000,0.0000,137.0,137.00,0.05,"",0,00:02:03:21,7.3,9m,1630.0,4.68,287.0,287.0,-1343.0,-1343.0,17.6,90.8,-150.00,-150.00
,292797578,05/03/2026 11:09,05/03/2026 12:40,XAUUSD,Sell,1.000,0.00000,0.00000,5178.42000,5156.40000,0.0000,0.0000,2202.0,2202.00,0.85,"",0,00:01:30:50,100.0,1h 30m,1387.0,0.00,2202.0,2202.0,0.0,0.0,100.0,100.0,0.00,0.00
,292729160,05/03/2026 10:00,05/03/2026 11:09,XAUUSD,Buy,1.000,0.00000,0.00000,5162.40000,5179.94000,0.0000,0.0000,1754.0,1754.00,0.68,"",0,00:01:09:10,30.5,21m,1396.0,0.80,1754.0,1754.0,-1396.0,-1396.0,55.7,100.0,0.00,0.00
,292690572,05/03/2026 08:58,05/03/2026 11:09,XAUUSD,Buy,1.000,0.00000,0.00000,5166.01000,5179.70000,0.0000,0.0000,1369.0,1369.00,0.53,"",0,00:02:10:28,26.8,34m,3141.0,1.27,1384.0,1384.0,-1757.0,-1757.0,44.1,99.5,-15.00,-15.00
,292739497,05/03/2026 10:09,05/03/2026 10:36,XAUUSD,Buy,1.000,0.00000,0.00000,5149.90000,5158.23000,0.0000,0.0000,833.0,833.00,0.33,"",0,00:00:27:10,96.3,26m,967.0,0.18,833.0,833.0,-146.0,-146.0,85.1,100.0,0.00,0.00
,292679926,05/03/2026 08:47,05/03/2026 10:09,XAUUSD,Sell,1.000,0.00000,0.00000,5155.16000,5150.32000,0.0000,0.0000,484.0,484.00,0.19,"",0,00:01:22:10,9.8,8m,2469.0,4.44,556.0,556.0,-2469.0,-2469.0,18.4,97.6,-72.00,-72.00
,292688049,05/03/2026 08:57,05/03/2026 10:09,XAUUSD,Sell,1.000,0.00000,0.00000,5161.18000,5149.36000,0.0000,0.0000,1182.0,1182.00,0.46,"",0,00:01:12:09,22.3,16m,1867.0,1.58,1182.0,1182.0,-1867.0,-1867.0,38.8,100.0,0.00,0.00
,292690531,05/03/2026 08:58,05/03/2026 10:09,XAUUSD,Sell,1.000,0.00000,0.00000,5165.77000,5150.09000,0.0000,0.0000,1568.0,1568.00,0.62,"",0,00:01:10:46,59.2,41m,1698.0,0.87,1617.0,1617.0,-1408.0,-1408.0,53.5,98.4,-49.00,-49.00
,292619203,05/03/2026 07:57,05/03/2026 08:59,XAUUSD,Buy,1.000,0.00000,0.00000,5156.86000,5166.73000,0.0000,0.0000,987.0,987.00,0.39,"",0,00:01:01:34,46.8,28m,2214.0,1.35,1274.0,1274.0,-1719.0,-1719.0,42.6,90.4,-287.00,-287.00
,292621093,05/03/2026 07:58,05/03/2026 08:57,XAUUSD,Buy,1.000,0.00000,0.00000,5150.67000,5160.87000,0.0000,0.0000,1020.0,1020.00,0.41,"",0,00:00:58:29,59.4,34m,2125.0,0.58,1893.0,1893.0,-1100.0,-1100.0,63.2,70.8,-873.00,-873.00
,292635040,05/03/2026 08:09,05/03/2026 08:38,XAUUSD,Buy,1.000,0.00000,0.00000,5141.52000,5152.50000,0.0000,0.0000,1098.0,1098.00,0.44,"",0,00:00:29:39,83.4,24m,877.0,0.09,1975.0,1975.0,-185.0,-185.0,91.4,59.4,-877.00,-877.00
,292637581,05/03/2026 08:09,05/03/2026 08:34,XAUUSD,Buy,1.000,0.00000,0.00000,5135.24000,5145.77000,0.0000,0.0000,1053.0,1053.00,0.42,"",0,00:00:24:35,100.0,24m,863.0,0.00,1697.0,1697.0,0.0,0.0,100.0,62.1,-644.00,-644.00
,292621125,05/03/2026 07:58,05/03/2026 08:09,XAUUSD,Sell,1.000,0.00000,0.00000,5150.44000,5136.42000,0.0000,0.0000,1402.0,1402.00,0.57,"",0,00:00:10:58,27.3,2m,1048.0,0.75,1402.0,1402.0,-1048.0,-1048.0,57.2,100.0,0.00,0.00
,292619213,05/03/2026 07:57,05/03/2026 07:58,XAUUSD,Sell,1.000,0.00000,0.00000,5155.98000,5150.26000,0.0000,0.0000,572.0,572.00,0.23,"",0,00:00:00:38,,,,,,,,,,,,
,292619552,05/03/2026 07:58,05/03/2026 07:58,XAUUSD,Sell,1.000,0.00000,0.00000,5154.04000,5150.23000,0.0000,0.0000,381.0,381.00,0.15,"",0,00:00:00:22,,,,,,,,,,,,
,292404414,05/03/2026 02:15,05/03/2026 07:57,XAUUSD,Sell,1.000,0.00000,0.00000,5171.09000,5157.49000,0.0000,0.0000,1360.0,1360.00,0.56,"",0,00:05:42:02,46.5,2h 39m,4455.0,0.51,4337.0,4337.0,-2196.0,-2196.0,66.4,54.4,-2977.00,-2977.00
,292409188,05/03/2026 02:23,05/03/2026 07:57,XAUUSD,Sell,1.000,0.00000,0.00000,5178.47000,5157.56000,0.0000,0.0000,2091.0,2091.00,0.86,"",0,00:05:34:27,64.4,3h 35m,4455.0,0.29,5075.0,5075.0,-1458.0,-1458.0,77.7,54.3,-2984.00,-2984.00
,292555864,05/03/2026 05:58,05/03/2026 07:57,XAUUSD,Sell,1.000,0.00000,0.00000,5179.17000,5157.55000,0.0000,0.0000,2162.0,2162.00,0.90,"",0,00:01:59:30,100.0,1h 59m,4455.0,0.00,5145.0,5145.0,0.0,0.0,100.0,42.0,-2983.00,-2983.00
,292002852,04/03/2026 14:19,05/03/2026 06:17,XAUUSD,Buy,1.000,0.00000,0.00000,5180.37000,5181.48000,0.0000,0.0000,111.0,111.00,0.05,"",0,00:15:57:53,12.5,1h 59m,6213.0,4.98,1247.0,1247.0,-6213.0,-6213.0,16.7,84.8,-1136.00,-1136.00
,292409209,05/03/2026 02:23,05/03/2026 06:17,XAUUSD,Buy,1.000,0.00000,0.00000,5179.17000,5181.30000,0.0000,0.0000,213.0,213.00,0.09,"",0,00:03:53:44,48.8,1h 54m,6533.0,3.71,1388.0,1388.0,-5145.0,-5145.0,21.2,82.0,-1175.00,-1175.00
,292023682,04/03/2026 14:43,05/03/2026 02:23,XAUUSD,Buy,1.000,0.00000,0.00000,5166.00000,5178.81000,0.0000,0.0000,1281.0,1281.00,0.54,"",0,00:11:39:42,20.0,2h 19m,6398.0,2.98,1843.0,1843.0,-5490.0,-5490.0,25.1,92.3,-562.00,-562.00
,292147087,04/03/2026 16:56,05/03/2026 02:16,XAUUSD,Buy,1.000,0.00000,0.00000,5144.95000,5171.28000,0.0000,0.0000,2633.0,2633.00,1.11,"",0,00:09:19:48,39.3,3h 40m,4072.0,0.86,3948.0,3948.0,-3385.0,-3385.0,53.8,82.1,-1315.00,-1315.00
,292093362,04/03/2026 16:56,05/03/2026 01:19,XAUUSD,Buy,1.000,0.00000,0.00000,5139.12000,5153.91000,0.0000,0.0000,1479.0,1479.00,0.63,"",0,00:08:23:19,55.5,4h 39m,4072.0,0.62,4531.0,4531.0,-2802.0,-2802.0,61.8,58.4,-3052.00,-3052.00
,292171014,04/03/2026 20:20,05/03/2026 01:19,XAUUSD,Buy,1.000,0.00000,0.00000,5111.61000,5154.06000,0.0000,0.0000,4245.0,4245.00,1.84,"",0,00:04:59:21,100.0,4h 59m,3037.0,0.00,7282.0,7282.0,0.0,0.0,100.0,58.3,-3037.00,-3037.00
,291775993,04/03/2026 09:18,04/03/2026 16:55,XAUUSD,Sell,1.000,0.00000,0.00000,5167.54000,5147.82000,0.0000,0.0000,1972.0,1972.00,0.86,"",0,00:07:36:46,32.9,2h 30m,3541.0,1.07,3324.0,3324.0,-3541.0,-3541.0,48.4,80.3,-1352.00,-1352.00
,291976570,04/03/2026 13:37,04/03/2026 14:45,XAUUSD,Sell,0.300,0.00000,0.00000,5197.23000,5166.22000,0.0000,0.0000,3101.0,930.30,0.41,"",0,00:01:07:29,100.0,1h 7m,2039.0,0.00,3432.0,1029.6,0.0,0.0,100.0,90.4,-331.00,-99.30
,292002862,04/03/2026 14:19,04/03/2026 14:44,XAUUSD,Sell,1.000,0.00000,0.00000,5180.12000,5166.27000,0.0000,0.0000,1385.0,1385.00,0.61,"",0,00:00:25:34,88.0,22m,2039.0,0.18,1721.0,1721.0,-318.0,-318.0,84.4,83.5,-336.00,-336.00
,290914223,03/03/2026 15:03,04/03/2026 13:42,XAUUSD,Buy,1.000,0.00000,0.00000,5184.85000,5192.36000,0.0000,0.0000,751.0,751.00,0.33,"",0,00:22:39:10,13.7,3h 6m,15880.0,9.68,1641.0,1641.0,-15880.0,-15880.0,9.4,94.9,-890.00,-890.00
,291567023,04/03/2026 05:09,04/03/2026 13:42,XAUUSD,Buy,1.000,0.00000,0.00000,5152.06000,5192.66000,0.0000,0.0000,4060.0,4060.00,1.83,"",0,00:08:32:54,90.1,7h 42m,4220.0,0.35,5089.0,5089.0,-1777.0,-1777.0,74.1,85.0,-1029.00,-1029.00
,290921545,03/03/2026 15:07,04/03/2026 13:42,XAUUSD,Buy,1.000,0.00000,0.00000,5168.55000,5192.78000,0.0000,0.0000,2423.0,2423.00,1.10,"",0,00:22:34:49,30.3,6h 50m,14250.0,4.36,3271.0,3271.0,-14250.0,-14250.0,18.7,95.2,-848.00,-848.00
,291679055,04/03/2026 07:45,04/03/2026 08:24,XAUUSD,Sell,1.000,0.00000,0.00000,5159.39000,5131.25000,0.0000,0.0000,2814.0,2814.00,1.30,"",0,00:00:39:08,43.6,17m,1672.0,0.58,2814.0,2814.0,-1624.0,-1624.0,63.4,100.0,0.00,0.00
,291503368,04/03/2026 04:11,04/03/2026 05:09,XAUUSD,Sell,1.000,0.00000,0.00000,5183.96000,5151.24000,0.0000,0.0000,3272.0,3272.00,1.53,"",0,00:00:57:57,100.0,57m,1119.0,0.00,3272.0,3272.0,0.0,0.0,100.0,100.0,0.00,0.00
,290923302,03/03/2026 15:08,04/03/2026 04:11,XAUUSD,Buy,1.000,0.00000,0.00000,5156.80000,5183.51000,0.0000,0.0000,2671.0,2671.00,1.27,"",0,00:13:03:01,19.8,2h 35m,13075.0,3.92,3333.0,3333.0,-13075.0,-13075.0,20.3,96.0,-662.00,-662.00
,290970148,03/03/2026 15:47,04/03/2026 04:09,XAUUSD,Buy,1.000,0.00000,5184.98000,5131.41000,5184.74000,0.0000,0.0000,5333.0,5333.00,2.60,"[tp 5184.98]",0,00:12:22:31,32.5,4h 1m,5828.0,0.99,5872.0,5872.0,-5828.0,-5828.0,50.2,95.4,-539.00,-539.00
,291172697,03/03/2026 18:12,04/03/2026 03:06,XAUUSD,Buy,1.000,0.00000,0.00000,5103.56000,5148.63000,0.0000,0.0000,4507.0,4507.00,2.25,"",0,00:08:53:31,73.1,6h 30m,6128.0,0.22,8657.0,8657.0,-1878.0,-1878.0,82.2,60.6,-4150.00,-4150.00
,291060453,03/03/2026 16:50,03/03/2026 18:09,XAUUSD,Buy,1.000,0.00000,0.00000,5056.17000,5112.35000,0.0000,0.0000,5618.0,5618.00,2.88,"",0,00:01:19:55,100.0,1h 19m,4225.0,0.00,5626.0,5626.0,0.0,0.0,100.0,99.9,-8.00,-8.00
,291052173,03/03/2026 16:44,03/03/2026 18:09,XAUUSD,Buy,1.000,0.00000,0.00000,5063.09000,5112.69000,0.0000,0.0000,4960.0,4960.00,2.61,"",0,00:01:25:30,100.0,1h 25m,4463.0,0.00,5172.0,5172.0,0.0,0.0,100.0,95.9,-212.00,-212.00
,290903225,03/03/2026 16:41,03/03/2026 18:09,XAUUSD,Buy,1.000,0.00000,0.00000,5090.07000,5112.37000,0.0000,0.0000,2230.0,2230.00,1.19,"",0,00:01:28:01,53.5,47m,4463.0,0.80,2474.0,2474.0,-1989.0,-1989.0,55.4,94.5,-244.00,-244.00
,291068746,03/03/2026 16:50,03/03/2026 16:56,XAUUSD,Sell,1.000,5057.64000,0.00000,5032.86000,5058.16000,0.0000,0.0000,-2530.0,-2530.00,-1.33,"[sl 5057.64]",0,00:00:06:03,0.0,0s,7957.0,10000.00,0.0,0.0,-7957.0,-7957.0,0.0,68.2,-2530.00,-2530.00
,291032619,03/03/2026 16:36,03/03/2026 16:41,XAUUSD,Sell,1.000,0.00000,5091.30000,5107.04000,5091.28000,0.0000,0.0000,1576.0,1576.00,0.83,"[tp 5091.30]",0,00:00:05:31,20.0,1m,2043.0,1.30,1576.0,1576.0,-2043.0,-2043.0,43.5,100.0,0.00,0.00
,291014407,03/03/2026 16:25,03/03/2026 16:34,XAUUSD,Sell,1.000,5121.27000,0.00000,5133.84000,5120.95000,0.0000,0.0000,1289.0,1289.00,0.69,"[sl 5121.27]",0,00:00:08:30,100.0,8m,860.0,0.00,2149.0,2149.0,0.0,0.0,100.0,60.0,-860.00,-860.00
,290866553,03/03/2026 14:15,03/03/2026 14:56,XAUUSD,Buy,1.000,0.00000,0.00000,5181.77000,5222.26000,0.0000,0.0000,4049.0,4049.00,2.21,"",0,00:00:41:31,2.5,1m,16323.0,4.03,4049.0,4049.0,-16323.0,-16323.0,19.9,100.0,0.00,0.00
,290842567,03/03/2026 13:53,03/03/2026 14:14,XAUUSD,Buy,1.000,0.00000,5191.26000,5149.00000,5191.35000,0.0000,0.0000,4235.0,4235.00,2.36,"[tp 5191.26]",0,00:00:21:16,85.8,18m,619.0,0.12,4235.0,4235.0,-507.0,-507.0,89.3,100.0,0.00,0.00
,281177711,03/03/2026 13:50,,,Deposit,0.000,0.00000,0.00000,0.00000,0.00000,0.0000,0.0000,0.0,180000.00,0,"Deposit-TH-QR-CPS-APP",0,00:00:00:00,,,,,,,,,,,,
,288008523,27/02/2026 12:18,03/03/2026 13:29,XAUUSD,Sell,0.300,0.00000,0.00000,5176.93000,5119.45000,0.0000,0.0000,5748.0,1724.40,3.33,"[so -232.45%/-722.04/310.62]",0,04:01:11:33,1.4,1h 21m,24035.0,3.95,6084.0,1825.2,-24035.0,-7210.5,20.2,98.9,-336.00,-100.80
,288005151,27/02/2026 12:13,03/03/2026 13:29,XAUUSD,Sell,0.300,0.00000,0.00000,5169.09000,5119.45000,0.0000,0.0000,4964.0,1489.20,2.96,"[so -118.44%/-735.24/620.76]",0,04:01:16:33,1.0,58m,24819.0,4.68,5300.0,1590.0,-24819.0,-7445.7,17.6,98.9,-336.00,-100.80
,287523984,26/02/2026 17:36,03/03/2026 13:29,XAUUSD,Sell,0.300,0.00000,0.00000,5161.87000,5119.67000,0.0000,0.0000,4220.0,1266.00,2.58,"[so -79.02%/-735.24/930.47]",0,04:19:53:41,0.8,55m,25541.0,5.58,4578.0,1373.3999999999999,-25541.0,-7662.299999999999,15.2,98.8,-358.00,-107.40
,285768179,24/02/2026 16:41,03/03/2026 13:29,XAUUSD,Sell,0.300,0.00000,0.00000,5135.34000,5119.67000,0.0000,0.0000,1567.0,470.10,0.97,"[so -59.36%/-735.24/1238.59]",0,06:20:48:02,0.7,1h 9m,28505.0,17.92,1567.0,470.09999999999997,-28070.0,-8421.0,5.3,100.0,0.00,0.00
,285720535,24/02/2026 16:04,03/03/2026 13:29,XAUUSD,Sell,0.400,0.00000,0.00000,5118.38000,5119.67000,0.0000,0.0000,-129.0,-51.60,-0.11,"[so -44.61%/-735.24/1648.06]",0,06:21:25:25,0.0,0s,29766.0,0.00,0.0,0.0,-29766.0,-11906.400000000001,0.0,99.6,-129.00,-51.60
,284019727,20/02/2026 19:11,03/03/2026 13:29,XAUUSD,Sell,0.400,0.00000,0.00000,5065.37000,5119.67000,0.0000,0.0000,-5430.0,-2172.00,-4.28,"[so -29.89%/-735.24/2459.59]",0,10:18:18:34,0.0,0s,35067.0,0.00,0.0,0.0,-35067.0,-14026.800000000001,0.0,84.5,-5430.00,-2172.00
,283331731,19/02/2026 19:56,03/03/2026 13:29,XAUUSD,Sell,1.000,0.00000,0.00000,4987.66000,5119.67000,0.0000,0.0000,-13201.0,-13201.00,-20.65,"[so -45.42%/-735.24/1618.63]",0,11:17:33:17,0.2,33m,42885.0,1000.00,47.0,47.0,-42838.0,-42838.0,0.1,69.1,-13248.00,-13248.00
,282779949,19/02/2026 02:54,03/03/2026 13:29,XAUUSD,Sell,0.200,0.00000,0.00000,4962.18000,5119.67000,0.0000,0.0000,-15749.0,-3149.80,-4.70,"[so -26.69%/-735.24/2755.17]",0,12:10:35:41,0.0,0s,45386.0,0.00,0.0,0.0,-45386.0,-9077.2,0.0,65.3,-15749.00,-3149.80
,282581254,20/02/2026 21:57,03/03/2026 13:29,XAUUSD,Sell,0.200,0.00000,0.00000,5078.73000,5119.67000,0.0000,0.0000,-4094.0,-818.80,-1.21,"[so -39.72%/-735.24/1851.21]",0,10:15:32:48,0.0,0s,33731.0,0.00,0.0,0.0,-33731.0,-6746.200000000001,0.0,87.9,-4094.00,-818.80
,281912054,17/02/2026 17:35,03/03/2026 13:29,XAUUSD,Sell,0.100,0.00000,0.00000,4854.57000,5119.67000,0.0000,0.0000,-26510.0,-2651.00,-3.76,"[so -28.76%/-735.24/2556.68]",0,13:19:54:48,0.0,0s,56147.0,0.00,0.0,0.0,-56147.0,-5614.700000000001,0.0,52.8,-26510.00,-2651.00
,280271317,20/02/2026 21:57,03/03/2026 13:29,XAUUSD,Sell,0.200,0.00000,0.00000,5078.70000,5119.67000,0.0000,0.0000,-4097.0,-819.40,-1.15,"[so -35.79%/-735.24/2054.36]",0,10:15:32:48,0.0,0s,33734.0,0.00,0.0,0.0,-33734.0,-6746.8,0.0,87.9,-4097.00,-819.40
,273637880,06/02/2026 04:32,03/03/2026 13:29,XAUUSD,Sell,0.200,0.00000,0.00000,4817.60000,5119.67000,0.0000,0.0000,-30207.0,-6041.40,-7.80,"[so -51.66%/-735.24/1423.11]",0,25:08:57:22,0.0,0s,59844.0,0.00,0.0,0.0,-59844.0,-11968.800000000001,0.0,49.5,-30207.00,-6041.40
,290751545,03/03/2026 13:09,03/03/2026 13:29,XAUUSD,Buy,1.000,0.00000,0.00000,5171.70000,5119.31000,0.0000,0.0000,-5239.0,-5239.00,-115.99,"[so -60.04%/-735.24/1224.52]",0,00:00:20:04,25.0,5m,6107.0,6.04,868.0,868.0,-5239.0,-5239.0,14.2,0.0,-6107.00,-6107.00
,290741497,03/03/2026 13:07,03/03/2026 13:29,XAUUSD,Buy,0.500,0.00000,0.00000,5214.22000,5119.31000,0.0000,0.0000,-9491.0,-4745.50,-51.23,"[so -32.75%/-735.24/2244.95]",0,00:00:21:50,0.0,0s,9491.0,10000.00,0.0,0.0,-9491.0,-4745.5,0.0,0.0,-9491.00,-4745.50
,290709032,03/03/2026 12:48,03/03/2026 13:29,XAUUSD,Buy,1.000,0.00000,0.00000,5253.36000,5119.31000,0.0000,0.0000,-13405.0,-13405.00,-59.14,"[so -121.13%/-735.24/606.99]",0,00:00:41:25,0.0,0s,13405.0,0.00,0.0,0.0,-13405.0,-13405.0,0.0,0.0,-13405.00,-13405.00
,290638807,03/03/2026 11:39,03/03/2026 13:29,XAUUSD,Buy,1.000,0.00000,0.00000,5268.17000,5119.31000,0.0000,0.0000,-14886.0,-14886.00,-39.64,"[so -175.21%/-735.24/419.63]",0,00:01:50:36,0.0,0s,15862.0,0.00,0.0,0.0,-15862.0,-15862.0,0.0,6.2,-14886.00,-14886.00
,290500907,03/03/2026 10:34,03/03/2026 13:29,XAUUSD,Buy,0.400,0.00000,0.00000,5304.92000,5119.31000,0.0000,0.0000,-18561.0,-7424.40,-16.51,"[so -72.33%/-735.24/1016.51]",0,00:02:55:42,0.0,0s,22619.0,0.00,0.0,0.0,-22619.0,-9047.6,0.0,17.9,-18561.00,-7424.40
,290485400,03/03/2026 10:04,03/03/2026 13:29,XAUUSD,Buy,0.400,0.00000,0.00000,5331.41000,5119.31000,0.0000,0.0000,-21210.0,-8484.00,-15.87,"[so -120.55%/-735.24/609.90]",0,00:03:25:04,0.0,0s,25268.0,0.00,0.0,0.0,-25268.0,-10107.2,0.0,16.1,-21210.00,-8484.00
,285698148,24/02/2026 15:49,03/03/2026 13:29,XAUUSD,Sell,0.400,0.00000,5122.52000,5127.74000,5114.50000,0.0000,0.0000,1324.0,529.60,0.69,"[tp 5122.52]",0,06:21:40:18,0.5,49m,28830.0,21.79,1324.0,529.6,-28830.0,-11532.0,4.4,100.0,0.00,0.00
,290666569,03/03/2026 12:07,03/03/2026 13:29,XAUUSD,Buy,1.000,0.00000,0.00000,5275.57000,5125.39000,0.0000,0.0000,-15018.0,-15018.00,-16.34,"[so -89.70%/-942.04/1050.21]",0,00:01:22:05,0.0,0s,15018.0,0.00,0.0,0.0,-15018.0,-15018.0,0.0,0.0,-15018.00,-15018.00
,290578373,03/03/2026 11:24,03/03/2026 13:29,XAUUSD,Buy,1.000,0.00000,0.00000,5285.37000,5125.39000,0.0000,0.0000,-15998.0,-15998.00,-14.83,"[so -44.80%/-942.04/2102.59]",0,00:02:05:36,0.0,0s,20664.0,0.00,0.0,0.0,-20664.0,-20664.0,0.0,22.6,-15998.00,-15998.00
,290561759,03/03/2026 10:59,03/03/2026 13:29,XAUUSD,Buy,1.000,0.00000,0.00000,5292.01000,5125.39000,0.0000,0.0000,-16662.0,-16662.00,-13.38,"[so -29.84%/-942.04/3156.81]",0,00:02:30:25,0.0,0s,21328.0,0.00,0.0,0.0,-21328.0,-21328.0,0.0,21.9,-16662.00,-16662.00
,290745069,03/03/2026 13:08,03/03/2026 13:29,XAUUSD,Buy,3.000,0.00000,0.00000,5197.95000,5132.57000,0.0000,0.0000,-6538.0,-19614.00,-13.60,"[so 17.45%/2019.96/11578.35]",0,00:00:20:49,0.0,0s,6538.0,10000.00,0.0,0.0,-6538.0,-19614.0,0.0,0.0,-6538.00,-19614.00
,290560990,03/03/2026 10:59,03/03/2026 13:29,XAUUSD,Buy,1.000,0.00000,0.00000,5292.59000,5131.04000,0.0000,0.0000,-16155.0,-16155.00,-10.08,"[so 17.88%/752.96/4212.09]",0,00:02:30:26,0.0,0s,21386.0,0.00,0.0,0.0,-21386.0,-21386.0,0.0,24.5,-16155.00,-16155.00
,290535736,03/03/2026 10:39,03/03/2026 13:29,XAUUSD,Buy,1.000,0.00000,0.00000,5299.90000,5131.04000,0.0000,0.0000,-16886.0,-16886.00,-9.53,"[so 14.29%/752.96/5268.85]",0,00:02:49:44,0.0,0s,22117.0,0.00,0.0,0.0,-22117.0,-22117.0,0.0,23.7,-16886.00,-16886.00
,290525595,03/03/2026 10:34,03/03/2026 13:29,XAUUSD,Buy,1.000,0.00000,0.00000,5305.46000,5131.04000,0.0000,0.0000,-17442.0,-17442.00,-8.96,"[so 11.90%/752.96/6326.89]",0,00:02:55:11,0.0,0s,22673.0,0.00,0.0,0.0,-22673.0,-22673.0,0.0,23.1,-17442.00,-17442.00
,290523316,03/03/2026 10:33,03/03/2026 13:29,XAUUSD,Buy,1.000,0.00000,0.00000,5307.79000,5131.04000,0.0000,0.0000,-17675.0,-17675.00,-8.32,"[so 10.19%/752.96/7385.75]",0,00:02:56:32,0.0,0s,22906.0,0.00,0.0,0.0,-22906.0,-22906.0,0.0,22.8,-17675.00,-17675.00
,290510132,03/03/2026 10:23,03/03/2026 13:29,XAUUSD,Buy,1.000,0.00000,0.00000,5314.72000,5131.04000,0.0000,0.0000,-18368.0,-18368.00,-7.96,"[so 8.92%/752.96/8445.96]",0,00:03:05:39,0.0,0s,23599.0,0.00,0.0,0.0,-23599.0,-23599.0,0.0,22.2,-18368.00,-18368.00
,290743085,03/03/2026 13:08,03/03/2026 13:29,XAUUSD,Buy,3.000,0.00000,0.00000,5217.03000,5132.87000,0.0000,0.0000,-8416.0,-25248.00,-9.86,"[so 15.94%/2345.66/14715.03]",0,00:00:21:16,0.0,0s,8416.0,10000.00,0.0,0.0,-8416.0,-25248.0,0.0,0.0,-8416.00,-25248.00
,290688190,03/03/2026 12:34,03/03/2026 13:29,XAUUSD,Buy,3.000,0.00000,0.00000,5270.43000,5133.72000,0.0000,0.0000,-13671.0,-41013.00,-13.81,"[so 18.03%/3790.66/21023.85]",0,00:00:54:47,0.0,0s,13671.0,0.00,0.0,0.0,-13671.0,-41013.0,0.0,0.0,-13671.00,-41013.00
,290610109,03/03/2026 11:27,03/03/2026 13:29,XAUUSD,Buy,3.000,0.00000,0.00000,5245.13000,5132.87000,0.0000,0.0000,-11226.0,-33678.00,-10.19,"[so 13.13%/2345.66/17863.35]",0,00:02:02:37,0.0,0s,16640.0,0.00,0.0,0.0,-16640.0,-49920.0,0.0,32.5,-11226.00,-33678.00
,288043100,27/02/2026 13:56,03/03/2026 13:09,XAUUSD,Sell,0.300,0.00000,0.00000,5184.05000,5176.08000,0.0000,0.0000,797.0,239.10,0.07,"",0,03:23:12:36,1.2,1h 8m,23323.0,3.43,6796.0,2038.8,-23323.0,-6996.9,22.6,80.1,-5999.00,-1799.70
,288079891,27/02/2026 15:08,03/03/2026 13:09,XAUUSD,Sell,0.300,0.00000,0.00000,5207.69000,5188.08000,0.0000,0.0000,1961.0,588.30,0.18,"",0,03:22:00:48,2.2,2h 4m,20959.0,2.29,9160.0,2748.0,-20959.0,-6287.7,30.4,76.1,-7199.00,-2159.70
,287872861,27/02/2026 15:23,03/03/2026 13:08,XAUUSD,Sell,0.300,0.00000,0.00000,5234.50000,5206.97000,0.0000,0.0000,2753.0,825.90,0.25,"",0,03:21:44:54,4.6,4h 18m,18952.0,1.54,11841.0,3552.2999999999997,-18278.0,-5483.4,39.3,69.8,-9088.00,-2726.40
,290727576,03/03/2026 13:01,03/03/2026 13:07,XAUUSD,Sell,0.500,0.00000,0.00000,5253.72000,5214.18000,0.0000,0.0000,3954.0,1977.00,0.60,"",0,00:00:06:50,100.0,6m,5550.0,0.00,9504.0,4752.0,0.0,0.0,100.0,41.6,-5550.00,-2775.00
,290614180,03/03/2026 11:27,03/03/2026 13:07,XAUUSD,Sell,3.000,0.00000,0.00000,5231.87000,5229.71000,0.0000,0.0000,216.0,648.00,0.20,"",0,00:01:39:48,100.0,1h 39m,15098.0,0.00,15314.0,45942.0,0.0,0.0,100.0,1.4,-15098.00,-45294.00
,290615001,03/03/2026 11:27,03/03/2026 13:07,XAUUSD,Buy,1.000,0.00000,0.00000,5231.57000,5232.34000,0.0000,0.0000,77.0,77.00,0.02,"",0,00:01:39:29,1.0,59s,15284.0,200.00,77.0,77.0,-15284.0,-15284.0,0.5,100.0,0.00,0.00
,290668480,03/03/2026 12:10,03/03/2026 12:53,XAUUSD,Sell,1.000,0.00000,0.00000,5274.76000,5246.50000,0.0000,0.0000,2826.0,2826.00,0.87,"",0,00:00:42:54,100.0,42m,6248.0,0.00,9074.0,9074.0,0.0,0.0,100.0,31.1,-6248.00,-6248.00
,290580440,03/03/2026 11:10,03/03/2026 11:26,XAUUSD,Sell,1.000,0.00000,0.00000,5293.97000,5245.90000,0.0000,0.0000,4807.0,4807.00,1.51,"",0,00:00:16:31,100.0,16m,6722.0,0.00,11529.0,11529.0,0.0,0.0,100.0,41.7,-6722.00,-6722.00
,290380436,03/03/2026 08:20,03/03/2026 11:26,XAUUSD,Sell,0.500,0.00000,0.00000,5307.88000,5245.91000,0.0000,0.0000,6197.0,3098.50,0.98,"",0,00:03:06:23,90.9,2h 49m,7463.0,0.09,13660.0,6830.0,-1269.0,-634.5,91.5,50.0,-7463.00,-3731.50
,289808048,02/03/2026 18:57,03/03/2026 11:26,XAUUSD,Sell,0.300,0.00000,0.00000,5297.26000,5245.91000,0.0000,0.0000,5135.0,1540.50,0.49,"",0,00:16:29:07,16.7,2h 45m,11914.0,0.47,17049.0,5114.7,-8070.0,-2421.0,67.9,52.6,-11914.00,-3574.20
,287544809,27/02/2026 23:51,03/03/2026 11:26,XAUUSD,Sell,0.300,0.00000,0.00000,5281.12000,5245.91000,0.0000,0.0000,3521.0,1056.30,0.34,"",0,03:11:35:50,2.6,2h 10m,13616.0,0.88,15435.0,4630.5,-13616.0,-4084.7999999999997,53.1,59.0,-11914.00,-3574.20
,290482869,03/03/2026 10:02,03/03/2026 10:33,XAUUSD,Sell,0.400,0.00000,0.00000,5328.32000,5307.36000,0.0000,0.0000,2096.0,838.40,0.27,"",0,00:00:30:33,100.0,30m,3861.0,0.00,5957.0,2382.8,0.0,0.0,100.0,35.2,-3861.00,-1544.40
,290391060,03/03/2026 08:29,03/03/2026 10:04,XAUUSD,Buy,0.500,0.00000,0.00000,5315.94000,5331.07000,0.0000,0.0000,1513.0,756.50,0.24,"",0,00:01:35:09,1.1,1m,8285.0,5.48,1513.0,756.5,-8285.0,-4142.5,15.4,100.0,0.00,0.00
,290391586,03/03/2026 08:30,03/03/2026 10:04,XAUUSD,Buy,3.000,0.00000,0.00000,5317.47000,5331.14000,0.0000,0.0000,1367.0,4101.00,1.33,"",0,00:01:34:27,1.1,1m,8438.0,6.17,1367.0,4101.0,-8438.0,-25314.0,13.9,100.0,0.00,0.00
,290396925,03/03/2026 08:36,03/03/2026 10:04,XAUUSD,Buy,1.000,0.00000,0.00000,5309.30000,5331.19000,0.0000,0.0000,2189.0,2189.00,0.72,"",0,00:01:28:24,4.6,4m,7752.0,3.48,2189.0,2189.0,-7621.0,-7621.0,22.3,100.0,0.00,0.00
,290423441,03/03/2026 08:57,03/03/2026 10:04,XAUUSD,Buy,1.000,0.00000,0.00000,5305.11000,5331.33000,0.0000,0.0000,2622.0,2622.00,0.87,"",0,00:01:07:30,1.5,1m,7202.0,2.75,2622.0,2622.0,-7202.0,-7202.0,26.7,100.0,0.00,0.00
,290368476,03/03/2026 08:14,03/03/2026 08:20,XAUUSD,Buy,1.000,0.00000,0.00000,5289.43000,5307.90000,0.0000,0.0000,1847.0,1847.00,0.61,"",0,00:00:06:18,100.0,6m,1994.0,0.00,3841.0,3841.0,0.0,0.0,100.0,48.1,-1994.00,-1994.00
,290366046,03/03/2026 08:13,03/03/2026 08:20,XAUUSD,Buy,1.000,0.00000,0.00000,5295.93000,5307.90000,0.0000,0.0000,1197.0,1197.00,0.40,"",0,00:00:07:04,100.0,7m,1994.0,0.00,3191.0,3191.0,0.0,0.0,100.0,37.5,-1994.00,-1994.00
,290366027,03/03/2026 08:13,03/03/2026 08:20,XAUUSD,Buy,1.000,0.00000,0.00000,5295.83000,5307.90000,0.0000,0.0000,1207.0,1207.00,0.40,"",0,00:00:07:05,100.0,7m,1994.0,0.00,3201.0,3201.0,0.0,0.0,100.0,37.7,-1994.00,-1994.00
,290364920,03/03/2026 08:12,03/03/2026 08:20,XAUUSD,Buy,1.000,0.00000,0.00000,5302.88000,5307.90000,0.0000,0.0000,502.0,502.00,0.17,"",0,00:00:07:38,100.0,7m,1994.0,0.00,2496.0,2496.0,0.0,0.0,100.0,20.1,-1994.00,-1994.00
,290358489,03/03/2026 08:09,03/03/2026 08:20,XAUUSD,Buy,1.000,0.00000,0.00000,5306.44000,5307.90000,0.0000,0.0000,146.0,146.00,0.05,"",0,00:00:10:42,100.0,10m,1994.0,0.00,2140.0,2140.0,0.0,0.0,100.0,6.8,-1994.00,-1994.00
,290351589,03/03/2026 08:05,03/03/2026 08:09,XAUUSD,Sell,1.000,0.00000,0.00000,5321.97000,5306.85000,0.0000,0.0000,1512.0,1512.00,0.51,"",0,00:00:03:46,,,,,,,,,,,,
,290161169,03/03/2026 04:13,03/03/2026 08:09,XAUUSD,Sell,0.500,0.00000,0.00000,5348.28000,5306.86000,0.0000,0.0000,4142.0,2071.00,0.70,"",0,00:03:55:59,68.1,2h 40m,4206.0,0.40,5841.0,2920.5,-2350.0,-1175.0,71.3,79.3,-1699.00,-849.50
,290137870,03/03/2026 04:00,03/03/2026 08:09,XAUUSD,Sell,0.500,0.00000,0.00000,5338.70000,5306.85000,0.0000,0.0000,3185.0,1592.50,0.54,"",0,00:04:09:38,63.3,2h 38m,4206.0,0.68,4883.0,2441.5,-3308.0,-1654.0,59.6,79.3,-1698.00,-849.00
,289929264,02/03/2026 21:51,03/03/2026 08:09,XAUUSD,Sell,0.500,0.00000,0.00000,5325.33000,5306.85000,0.0000,0.0000,1848.0,924.00,0.32,"",0,00:10:18:30,29.3,3h 1m,5645.0,1.48,3546.0,1773.0,-5263.0,-2631.5,40.3,80.7,-1698.00,-849.00
,290180137,03/03/2026 04:30,03/03/2026 07:42,XAUUSD,Sell,0.500,0.00000,0.00000,5363.66000,5343.20000,0.0000,0.0000,2046.0,1023.00,0.35,"",0,00:03:11:38,89.5,2h 51m,5333.0,0.08,7379.0,3689.5,-575.0,-287.5,92.8,33.0,-5333.00,-2666.50
,290115130,03/03/2026 03:47,03/03/2026 04:30,XAUUSD,Buy,0.500,0.00000,0.00000,5350.95000,5363.23000,0.0000,0.0000,1228.0,614.00,0.21,"",0,00:00:43:05,100.0,43m,855.0,0.00,2083.0,1041.5,0.0,0.0,100.0,59.0,-855.00,-427.50
,290136264,03/03/2026 03:59,03/03/2026 04:11,XAUUSD,Buy,0.500,0.00000,0.00000,5341.90000,5351.50000,0.0000,0.0000,960.0,480.00,0.17,"",0,00:00:12:03,,,,,,,,,,,,
,290033219,03/03/2026 02:21,03/03/2026 03:59,XAUUSD,Sell,0.500,0.00000,0.00000,5354.10000,5341.51000,0.0000,0.0000,1259.0,629.50,0.22,"",0,00:01:37:54,5.3,5m,1718.0,1.36,1259.0,629.5,-1718.0,-859.0,42.3,100.0,0.00,0.00
,290116763,03/03/2026 03:47,03/03/2026 03:50,XAUUSD,Buy,1.000,0.00000,0.00000,5347.90000,5352.70000,0.0000,0.0000,480.0,480.00,0.17,"",0,00:00:02:37,,,,,,,,,,,,
,290080699,03/03/2026 03:15,03/03/2026 03:47,XAUUSD,Sell,0.500,0.00000,0.00000,5370.70000,5349.22000,0.0000,0.0000,2148.0,1074.00,0.37,"",0,00:00:32:02,100.0,32m,250.0,0.00,2148.0,1074.0,0.0,0.0,100.0,100.0,0.00,0.00
,289555367,02/03/2026 16:23,03/03/2026 03:15,XAUUSD,Buy,0.300,0.00000,0.00000,5351.67000,5371.93000,0.0000,0.0000,2026.0,607.80,0.21,"",0,00:10:52:10,23.7,2h 34m,6162.0,2.34,2629.0,788.6999999999999,-6162.0,-1848.6,29.9,93.1,-603.00,-180.90
,289912964,02/03/2026 21:18,03/03/2026 02:21,XAUUSD,Buy,0.300,0.00000,0.00000,5324.95000,5353.67000,0.0000,0.0000,2872.0,861.60,0.30,"",0,00:05:03:06,77.1,3h 53m,3805.0,0.06,5301.0,1590.3,-344.0,-103.2,93.9,57.0,-2429.00,-728.70
,289919416,02/03/2026 21:32,02/03/2026 22:11,XAUUSD,Buy,3.000,0.00000,5345.90000,5330.61000,5345.50000,0.0000,0.0000,1489.0,4467.00,1.59,"[tp 5345.90]",0,00:00:38:50,25.0,9m,973.0,0.61,1489.0,4467.0,-910.0,-2730.0,62.1,100.0,0.00,0.00
,289720322,02/03/2026 17:57,02/03/2026 21:14,XAUUSD,Buy,1.000,0.00000,0.00000,5316.05000,5329.71000,0.0000,0.0000,1366.0,1366.00,0.49,"",0,00:03:16:48,71.8,2h 21m,2347.0,0.84,2780.0,2780.0,-2347.0,-2347.0,54.2,72.4,-1414.00,-1414.00
,289788309,02/03/2026 18:38,02/03/2026 18:55,XAUUSD,Buy,1.000,0.00000,0.00000,5296.70000,5296.38000,0.0000,0.0000,-32.0,-32.00,-0.01,"",0,00:00:16:51,,,,,,,,,,,,
,289739430,02/03/2026 18:02,02/03/2026 18:55,XAUUSD,Buy,3.000,0.00000,0.00000,5268.26000,5295.17000,0.0000,0.0000,2691.0,8073.00,2.97,"",0,00:00:52:53,100.0,52m,2041.0,0.00,4732.0,14196.0,0.0,0.0,100.0,56.9,-2041.00,-6123.00
,289736489,02/03/2026 18:01,02/03/2026 18:55,XAUUSD,Buy,2.000,0.00000,0.00000,5280.61000,5295.17000,0.0000,0.0000,1456.0,2912.00,1.08,"",0,00:00:53:40,100.0,53m,2041.0,0.00,3497.0,6994.0,0.0,0.0,100.0,41.6,-2041.00,-4082.00
,289732917,02/03/2026 18:00,02/03/2026 18:55,XAUUSD,Buy,3.000,0.00000,0.00000,5290.70000,5295.17000,0.0000,0.0000,447.0,1341.00,0.50,"",0,00:00:54:32,100.0,54m,2041.0,0.00,2488.0,7464.0,0.0,0.0,100.0,18.0,-2041.00,-6123.00
,289732385,02/03/2026 18:00,02/03/2026 18:55,XAUUSD,Buy,3.000,0.00000,0.00000,5290.61000,5295.17000,0.0000,0.0000,456.0,1368.00,0.51,"",0,00:00:54:39,100.0,54m,2041.0,0.00,2497.0,7491.0,0.0,0.0,100.0,18.3,-2041.00,-6123.00
,288827604,02/03/2026 03:53,02/03/2026 18:01,XAUUSD,Sell,0.300,0.00000,0.00000,5326.88000,5281.09000,0.0000,0.0000,4579.0,1373.70,0.52,"",0,00:14:08:18,17.1,2h 25m,9040.0,1.70,5315.0,1594.5,-9040.0,-2712.0,37.0,94.9,-736.00,-220.80
,289714505,02/03/2026 17:47,02/03/2026 18:00,XAUUSD,Buy,1.000,5294.04000,0.00000,5334.37000,5290.58000,0.0000,0.0000,-4379.0,-4379.00,-1.63,"[sl 5294.04]",0,00:00:12:41,,,,,,,,,,,,
,289699794,02/03/2026 17:35,02/03/2026 18:00,XAUUSD,Buy,3.000,5294.24000,0.00000,5343.60000,5291.14000,0.0000,0.0000,-5246.0,-15738.00,-5.52,"[sl 5294.24]",0,00:00:24:44,0.0,0s,5246.0,10000.00,0.0,0.0,-5246.0,-15738.0,0.0,0.0,-5246.00,-15738.00
,289555401,02/03/2026 16:23,02/03/2026 16:34,XAUUSD,Sell,0.300,0.00000,0.00000,5351.52000,5321.31000,0.0000,0.0000,3021.0,906.30,0.32,"",0,00:00:10:51,,,,,,,,,,,,
,288856626,02/03/2026 16:26,02/03/2026 16:34,XAUUSD,Buy,3.000,0.00000,0.00000,5307.18000,5318.92000,0.0000,0.0000,1174.0,3522.00,1.26,"",0,00:00:07:46,,,,,,,,,,,,
,289057868,02/03/2026 08:35,02/03/2026 16:23,XAUUSD,Sell,0.300,0.00000,0.00000,5376.51000,5353.20000,0.0000,0.0000,2331.0,699.30,0.25,"",0,00:07:47:50,31.2,2h 25m,7947.0,0.31,10278.0,3083.4,-3231.0,-969.3,76.1,41.2,-7947.00,-2384.10
,289100079,02/03/2026 09:09,02/03/2026 16:23,XAUUSD,Sell,0.300,0.00000,0.00000,5396.06000,5353.67000,0.0000,0.0000,4239.0,1271.70,0.46,"",0,00:07:14:23,85.1,6h 9m,7994.0,0.08,12233.0,3669.9,-995.0,-298.5,92.5,39.6,-7994.00,-2398.20
,289537708,02/03/2026 16:13,02/03/2026 16:23,XAUUSD,Sell,1.000,0.00000,0.00000,5372.85000,5352.24000,0.0000,0.0000,2061.0,2061.00,0.75,"",0,00:00:09:30,,,,,,,,,,,,
,289489359,02/03/2026 15:34,02/03/2026 15:43,XAUUSD,Buy,1.000,5395.45000,0.00000,5403.11000,5395.13000,0.0000,0.0000,-798.0,-798.00,-0.29,"[sl 5395.45]",0,00:00:09:12,,,,,,,,,,,,
,289486719,02/03/2026 15:32,02/03/2026 15:33,XAUUSD,Buy,1.000,5401.45000,0.00000,5413.76000,5401.62000,0.0000,0.0000,-1214.0,-1214.00,-0.44,"[sl 5401.45]",0,00:00:01:21,,,,,,,,,,,,
,289124016,02/03/2026 09:21,02/03/2026 09:30,XAUUSD,Buy,1.000,5408.58000,0.00000,5415.11000,5408.30000,0.0000,0.0000,-681.0,-681.00,-0.24,"[sl 5408.58]",0,00:00:08:52,0.0,0s,2308.0,2500.00,0.0,0.0,-2308.0,-2308.0,0.0,70.5,-681.00,-681.00
,289103848,02/03/2026 09:10,02/03/2026 09:16,XAUUSD,Buy,1.000,0.00000,5409.73000,5399.66000,5409.70000,0.0000,0.0000,1004.0,1004.00,0.36,"[tp 5409.73]",0,00:00:05:35,16.7,55s,498.0,0.50,1004.0,1004.0,-498.0,-498.0,66.8,100.0,0.00,0.00
,288626105,02/03/2026 01:24,02/03/2026 09:09,XAUUSD,Buy,0.300,0.00000,0.00000,5352.12000,5398.23000,0.0000,0.0000,4611.0,1383.30,0.50,"",0,00:07:44:34,71.2,5h 30m,4620.0,0.71,6516.0,1954.8,-4620.0,-1386.0,58.5,82.9,-1905.00,-571.50
,288647140,02/03/2026 01:42,02/03/2026 09:09,XAUUSD,Buy,3.000,0.00000,0.00000,5392.86000,5393.86000,0.0000,0.0000,100.0,300.00,0.11,"",0,00:07:26:37,27.3,2h 1m,7316.0,3.00,2442.0,7326.0,-7316.0,-21948.0,25.0,76.0,-2342.00,-7026.00
,288647035,02/03/2026 01:42,02/03/2026 09:08,XAUUSD,Buy,3.000,0.00000,0.00000,5392.79000,5393.41000,0.0000,0.0000,62.0,186.00,0.07,"",0,00:07:26:37,27.2,2h 1m,7309.0,2.99,2449.0,7347.0,-7309.0,-21927.0,25.1,75.5,-2387.00,-7161.00
,288974908,02/03/2026 06:47,02/03/2026 08:17,XAUUSD,Buy,1.000,0.00000,0.00000,5352.38000,5376.61000,0.0000,0.0000,2423.0,2423.00,0.88,"",0,00:01:30:05,100.0,1h 30m,4067.0,0.00,6490.0,6490.0,0.0,0.0,100.0,37.3,-4067.00,-4067.00
,288957958,02/03/2026 06:23,02/03/2026 06:29,XAUUSD,Buy,3.000,0.00000,0.00000,5365.71000,5363.22000,0.0000,0.0000,-249.0,-747.00,-0.27,"",0,00:00:06:17,83.4,5m,1719.0,0.17,1470.0,4410.0,-249.0,-747.0,85.5,0.0,-1719.00,-5157.00
,288783731,02/03/2026 03:24,02/03/2026 06:22,XAUUSD,Buy,0.300,0.00000,0.00000,5325.79000,5363.66000,0.0000,0.0000,3787.0,1136.10,0.42,"",0,00:02:58:15,100.0,2h 58m,2519.0,0.00,5291.0,1587.3,0.0,0.0,100.0,71.6,-1504.00,-451.20
,288792753,02/03/2026 03:29,02/03/2026 06:22,XAUUSD,Buy,0.300,0.00000,0.00000,5314.40000,5363.37000,0.0000,0.0000,4897.0,1469.10,0.54,"",0,00:02:52:52,100.0,2h 52m,2519.0,0.00,6430.0,1929.0,0.0,0.0,100.0,76.2,-1533.00,-459.90
,288856149,02/03/2026 04:16,02/03/2026 06:22,XAUUSD,Buy,3.000,0.00000,0.00000,5332.68000,5363.40000,0.0000,0.0000,3072.0,9216.00,3.51,"",0,00:02:06:23,100.0,2h 6m,2426.0,0.00,4602.0,13806.0,0.0,0.0,100.0,66.8,-1530.00,-4590.00
,288626200,02/03/2026 01:25,02/03/2026 03:29,XAUUSD,Sell,0.300,0.00000,0.00000,5350.91000,5305.08000,0.0000,0.0000,4583.0,1374.90,0.53,"",0,00:02:04:38,100.0,2h 4m,3306.0,0.00,4583.0,1374.8999999999999,0.0,0.0,100.0,100.0,0.00,0.00
,288629089,02/03/2026 01:41,02/03/2026 03:29,XAUUSD,Sell,0.300,0.00000,0.00000,5388.34000,5313.85000,0.0000,0.0000,7449.0,2234.70,0.86,"",0,00:01:47:48,100.0,1h 47m,1608.0,0.00,7449.0,2234.7,0.0,0.0,100.0,100.0,0.00,0.00
,288649398,02/03/2026 01:43,02/03/2026 01:47,XAUUSD,Buy,3.000,0.00000,0.00000,5381.82000,5385.64000,0.0000,0.0000,382.0,1146.00,0.44,"",0,00:00:04:06,25.0,1m,5067.0,13.28,382.0,1146.0,-5067.0,-15201.0,7.0,100.0,0.00,0.00
,288626088,02/03/2026 01:24,02/03/2026 01:41,XAUUSD,Buy,0.300,0.00000,5387.67000,5352.69000,5387.79000,0.0000,0.0000,3510.0,1053.00,0.41,"[tp 5387.67]",0,00:00:16:54,5.9,59s,4677.0,1.33,3510.0,1053.0,-4677.0,-1403.1,42.9,100.0,0.00,0.00
,288626284,02/03/2026 01:25,02/03/2026 01:41,XAUUSD,Buy,3.000,0.00000,5387.33000,5351.36000,5387.31000,0.0000,0.0000,3595.0,10785.00,4.38,"[tp 5387.33]",0,00:00:16:37,6.3,1m,4544.0,1.26,3595.0,10785.0,-4544.0,-13632.0,44.2,100.0,0.00,0.00
,288586726,02/03/2026 01:02,02/03/2026 01:24,XAUUSD,Buy,2.000,0.00000,0.00000,5333.98000,5352.78000,0.0000,0.0000,1880.0,3760.00,1.55,"",0,00:00:21:56,45.5,9m,1978.0,0.56,1880.0,3760.0,-1061.0,-2122.0,63.9,100.0,0.00,0.00
,288580388,02/03/2026 01:01,02/03/2026 01:24,XAUUSD,Buy,0.300,0.00000,0.00000,5321.02000,5352.78000,0.0000,0.0000,3176.0,952.80,0.39,"",0,00:00:23:09,95.7,22m,1978.0,0.10,3176.0,952.8,-321.0,-96.3,90.8,100.0,0.00,0.00
,288133259,27/02/2026 15:49,02/03/2026 01:24,XAUUSD,Buy,0.300,0.00000,0.00000,5213.50000,5352.78000,0.0000,0.0000,13928.0,4178.40,1.76,"",0,02:09:35:07,100.0,2d 9h ,7074.0,0.00,17505.0,5251.5,0.0,0.0,100.0,79.6,-3577.00,-1073.10
,288101909,27/02/2026 15:25,02/03/2026 01:24,XAUUSD,Buy,0.300,0.00000,0.00000,5234.98000,5352.78000,0.0000,0.0000,11780.0,3534.00,1.51,"",0,02:09:59:10,96.3,2d 7h ,7074.0,0.08,15357.0,4607.099999999999,-1201.0,-360.3,92.7,78.4,-3577.00,-1073.10
,279038571,02/03/2026 01:24,,,Deposit,0.000,0.00000,0.00000,0.00000,0.00000,0.0000,0.0000,0.0,90000.00,0,"Deposit-TH-QR-CPS-APP",0,00:00:00:00,,,,,,,,,,,,
,288274572,27/02/2026 18:16,27/02/2026 23:51,XAUUSD,Buy,0.300,0.00000,5280.04000,5255.88000,5281.12000,0.0000,0.0000,2524.0,757.20,0.53,"[tp 5280.04]",0,00:05:34:21,63.0,3h 30m,3291.0,3.55,928.0,278.4,-3291.0,-987.3,22.0,137.8,1596.00,478.80
,288209425,27/02/2026 17:09,27/02/2026 23:51,XAUUSD,Buy,0.300,0.00000,5280.08000,5233.53000,5281.12000,0.0000,0.0000,4759.0,1427.70,1.01,"[tp 5280.08]",0,00:06:41:32,86.1,5h 45m,1396.0,0.33,3163.0,948.9,-1056.0,-316.8,75.0,137.8,1596.00,478.80
,288027946,27/02/2026 13:07,27/02/2026 15:23,XAUUSD,Buy,0.300,0.00000,5232.95000,5177.00000,5233.65000,0.0000,0.0000,5665.0,1699.50,1.21,"[tp 5232.95]",0,00:02:16:28,100.0,2h 16m,3011.0,0.00,6180.0,1854.0,0.0,0.0,100.0,91.7,-515.00,-154.50
,287783231,27/02/2026 04:14,27/02/2026 15:23,XAUUSD,Buy,0.300,0.00000,5233.57000,5194.05000,5233.38000,0.0000,0.0000,3933.0,1179.90,0.85,"[tp 5233.57]",0,00:11:09:31,29.2,3h 15m,2634.0,0.51,4404.0,1321.2,-2239.0,-671.6999999999999,66.3,92.9,-471.00,-141.30
,286250597,25/02/2026 07:46,27/02/2026 15:23,XAUUSD,Buy,0.400,0.00000,5233.21000,5203.86000,5233.45000,0.0000,0.0000,2959.0,1183.60,0.86,"[tp 5233.21]",0,02:07:37:10,9.2,5h 7m,7323.0,1.81,3423.0,1369.2,-6212.0,-2484.8,35.5,95.2,-464.00,-185.60
,288005138,27/02/2026 12:13,27/02/2026 13:56,XAUUSD,Buy,0.300,0.00000,0.00000,5169.10000,5184.37000,0.0000,0.0000,1527.0,458.10,0.33,"",0,00:01:43:34,100.0,1h 43m,5443.0,0.00,6970.0,2091.0,0.0,0.0,100.0,21.9,-5443.00,-1632.90
,287866708,27/02/2026 07:27,27/02/2026 12:13,XAUUSD,Sell,0.300,0.00000,0.00000,5192.10000,5169.11000,0.0000,0.0000,2299.0,689.70,0.51,"",0,00:04:45:24,100.0,4h 45m,2030.0,0.00,2299.0,689.6999999999999,0.0,0.0,100.0,100.0,0.00,0.00
,287834302,27/02/2026 05:48,27/02/2026 12:13,XAUUSD,Sell,0.300,0.00000,0.00000,5189.58000,5169.09000,0.0000,0.0000,2049.0,614.70,0.45,"",0,00:06:24:33,83.2,5h 19m,2030.0,0.49,2049.0,614.6999999999999,-1000.0,-300.0,67.2,100.0,0.00,0.00
,287805740,27/02/2026 04:46,27/02/2026 12:13,XAUUSD,Sell,0.300,0.00000,0.00000,5181.26000,5169.21000,0.0000,0.0000,1205.0,361.50,0.27,"",0,00:07:26:21,59.6,4h 26m,1674.0,1.39,1205.0,361.5,-1674.0,-502.2,41.9,100.0,0.00,0.00
,287765453,27/02/2026 03:46,27/02/2026 07:28,XAUUSD,Buy,0.300,0.00000,0.00000,5187.82000,5193.48000,0.0000,0.0000,566.0,169.80,0.13,"",0,00:03:42:12,61.8,2h 17m,867.0,0.53,1176.0,352.8,-629.0,-188.7,65.2,66.2,-610.00,-183.00
,287796285,27/02/2026 04:35,27/02/2026 07:27,XAUUSD,Buy,0.300,0.00000,0.00000,5183.01000,5191.94000,0.0000,0.0000,893.0,267.90,0.20,"",0,00:02:51:48,97.7,2h 47m,764.0,0.09,1657.0,497.09999999999997,-148.0,-44.4,91.8,57.7,-764.00,-229.20
,287800325,27/02/2026 04:38,27/02/2026 07:27,XAUUSD,Buy,0.300,0.00000,0.00000,5176.67000,5191.66000,0.0000,0.0000,1499.0,449.70,0.33,"",0,00:02:49:15,100.0,2h 49m,792.0,0.00,2291.0,687.3,0.0,0.0,100.0,65.4,-792.00,-237.60
,287765455,27/02/2026 03:46,27/02/2026 04:38,XAUUSD,Sell,0.300,0.00000,0.00000,5187.91000,5176.92000,0.0000,0.0000,1099.0,329.70,0.25,"",0,00:00:52:11,78.9,41m,521.0,0.21,1099.0,329.7,-229.0,-68.7,82.8,100.0,0.00,0.00
,287728820,27/02/2026 02:39,27/02/2026 03:46,XAUUSD,Buy,0.300,0.00000,0.00000,5175.39000,5187.74000,0.0000,0.0000,1235.0,370.50,0.28,"",0,00:01:06:29,98.6,1h 5m,739.0,0.06,1307.0,392.09999999999997,-77.0,-23.099999999999998,94.4,94.8,-72.00,-21.60
,287558545,26/02/2026 18:11,27/02/2026 03:46,XAUUSD,Buy,0.300,0.00000,0.00000,5177.01000,5187.74000,0.0000,0.0000,1073.0,321.90,0.24,"",0,00:09:34:16,87.5,8h 22m,3147.0,0.44,2341.0,702.3,-1036.0,-310.8,69.3,62.5,-1268.00,-380.40
,287523870,26/02/2026 17:36,27/02/2026 03:46,XAUUSD,Buy,0.300,0.00000,0.00000,5161.30000,5187.74000,0.0000,0.0000,2644.0,793.20,0.60,"",0,00:10:10:07,100.0,10h 10m,3147.0,0.00,3912.0,1173.6,0.0,0.0,100.0,67.6,-1268.00,-380.40
,287368232,26/02/2026 15:07,27/02/2026 03:46,XAUUSD,Buy,0.300,0.00000,0.00000,5176.88000,5187.74000,0.0000,0.0000,1086.0,325.80,0.25,"",0,00:12:39:05,79.5,10h 3m,4455.0,1.89,2354.0,706.1999999999999,-4455.0,-1336.5,34.6,81.4,-1268.00,-380.40
,287172526,26/02/2026 09:37,27/02/2026 03:46,XAUUSD,Buy,0.300,0.00000,0.00000,5186.48000,5187.74000,0.0000,0.0000,126.0,37.80,0.03,"",0,00:18:08:15,23.9,4h 20m,4754.0,3.29,1359.0,407.7,-4474.0,-1342.2,23.3,78.9,-1233.00,-369.90
,287434791,26/02/2026 16:33,26/02/2026 17:36,XAUUSD,Buy,0.300,0.00000,0.00000,5151.28000,5161.79000,0.0000,0.0000,1051.0,315.30,0.24,"",0,00:01:02:53,100.0,1h 2m,2784.0,0.00,3835.0,1150.5,0.0,0.0,100.0,27.4,-2784.00,-835.20
,287511862,26/02/2026 17:28,26/02/2026 17:35,XAUUSD,Buy,0.400,0.00000,0.00000,5134.28000,5161.80000,0.0000,0.0000,2752.0,1100.80,0.84,"",0,00:00:07:28,100.0,7m,1575.0,0.00,4327.0,1730.8000000000002,0.0,0.0,100.0,63.6,-1575.00,-630.00
,286648453,25/02/2026 18:47,26/02/2026 17:28,XAUUSD,Sell,0.400,0.00000,0.00000,5212.34000,5135.70000,0.0000,0.0000,7664.0,3065.60,2.40,"",0,00:22:41:25,100.0,22h 41m,5058.0,0.00,7664.0,3065.6000000000004,0.0,0.0,100.0,100.0,0.00,0.00
,286250551,25/02/2026 07:46,26/02/2026 17:28,XAUUSD,Sell,0.400,0.00000,0.00000,5203.46000,5135.70000,0.0000,0.0000,6776.0,2710.40,2.17,"",0,01:09:42:02,92.1,1d 7h ,5539.0,0.17,6776.0,2710.4,-1151.0,-460.40000000000003,85.5,100.0,0.00,0.00
,286099716,25/02/2026 07:49,26/02/2026 17:28,XAUUSD,Sell,0.400,0.00000,0.00000,5205.20000,5135.70000,0.0000,0.0000,6950.0,2780.00,2.27,"",0,01:09:38:50,93.1,1d 7h ,5539.0,0.14,6950.0,2780.0,-977.0,-390.8,87.7,100.0,0.00,0.00
,286004829,24/02/2026 23:35,26/02/2026 17:28,XAUUSD,Sell,0.300,0.00000,0.00000,5148.98000,5135.70000,0.0000,0.0000,1328.0,398.40,0.33,"",0,01:17:52:52,2.6,1h 5m,7513.0,4.97,1328.0,398.4,-6599.0,-1979.6999999999998,16.8,100.0,0.00,0.00
,285988920,25/02/2026 03:19,26/02/2026 17:28,XAUUSD,Sell,0.300,0.00000,0.00000,5183.12000,5135.70000,0.0000,0.0000,4742.0,1422.60,1.18,"",0,01:14:09:22,44.4,16h 56m,5539.0,0.67,4742.0,1422.6,-3185.0,-955.5,59.8,100.0,0.00,0.00
,285983764,24/02/2026 22:27,26/02/2026 17:28,XAUUSD,Sell,0.400,0.00000,0.00000,5167.62000,5135.70000,0.0000,0.0000,3192.0,1276.80,1.07,"",0,01:19:00:53,14.0,6h 1m,8398.0,1.29,3663.0,1465.2,-4735.0,-1894.0,43.6,94.4,-471.00,-188.40
,285836863,24/02/2026 17:47,26/02/2026 17:28,XAUUSD,Sell,0.300,0.00000,0.00000,5153.96000,5135.70000,0.0000,0.0000,1826.0,547.80,0.46,"",0,01:23:40:52,10.0,4h 46m,8398.0,2.66,2297.0,689.1,-6101.0,-1830.3,27.4,94.4,-471.00,-141.30
,285813228,24/02/2026 17:26,26/02/2026 17:28,XAUUSD,Sell,0.300,0.00000,0.00000,5144.12000,5135.70000,0.0000,0.0000,842.0,252.60,0.21,"",0,02:00:01:26,5.1,2h 26m,8398.0,5.40,1313.0,393.9,-7085.0,-2125.5,15.6,94.4,-471.00,-141.30
,286645959,25/02/2026 17:04,25/02/2026 18:46,XAUUSD,Buy,0.400,0.00000,5211.56000,5199.35000,5211.35000,0.0000,0.0000,1200.0,480.00,0.41,"[tp 5211.56]",0,00:01:41:27,100.0,1h 41m,1205.0,0.00,1772.0,708.8000000000001,0.0,0.0,100.0,67.7,-572.00,-228.80
,286269869,25/02/2026 08:05,25/02/2026 18:46,XAUUSD,Buy,0.400,0.00000,5211.26000,5193.30000,5211.09000,0.0000,0.0000,1779.0,711.60,0.61,"[tp 5211.26]",0,00:10:41:10,31.4,3h 21m,4007.0,1.54,2377.0,950.8000000000001,-3662.0,-1464.8000000000002,39.4,90.1,-598.00,-239.20
,286143261,25/02/2026 07:30,25/02/2026 07:46,XAUUSD,Buy,1.000,0.00000,0.00000,5197.50000,5203.48000,0.0000,0.0000,598.0,598.00,0.51,"",0,00:00:16:06,6.3,1m,1165.0,1.95,598.0,598.0,-1165.0,-1165.0,33.9,100.0,0.00,0.00
,286095898,25/02/2026 03:29,25/02/2026 07:46,XAUUSD,Buy,1.000,0.00000,0.00000,5186.17000,5203.22000,0.0000,0.0000,1705.0,1705.00,1.48,"",0,00:04:17:10,63.9,2h 44m,2535.0,0.49,2311.0,2311.0,-1127.0,-1127.0,67.2,82.4,-606.00,-606.00
,285988652,24/02/2026 22:44,25/02/2026 04:48,XAUUSD,Buy,1.000,0.00000,0.00000,5173.32000,5184.41000,0.0000,0.0000,1109.0,1109.00,0.97,"",0,00:06:03:57,61.7,3h 44m,4233.0,2.47,1713.0,1713.0,-4233.0,-4233.0,28.8,89.8,-604.00,-604.00
,285987785,24/02/2026 22:41,25/02/2026 03:19,XAUUSD,Buy,0.400,0.00000,5182.21000,5170.72000,5183.12000,0.0000,0.0000,1240.0,496.00,0.44,"[tp 5182.21]",0,00:04:37:59,49.1,2h 16m,3973.0,2.01,1973.0,789.2,-3973.0,-1589.2,33.2,87.7,-733.00,-293.20
,285983763,24/02/2026 22:27,25/02/2026 03:19,XAUUSD,Buy,0.400,0.00000,5182.52000,5167.84000,5183.12000,0.0000,0.0000,1528.0,611.20,0.54,"[tp 5182.52]",0,00:04:51:31,48.3,2h 20m,3685.0,1.63,2261.0,904.4000000000001,-3685.0,-1474.0,38.0,87.7,-733.00,-293.20
,286004884,25/02/2026 01:01,25/02/2026 01:54,XAUUSD,Buy,0.300,0.00000,0.00000,5131.47000,5150.99000,0.0000,0.0000,1952.0,585.60,0.52,"",0,00:00:53:08,100.0,53m,3457.0,0.00,5409.0,1622.7,0.0,0.0,100.0,36.1,-3457.00,-1037.10
,285633187,24/02/2026 14:21,24/02/2026 22:27,XAUUSD,Buy,0.400,0.00000,0.00000,5156.62000,5167.83000,0.0000,0.0000,1121.0,448.40,0.40,"",0,00:08:06:05,35.1,2h 50m,3872.0,2.51,1541.0,616.4000000000001,-3872.0,-1548.8000000000002,28.5,92.2,-420.00,-168.00
,285694649,24/02/2026 15:47,24/02/2026 17:47,XAUUSD,Buy,0.300,0.00000,0.00000,5136.32000,5154.56000,0.0000,0.0000,1824.0,547.20,0.49,"",0,00:01:59:54,95.9,1h 54m,1423.0,0.01,2479.0,743.6999999999999,-15.0,-4.5,99.4,73.7,-655.00,-196.50
,285696647,24/02/2026 15:48,24/02/2026 16:40,XAUUSD,Buy,0.300,0.00000,0.00000,5132.24000,5133.77000,0.0000,0.0000,153.0,45.90,0.04,"",0,00:00:51:29,100.0,51m,1663.0,0.00,1816.0,544.8,0.0,0.0,100.0,8.4,-1663.00,-498.90
,285596576,24/02/2026 13:01,24/02/2026 15:47,XAUUSD,Sell,0.400,0.00000,0.00000,5172.72000,5137.57000,0.0000,0.0000,3515.0,1406.00,1.28,"",0,00:02:46:22,100.0,2h 46m,5078.0,0.00,7100.0,2840.0,0.0,0.0,100.0,49.5,-3585.00,-1434.00
,285414242,24/02/2026 08:06,24/02/2026 15:47,XAUUSD,Sell,0.400,0.00000,0.00000,5182.24000,5137.57000,0.0000,0.0000,4467.0,1786.80,1.66,"",0,00:07:41:25,100.0,7h 41m,5078.0,0.00,8052.0,3220.8,0.0,0.0,100.0,55.5,-3585.00,-1434.00
,284274944,23/02/2026 04:44,24/02/2026 15:47,XAUUSD,Sell,0.400,0.00000,0.00000,5176.33000,5137.57000,0.0000,0.0000,3876.0,1550.40,1.46,"",0,01:11:03:13,60.6,21h 14m,12139.0,0.94,7461.0,2984.4,-7035.0,-2814.0,51.5,75.3,-3585.00,-1434.00
,284270315,23/02/2026 01:43,24/02/2026 15:47,XAUUSD,Sell,0.400,0.00000,0.00000,5155.48000,5137.57000,0.0000,0.0000,1791.0,716.40,0.68,"",0,01:14:03:49,26.7,10h 9m,12139.0,1.70,5376.0,2150.4,-9120.0,-3648.0,37.1,75.3,-3585.00,-1434.00
,284264272,23/02/2026 01:36,24/02/2026 15:47,XAUUSD,Sell,0.400,0.00000,0.00000,5146.48000,5137.57000,0.0000,0.0000,891.0,356.40,0.34,"",0,01:14:11:32,12.1,4h 37m,12139.0,2.24,4476.0,1790.4,-10020.0,-4008.0,30.9,75.3,-3585.00,-1434.00
,284264270,23/02/2026 01:36,24/02/2026 15:47,XAUUSD,Sell,0.400,0.00000,0.00000,5146.54000,5137.57000,0.0000,0.0000,897.0,358.80,0.34,"",0,01:14:11:32,12.1,4h 37m,12139.0,2.23,4482.0,1792.8000000000002,-10014.0,-4005.6000000000004,30.9,75.3,-3585.00,-1434.00
,277672410,23/02/2026 16:45,24/02/2026 15:47,XAUUSD,Sell,0.200,0.00000,0.00000,5195.75000,5137.57000,0.0000,0.0000,5818.0,1163.60,1.12,"",0,00:23:02:19,64.2,14h 47m,5093.0,0.54,9403.0,1880.6000000000001,-5093.0,-1018.6,64.9,75.3,-3585.00,-717.00
,285454909,24/02/2026 09:01,24/02/2026 13:17,XAUUSD,Buy,0.400,0.00000,0.00000,5169.48000,5174.04000,0.0000,0.0000,456.0,182.40,0.18,"",0,00:04:15:45,92.2,3h 55m,1606.0,0.43,1122.0,448.8,-484.0,-193.60000000000002,69.9,58.5,-666.00,-266.40
,285245620,24/02/2026 03:36,24/02/2026 05:05,XAUUSD,Buy,0.300,0.00000,0.00000,5171.11000,5187.60000,0.0000,0.0000,1649.0,494.70,0.48,"",0,00:01:29:09,39.4,35m,2357.0,0.45,1649.0,494.7,-744.0,-223.2,68.9,100.0,0.00,0.00
,285084042,23/02/2026 22:51,24/02/2026 03:35,XAUUSD,Sell,0.400,0.00000,0.00000,5229.55000,5168.25000,0.0000,0.0000,6130.0,2452.00,2.44,"",0,00:04:44:32,66.6,3h 9m,4342.0,0.24,8196.0,3278.4,-1934.0,-773.6,80.9,79.6,-2066.00,-826.40
,285090850,23/02/2026 23:21,23/02/2026 23:38,XAUUSD,Buy,2.000,0.00000,0.00000,5231.06000,5230.74000,0.0000,0.0000,-32.0,-64.00,-0.06,"",0,00:00:17:52,94.5,16m,1531.0,0.02,1499.0,2998.0,-32.0,-64.0,97.9,0.0,-1531.00,-3062.00
,284876486,23/02/2026 16:55,23/02/2026 22:50,XAUUSD,Buy,0.400,0.00000,0.00000,5193.92000,5228.61000,0.0000,0.0000,3469.0,1387.60,1.40,"",0,00:05:54:39,99.8,5h 53m,1899.0,0.02,4297.0,1718.8000000000002,-73.0,-29.200000000000003,98.3,81.1,-828.00,-331.20
,284912362,23/02/2026 17:21,23/02/2026 22:38,XAUUSD,Buy,0.400,0.00000,5229.27000,5202.46000,5229.33000,0.0000,0.0000,2687.0,1074.80,1.09,"[tp 5229.27]",0,00:05:17:23,95.3,5h 2m,1846.0,0.27,3443.0,1377.2,-927.0,-370.8,78.8,82.7,-756.00,-302.40
,284850509,23/02/2026 16:37,23/02/2026 16:45,XAUUSD,Buy,1.000,0.00000,5193.00000,5179.60000,5193.26000,0.0000,0.0000,1366.0,1366.00,1.41,"[tp 5193.00]",0,00:00:07:55,12.5,59s,0.0,0.00,1366.0,1366.0,0.0,0.0,100.0,100.0,0.00,0.00
,284840553,23/02/2026 16:30,23/02/2026 16:37,XAUUSD,Buy,1.000,0.00000,0.00000,5169.13000,5180.01000,0.0000,0.0000,1088.0,1088.00,1.14,"",0,00:00:06:28,14.3,55s,0.0,0.00,1088.0,1088.0,0.0,0.0,100.0,100.0,0.00,0.00
,284771492,23/02/2026 15:07,23/02/2026 16:37,XAUUSD,Buy,0.400,0.00000,0.00000,5158.07000,5179.96000,0.0000,0.0000,2189.0,875.60,0.92,"",0,00:01:29:39,100.0,1h 29m,2376.0,0.00,4565.0,1826.0,0.0,0.0,100.0,48.0,-2376.00,-950.40
,284274753,23/02/2026 01:49,23/02/2026 02:12,XAUUSD,Buy,0.400,5137.18000,0.00000,5157.67000,5136.97000,0.0000,0.0000,-2070.0,-828.00,-0.86,"[sl 5137.18]",0,00:00:22:54,82.7,18m,2845.0,2.67,775.0,310.0,-2070.0,-828.0,27.2,0.0,-2845.00,-1138.00
,277787861,11/02/2026 14:37,23/02/2026 01:36,XAUUSD,Buy,0.400,0.00000,0.00000,5085.67000,5146.33000,0.0000,0.0000,6066.0,2426.40,2.60,"",0,11:10:58:19,20.3,2d 7h ,24076.0,2.86,8047.0,3218.8,-23022.0,-9208.800000000001,25.9,93.6,-1981.00,-792.40
,283876454,20/02/2026 16:56,20/02/2026 19:10,XAUUSD,Buy,0.400,0.00000,0.00000,5052.19000,5069.28000,0.0000,0.0000,1709.0,683.60,0.74,"",0,00:02:13:55,100.0,2h 13m,1724.0,0.00,2369.0,947.6,0.0,0.0,100.0,72.1,-660.00,-264.00
,283861648,20/02/2026 16:42,20/02/2026 19:10,XAUUSD,Buy,1.000,0.00000,0.00000,5051.23000,5069.28000,0.0000,0.0000,1805.0,1805.00,1.99,"",0,00:02:27:51,100.0,2h 27m,1724.0,0.00,2465.0,2465.0,0.0,0.0,100.0,73.2,-660.00,-660.00
,283698226,20/02/2026 17:06,20/02/2026 19:10,XAUUSD,Buy,1.000,0.00000,0.00000,4996.04000,5069.28000,0.0000,0.0000,7324.0,7324.00,8.77,"",0,00:02:04:22,100.0,2h 4m,1724.0,0.00,7984.0,7984.0,0.0,0.0,100.0,91.7,-660.00,-660.00
,283691670,20/02/2026 11:56,20/02/2026 19:10,XAUUSD,Buy,0.500,0.00000,0.00000,5030.13000,5069.28000,0.0000,0.0000,3915.0,1957.50,2.40,"",0,00:07:14:11,70.1,5h 4m,6823.0,0.77,4575.0,2287.5,-3531.0,-1765.5,56.4,91.9,-660.00,-330.00
,283691615,20/02/2026 11:44,20/02/2026 19:10,XAUUSD,Buy,0.500,0.00000,0.00000,5032.95000,5069.28000,0.0000,0.0000,3633.0,1816.50,2.28,"",0,00:07:26:19,66.2,4h 55m,6823.0,0.89,4293.0,2146.5,-3813.0,-1906.5,53.0,91.9,-660.00,-330.00
,283675800,20/02/2026 11:13,20/02/2026 19:10,XAUUSD,Buy,1.000,0.00000,0.00000,5040.12000,5069.28000,0.0000,0.0000,2916.0,2916.00,3.80,"",0,00:07:56:57,58.5,4h 39m,6823.0,1.27,3576.0,3576.0,-4530.0,-4530.0,44.1,91.9,-660.00,-660.00
,279111770,12/02/2026 18:11,20/02/2026 19:10,XAUUSD,Buy,0.200,0.00000,0.00000,5025.82000,5069.28000,0.0000,0.0000,4346.0,869.20,1.14,"",0,08:00:59:23,32.7,2d 15h ,18738.0,3.62,4708.0,941.6,-17037.0,-3407.4,21.7,98.3,-362.00,-72.40
,283541678,20/02/2026 08:25,20/02/2026 17:06,XAUUSD,Sell,0.200,0.00000,0.00000,5029.30000,4994.72000,0.0000,0.0000,3458.0,691.60,0.92,"",0,00:08:41:18,42.5,3h 41m,7533.0,1.18,3458.0,691.6,-4085.0,-817.0,45.8,100.0,0.00,0.00
,283674864,20/02/2026 11:12,20/02/2026 17:06,XAUUSD,Buy,1.000,4996.54000,0.00000,5039.33000,4995.79000,0.0000,0.0000,-4354.0,-4354.00,-5.47,"[sl 4996.54]",0,00:05:53:25,44.1,2h 35m,7436.0,1.44,3082.0,3082.0,-4451.0,-4451.0,40.9,1.3,-7436.00,-7436.00
,283870048,20/02/2026 16:49,20/02/2026 16:56,XAUUSD,Sell,0.400,0.00000,0.00000,5059.18000,5052.77000,0.0000,0.0000,641.0,256.40,0.32,"",0,00:00:07:19,14.3,1m,684.0,1.07,641.0,256.40000000000003,-684.0,-273.6,48.4,100.0,0.00,0.00
,280581190,16/02/2026 01:08,20/02/2026 08:25,XAUUSD,Buy,0.200,0.00000,0.00000,5014.53000,5025.32000,0.0000,0.0000,1079.0,215.80,0.27,"",0,04:07:17:26,5.6,5h 47m,17503.0,9.98,1595.0,319.0,-15908.0,-3181.6000000000004,9.1,97.1,-516.00,-103.20
,282987712,19/02/2026 11:27,20/02/2026 08:25,XAUUSD,Buy,0.200,0.00000,0.00000,5006.97000,5024.79000,0.0000,0.0000,1782.0,356.40,0.45,"",0,00:20:58:35,17.5,3h 40m,4540.0,1.53,2228.0,445.6,-3410.0,-682.0,39.5,92.1,-446.00,-89.20
,282621755,18/02/2026 17:30,20/02/2026 08:25,XAUUSD,Buy,0.200,0.00000,0.00000,5004.13000,5026.00000,0.0000,0.0000,2187.0,437.40,0.56,"",0,01:14:55:29,19.8,7h 42m,4800.0,1.70,2512.0,502.40000000000003,-4262.0,-852.4000000000001,37.1,95.2,-325.00,-65.00
,283182644,19/02/2026 16:34,20/02/2026 07:30,XAUUSD,Buy,0.200,0.00000,0.00000,4972.39000,5001.56000,0.0000,0.0000,2917.0,583.40,0.75,"",0,00:14:56:16,100.0,14h 56m,3056.0,0.00,5686.0,1137.2,0.0,0.0,100.0,51.3,-2769.00,-553.80
,282997016,19/02/2026 11:36,20/02/2026 07:30,XAUUSD,Buy,0.200,0.00000,0.00000,4999.03000,5001.56000,0.0000,0.0000,253.0,50.60,0.07,"",0,00:19:54:27,36.0,7h 10m,4540.0,0.87,3022.0,604.4,-2616.0,-523.2,53.6,50.9,-2769.00,-553.80
,282779945,19/02/2026 02:54,20/02/2026 07:30,XAUUSD,Buy,0.200,0.00000,0.00000,4962.43000,5001.56000,0.0000,0.0000,3913.0,782.60,1.02,"",0,01:04:36:28,100.0,1d 4h ,4800.0,0.00,6682.0,1336.4,0.0,0.0,100.0,58.6,-2769.00,-553.80
,282704829,18/02/2026 20:43,20/02/2026 07:30,XAUUSD,Buy,0.200,0.00000,0.00000,4980.95000,5001.56000,0.0000,0.0000,2061.0,412.20,0.54,"",0,01:10:47:09,79.0,1d 3h ,4800.0,0.40,4830.0,966.0,-1944.0,-388.8,71.3,59.1,-2769.00,-553.80
,281261247,17/02/2026 02:54,20/02/2026 07:30,XAUUSD,Buy,0.200,0.00000,0.00000,4951.50000,5001.56000,0.0000,0.0000,5006.0,1001.20,1.33,"",0,03:04:35:55,58.4,1d 20h ,10431.0,1.27,7543.0,1508.6000000000001,-9605.0,-1921.0,44.0,85.2,-2537.00,-507.40
,280745193,16/02/2026 05:49,20/02/2026 07:30,XAUUSD,Buy,0.200,0.00000,0.00000,4979.53000,5001.56000,0.0000,0.0000,2203.0,440.60,0.59,"",0,04:01:41:19,52.7,2d 3h ,15813.0,2.62,4740.0,948.0,-12408.0,-2481.6000000000004,27.6,85.2,-2537.00,-507.40
,280740790,16/02/2026 05:46,20/02/2026 07:30,XAUUSD,Buy,0.200,0.00000,0.00000,4992.48000,5001.56000,0.0000,0.0000,908.0,181.60,0.24,"",0,04:01:44:08,36.9,1d 12h ,15813.0,3.98,3445.0,689.0,-13703.0,-2740.6000000000004,20.1,85.2,-2537.00,-507.40
,280228127,13/02/2026 18:14,20/02/2026 07:30,XAUUSD,Buy,0.200,0.00000,0.00000,4993.01000,5001.56000,0.0000,0.0000,855.0,171.00,0.23,"",0,06:13:16:30,58.6,3d 20h ,18738.0,2.76,4982.0,996.4000000000001,-13756.0,-2751.2000000000003,26.6,78.0,-4127.00,-825.40
,280127286,13/02/2026 16:40,20/02/2026 07:30,XAUUSD,Buy,0.200,0.00000,0.00000,4984.59000,5001.56000,0.0000,0.0000,1697.0,339.40,0.46,"",0,06:14:50:13,66.6,4d 9h ,18738.0,2.22,5824.0,1164.8,-12914.0,-2582.8,31.1,78.0,-4127.00,-825.40
,279666001,13/02/2026 07:53,20/02/2026 07:30,XAUUSD,Buy,0.200,0.00000,0.00000,4955.19000,5001.56000,0.0000,0.0000,4637.0,927.40,1.26,"",0,06:23:37:29,79.2,5d 12h ,18738.0,1.14,8764.0,1752.8000000000002,-9974.0,-1994.8000000000002,46.8,78.0,-4127.00,-825.40
,279129130,12/02/2026 18:14,20/02/2026 07:30,XAUUSD,Buy,0.200,0.00000,0.00000,4974.95000,5001.56000,0.0000,0.0000,2661.0,532.20,0.73,"",0,07:13:16:21,69.5,5d 5h ,18738.0,1.76,6788.0,1357.6000000000001,-11950.0,-2390.0,36.2,78.0,-4127.00,-825.40
,282578771,18/02/2026 16:45,19/02/2026 02:53,XAUUSD,Sell,0.200,0.00000,0.00000,4981.85000,4962.79000,0.0000,0.0000,1906.0,381.20,0.53,"",0,00:10:08:44,62.9,6h 22m,1993.0,0.98,2034.0,406.8,-1993.0,-398.6,50.5,96.8,-128.00,-25.60
,282603182,18/02/2026 17:04,18/02/2026 18:57,XAUUSD,Sell,0.200,0.00000,0.00000,5003.24000,5001.16000,0.0000,0.0000,208.0,41.60,0.06,"",0,00:01:53:02,100.0,1h 53m,1850.0,0.00,2058.0,411.6,0.0,0.0,100.0,10.1,-1850.00,-370.00
,281547167,17/02/2026 10:05,18/02/2026 15:37,XAUUSD,Buy,0.200,0.00000,4968.94000,4925.40000,4968.96000,0.0000,0.0000,4356.0,871.20,1.22,"[tp 4968.94]",0,01:05:32:29,33.4,9h 52m,8879.0,0.89,8000.0,1600.0,-7116.0,-1423.2,52.9,75.9,-3644.00,-728.80
,281843976,17/02/2026 16:40,18/02/2026 06:08,XAUUSD,Buy,0.200,0.00000,4928.13000,4875.34000,4928.34000,0.0000,0.0000,5300.0,1060.00,1.50,"[tp 4928.13]",0,00:13:27:20,79.6,10h 42m,4081.0,0.31,6374.0,1274.8000000000002,-1989.0,-397.8,76.2,87.2,-1074.00,-214.80
,281813622,17/02/2026 16:10,18/02/2026 06:08,XAUUSD,Buy,0.200,0.00000,4926.04000,4890.88000,4928.12000,0.0000,0.0000,3724.0,744.80,1.07,"[tp 4926.04]",0,00:13:57:55,34.8,4h 51m,4081.0,0.74,4820.0,964.0,-3543.0,-708.6,57.6,86.9,-1096.00,-219.20
,281795424,17/02/2026 15:59,17/02/2026 16:10,XAUUSD,Buy,0.200,0.00000,0.00000,4873.60000,4892.50000,0.0000,0.0000,1890.0,378.00,0.54,"",0,00:00:10:17,,,,,,,,,,,,
,281474678,17/02/2026 16:01,17/02/2026 16:10,XAUUSD,Buy,0.200,0.00000,0.00000,4864.62000,4892.96000,0.0000,0.0000,2834.0,566.80,0.82,"",0,00:00:09:01,,,,,,,,,,,,
,281619780,17/02/2026 12:11,17/02/2026 15:59,XAUUSD,Sell,0.200,0.00000,0.00000,4930.20000,4873.40000,0.0000,0.0000,5680.0,1136.00,1.68,"",0,00:03:48:33,82.3,3h 8m,2798.0,0.17,7596.0,1519.2,-1283.0,-256.6,85.6,78.4,-1916.00,-383.20
,281533878,17/02/2026 10:01,17/02/2026 15:59,XAUUSD,Sell,0.200,0.00000,0.00000,4923.18000,4873.40000,0.0000,0.0000,4978.0,995.60,1.49,"",0,00:05:58:12,57.8,3h 27m,3113.0,0.29,6894.0,1378.8000000000002,-1985.0,-397.0,77.6,78.4,-1916.00,-383.20
,281470456,17/02/2026 08:02,17/02/2026 15:59,XAUUSD,Sell,0.200,0.00000,0.00000,4891.99000,4873.40000,0.0000,0.0000,1859.0,371.80,0.56,"",0,00:07:57:07,21.1,1h 40m,5104.0,1.35,3775.0,755.0,-5104.0,-1020.8000000000001,42.5,78.4,-1916.00,-383.20
,281439761,17/02/2026 07:31,17/02/2026 15:59,XAUUSD,Sell,1.000,0.00000,0.00000,4878.06000,4873.43000,0.0000,0.0000,463.0,463.00,0.70,"",0,00:08:27:53,17.9,1h 30m,6497.0,2.73,2382.0,2382.0,-6497.0,-6497.0,26.8,78.4,-1919.00,-1919.00
,281488606,17/02/2026 08:34,17/02/2026 10:05,XAUUSD,Buy,0.200,0.00000,0.00000,4905.15000,4925.74000,0.0000,0.0000,2059.0,411.80,0.63,"",0,00:01:30:22,100.0,1h 30m,1047.0,0.00,2386.0,477.20000000000005,0.0,0.0,100.0,86.3,-327.00,-65.40
,279159418,17/02/2026 07:32,17/02/2026 08:11,XAUUSD,Buy,0.200,0.00000,0.00000,4877.30000,4891.44000,0.0000,0.0000,1414.0,282.80,0.43,"",0,00:00:39:10,100.0,39m,3610.0,0.00,5024.0,1004.8000000000001,0.0,0.0,100.0,28.1,-3610.00,-722.00
,279174014,17/02/2026 07:31,17/02/2026 08:11,XAUUSD,Buy,0.200,0.00000,0.00000,4878.55000,4891.51000,0.0000,0.0000,1296.0,259.20,0.40,"",0,00:00:39:19,100.0,39m,3603.0,0.00,4899.0,979.8000000000001,0.0,0.0,100.0,26.5,-3603.00,-720.60
,281264515,17/02/2026 02:58,17/02/2026 03:03,XAUUSD,Sell,0.200,0.00000,4929.04000,4942.56000,4924.34000,0.0000,0.0000,1822.0,364.40,0.56,"[tp 4929.04]",0,00:00:05:03,,,,,,,,,,,,
,281121817,16/02/2026 17:07,17/02/2026 02:52,XAUUSD,Sell,0.200,0.00000,4951.36000,4977.91000,4951.08000,0.0000,0.0000,2683.0,536.60,0.84,"[tp 4951.36]",0,00:09:44:48,27.4,2h 40m,3350.0,0.46,4318.0,863.6,-1979.0,-395.8,68.6,74.0,-1635.00,-327.00
,280271384,13/02/2026 19:17,16/02/2026 02:03,XAUUSD,Buy,0.200,5003.57000,0.00000,5011.65000,5001.81000,0.0000,0.0000,-984.0,-196.80,-0.31,"[sl 5003.57]",0,02:06:45:51,99.6,2d 6h ,3982.0,0.33,2998.0,599.6,-984.0,-196.8,75.3,0.0,-3982.00,-796.40
,279121073,12/02/2026 18:14,13/02/2026 18:28,XAUUSD,Buy,0.200,0.00000,5030.00000,4975.27000,5030.15000,0.0000,0.0000,5488.0,1097.60,1.74,"[tp 5030.00]",0,01:00:14:18,42.7,10h 20m,8183.0,1.49,5488.0,1097.6000000000001,-8183.0,-1636.6000000000001,40.1,100.0,0.00,0.00
,279462899,13/02/2026 03:23,13/02/2026 07:53,XAUUSD,Sell,0.200,0.00000,0.00000,4975.56000,4955.18000,0.0000,0.0000,2038.0,407.60,0.65,"",0,00:04:29:14,54.5,2h 26m,3414.0,0.73,2931.0,586.2,-2127.0,-425.40000000000003,57.9,82.3,-893.00,-178.60
,279137843,12/02/2026 18:26,13/02/2026 03:23,XAUUSD,Buy,0.200,0.00000,0.00000,4903.93000,4975.59000,0.0000,0.0000,7166.0,1433.20,2.34,"",0,00:08:57:38,99.1,8h 52m,6340.0,0.12,8639.0,1727.8000000000002,-1074.0,-214.8,88.9,84.8,-1473.00,-294.60
,279167686,12/02/2026 18:26,13/02/2026 03:23,XAUUSD,Buy,0.200,0.00000,0.00000,4893.62000,4975.14000,0.0000,0.0000,8152.0,1630.40,2.73,"",0,00:08:57:17,99.7,8h 55m,6340.0,0.00,9670.0,1934.0,-43.0,-8.6,99.6,84.4,-1518.00,-303.60
,274018604,06/02/2026 15:01,12/02/2026 18:21,XAUUSD,Sell,0.200,0.00000,0.00000,4920.27000,4918.75000,0.0000,0.0000,152.0,30.40,0.05,"",0,06:03:19:31,0.4,35m,19160.0,7.90,2426.0,485.20000000000005,-19160.0,-3832.0,11.2,89.5,-2274.00,-454.80
,279139198,12/02/2026 18:15,12/02/2026 18:16,XAUUSD,Sell,0.200,0.00000,0.00000,4948.86000,4941.53000,0.0000,0.0000,733.0,146.60,0.25,"",0,00:00:00:31,,,,,,,,,,,,
,276883606,10/02/2026 16:45,12/02/2026 18:11,XAUUSD,Sell,0.200,0.00000,0.00000,5043.65000,5026.32000,0.0000,0.0000,1733.0,346.60,0.59,"",0,02:01:26:03,21.8,10h 46m,13031.0,0.48,14764.0,2952.8,-7021.0,-1404.2,67.8,40.2,-13031.00,-2606.20
,278189884,11/02/2026 21:03,12/02/2026 18:11,XAUUSD,Sell,0.200,0.00000,0.00000,5086.37000,5026.15000,0.0000,0.0000,6022.0,1204.40,2.08,"",0,00:21:07:40,98.5,20h 48m,13014.0,0.05,19036.0,3807.2000000000003,-912.0,-182.4,95.4,34.8,-13014.00,-2602.80
,279068786,12/02/2026 17:39,12/02/2026 18:11,XAUUSD,Sell,0.200,0.00000,5026.29000,5069.43000,5025.38000,0.0000,0.0000,4405.0,881.00,1.54,"[tp 5026.29]",0,00:00:31:31,100.0,31m,10272.0,0.00,14677.0,2935.4,0.0,0.0,100.0,30.0,-10272.00,-2054.40
,278519550,12/02/2026 07:17,12/02/2026 18:11,XAUUSD,Sell,0.200,0.00000,5026.53000,5075.64000,5025.28000,0.0000,0.0000,5036.0,1007.20,1.80,"[tp 5026.53]",0,00:10:53:25,97.0,10h 33m,12927.0,0.03,17963.0,3592.6000000000004,-478.0,-95.60000000000001,97.4,29.9,-12927.00,-2585.40
,277813954,11/02/2026 14:53,11/02/2026 21:03,XAUUSD,Buy,0.200,0.00000,0.00000,5077.25000,5089.13000,0.0000,0.0000,1188.0,237.60,0.43,"",0,00:06:10:24,60.0,3h 42m,4023.0,1.93,1896.0,379.20000000000005,-3659.0,-731.8000000000001,34.1,87.3,-708.00,-141.60
,277799220,11/02/2026 14:42,11/02/2026 21:03,XAUUSD,Buy,0.200,0.00000,0.00000,5061.64000,5089.15000,0.0000,0.0000,2751.0,550.20,0.99,"",0,00:06:20:59,78.8,5h 0m,4023.0,0.61,3457.0,691.4000000000001,-2098.0,-419.6,62.2,87.3,-706.00,-141.20
,277858861,11/02/2026 15:30,11/02/2026 21:03,XAUUSD,Buy,0.200,0.00000,0.00000,5053.00000,5088.97000,0.0000,0.0000,3597.0,719.40,1.32,"",0,00:05:33:09,94.6,5h 15m,2751.0,0.29,4321.0,864.2,-1234.0,-246.8,77.8,87.0,-724.00,-144.80
,277767814,11/02/2026 14:20,11/02/2026 14:42,XAUUSD,Sell,0.200,0.00000,0.00000,5088.54000,5060.68000,0.0000,0.0000,2786.0,557.20,1.03,"",0,00:00:21:28,100.0,21m,2386.0,0.00,5172.0,1034.4,0.0,0.0,100.0,53.9,-2386.00,-477.20
,277566833,11/02/2026 10:47,11/02/2026 14:27,XAUUSD,Buy,0.400,0.00000,0.00000,5054.46000,5094.26000,0.0000,0.0000,3980.0,1592.00,3.04,"",0,00:03:40:01,96.4,3h 32m,9254.0,0.53,6030.0,2412.0,-3224.0,-1289.6000000000001,65.2,77.8,-2050.00,-820.00
,277566835,11/02/2026 10:47,11/02/2026 14:27,XAUUSD,Buy,0.400,0.00000,0.00000,5054.18000,5094.48000,0.0000,0.0000,4030.0,1612.00,3.17,"",0,00:03:39:58,96.4,3h 32m,9254.0,0.53,6058.0,2423.2000000000003,-3196.0,-1278.4,65.5,78.1,-2028.00,-811.20
,276844214,10/02/2026 16:18,10/02/2026 16:45,XAUUSD,Sell,0.200,0.00000,0.00000,5072.09000,5053.31000,0.0000,0.0000,1878.0,375.60,0.74,"",0,00:00:26:28,100.0,26m,4428.0,0.00,6306.0,1261.2,0.0,0.0,100.0,29.8,-4428.00,-885.60
,276067864,10/02/2026 01:46,10/02/2026 16:18,XAUUSD,Buy,0.200,0.00000,0.00000,5036.80000,5072.02000,0.0000,0.0000,3522.0,704.40,1.42,"",0,00:14:32:45,54.6,7h 56m,6731.0,0.78,3774.0,754.8000000000001,-2957.0,-591.4,56.1,96.3,-252.00,-50.40
,276115621,10/02/2026 02:58,10/02/2026 16:18,XAUUSD,Buy,0.400,0.00000,0.00000,5019.55000,5072.01000,0.0000,0.0000,5246.0,2098.40,4.40,"",0,00:13:20:13,96.3,12h 50m,6731.0,0.22,5499.0,2199.6,-1232.0,-492.8,81.7,96.2,-253.00,-101.20
,276067877,10/02/2026 01:46,10/02/2026 02:58,XAUUSD,Sell,0.200,0.00000,0.00000,5035.97000,5019.73000,0.0000,0.0000,1624.0,324.80,0.69,"",0,00:01:12:22,22.3,16m,2872.0,1.12,1624.0,324.8,-1822.0,-364.40000000000003,47.1,100.0,0.00,0.00
,275845002,09/02/2026 17:39,10/02/2026 01:45,XAUUSD,Sell,0.200,0.00000,0.00000,5051.88000,5037.29000,0.0000,0.0000,1459.0,291.80,0.62,"",0,00:08:06:47,37.8,3h 4m,3542.0,0.76,3933.0,786.6,-2981.0,-596.2,56.9,64.2,-2474.00,-494.80
,275880173,09/02/2026 18:25,10/02/2026 01:45,XAUUSD,Sell,0.200,0.00000,0.00000,5073.49000,5037.94000,0.0000,0.0000,3555.0,711.00,1.54,"",0,00:07:20:28,77.3,5h 40m,3162.0,0.13,6094.0,1218.8,-820.0,-164.0,88.1,63.3,-2539.00,-507.80
,274891610,09/02/2026 01:07,09/02/2026 17:39,XAUUSD,Buy,0.200,0.00000,0.00000,4984.56000,5052.07000,0.0000,0.0000,6751.0,1350.20,3.00,"",0,00:16:31:37,98.5,16h 16m,5686.0,0.08,9328.0,1865.6000000000001,-758.0,-151.6,92.5,74.4,-2577.00,-515.40
,274567416,06/02/2026 22:45,09/02/2026 17:39,XAUUSD,Buy,0.400,0.00000,0.00000,4944.70000,5052.16000,0.0000,0.0000,10746.0,4298.40,10.57,"",0,02:18:53:56,28.1,18h 47m,6812.0,0.00,13314.0,5325.6,0.0,0.0,100.0,80.7,-2568.00,-1027.20
,274373554,06/02/2026 16:57,06/02/2026 21:29,XAUUSD,Buy,0.400,0.00000,0.00000,4939.61000,4957.55000,0.0000,0.0000,1794.0,717.60,1.80,"",0,00:04:32:40,99.3,4h 30m,3090.0,0.05,2956.0,1182.4,-134.0,-53.6,95.7,62.4,-1162.00,-464.80
,273828144,06/02/2026 08:26,06/02/2026 15:01,XAUUSD,Buy,0.200,0.00000,4920.62000,4850.07000,4920.83000,0.0000,0.0000,7076.0,1415.20,3.67,"[tp 4920.62]",0,00:06:34:51,96.5,6h 21m,3930.0,0.10,9868.0,1973.6000000000001,-938.0,-187.60000000000002,91.3,74.2,-2792.00,-558.40
,273638005,06/02/2026 07:54,06/02/2026 08:27,XAUUSD,Sell,0.200,0.00000,0.00000,4883.24000,4850.42000,0.0000,0.0000,3282.0,656.40,1.73,"",0,00:00:32:47,100.0,32m,4159.0,0.00,5198.0,1039.6000000000001,0.0,0.0,100.0,63.1,-1916.00,-383.20
,273638655,06/02/2026 04:33,06/02/2026 07:48,XAUUSD,Buy,0.200,0.00000,0.00000,4828.72000,4873.44000,0.0000,0.0000,4472.0,894.40,2.42,"",0,00:03:15:35,82.1,2h 40m,5826.0,0.24,6899.0,1379.8000000000002,-1665.0,-333.0,80.6,71.7,-2427.00,-485.40
,273385955,05/02/2026 23:53,06/02/2026 04:14,XAUUSD,Buy,0.200,0.00000,0.00000,4775.21000,4787.11000,0.0000,0.0000,1190.0,238.00,0.65,"",0,00:04:21:07,51.8,2h 15m,11850.0,1.77,6677.0,1335.4,-11850.0,-2370.0,36.0,70.4,-5487.00,-1097.40
,272309399,06/02/2026 01:38,06/02/2026 04:14,XAUUSD,Buy,0.200,0.00000,0.00000,4737.02000,4786.52000,0.0000,0.0000,4950.0,990.00,2.77,"",0,00:02:36:24,98.1,2h 33m,5546.0,0.05,10496.0,2099.2000000000003,-480.0,-96.0,95.6,49.5,-5546.00,-1109.20
,273119744,05/02/2026 17:38,05/02/2026 17:58,CL-OIL,Buy,1.000,0.00000,0.00000,62.87900,62.91800,0.0000,0.0000,3.9,39.00,0.11,"",0,00:00:19:16,,,,,,,,,,,,
,272723314,05/02/2026 11:55,05/02/2026 12:48,XAUUSD,Buy,0.200,0.00000,0.00000,4864.12000,4884.72000,0.0000,0.0000,2060.0,412.00,1.17,"",0,00:00:53:08,20.8,11m,5696.0,2.40,2060.0,412.0,-4950.0,-990.0,29.4,100.0,0.00,0.00
,272519179,05/02/2026 08:42,05/02/2026 08:54,XAUUSD,Buy,0.200,4905.38000,0.00000,4927.25000,4906.38000,0.0000,0.0000,-2087.0,-417.40,-1.17,"[sl 4905.38]",0,00:00:12:15,0.0,0s,2277.0,2500.00,0.0,0.0,-2277.0,-455.40000000000003,0.0,8.3,-2087.00,-417.40
,272409344,05/02/2026 07:32,05/02/2026 08:33,XAUUSD,Buy,0.200,0.00000,0.00000,4830.24000,4925.39000,0.0000,0.0000,9515.0,1903.00,5.63,"",0,00:01:01:00,100.0,1h 1m,2179.0,0.00,11031.0,2206.2000000000003,0.0,0.0,100.0,86.3,-1516.00,-303.20
,272206558,05/02/2026 04:45,05/02/2026 08:33,XAUUSD,Buy,0.200,0.00000,0.00000,4876.42000,4925.27000,0.0000,0.0000,4885.0,977.00,2.98,"",0,00:03:47:57,79.4,3h 0m,5223.0,0.66,6413.0,1282.6000000000001,-4250.0,-850.0,60.1,85.7,-1528.00,-305.60
,272386653,05/02/2026 06:51,05/02/2026 08:33,XAUUSD,Buy,0.200,0.00000,0.00000,4884.91000,4925.27000,0.0000,0.0000,4036.0,807.20,2.52,"",0,00:01:42:16,100.0,1h 42m,3691.0,0.00,5564.0,1112.8,0.0,0.0,100.0,72.5,-1528.00,-305.60
,271624341,05/02/2026 05:00,05/02/2026 05:13,XAUUSD,Buy,0.200,0.00000,0.00000,4792.44000,4854.64000,0.0000,0.0000,6220.0,1244.00,4.04,"",0,00:00:13:35,100.0,13m,2025.0,0.00,8061.0,1612.2,0.0,0.0,100.0,77.2,-1841.00,-368.20
,272206455,05/02/2026 04:45,05/02/2026 05:00,XAUUSD,Sell,0.200,0.00000,4798.63000,4877.01000,4798.22000,0.0000,0.0000,7879.0,1575.80,5.39,"[tp 4798.63]",0,00:00:14:26,46.7,6m,1107.0,0.12,7879.0,1575.8000000000002,-914.0,-182.8,89.6,100.0,0.00,0.00
,272135263,05/02/2026 04:05,05/02/2026 04:28,XAUUSD,Sell,0.200,0.00000,0.00000,4948.32000,4931.01000,0.0000,0.0000,1731.0,346.20,1.20,"",0,00:00:23:14,100.0,23m,6609.0,0.00,8340.0,1668.0,0.0,0.0,100.0,20.8,-6609.00,-1321.80
,271914628,04/02/2026 23:15,05/02/2026 03:16,XAUUSD,Sell,0.200,0.00000,0.00000,4958.02000,4952.59000,0.0000,0.0000,543.0,108.60,0.38,"",0,00:04:00:59,37.8,1h 31m,15812.0,0.40,16355.0,3271.0,-6520.0,-1304.0,71.5,30.9,-15812.00,-3162.40
,272036346,05/02/2026 02:27,05/02/2026 03:16,XAUUSD,Sell,0.400,0.00000,0.00000,5018.22000,4955.39000,0.0000,0.0000,6283.0,2513.20,9.58,"",0,00:00:48:27,100.0,48m,16092.0,0.00,22375.0,8950.0,0.0,0.0,100.0,28.1,-16092.00,-6436.80
,271866852,04/02/2026 19:47,05/02/2026 01:13,XAUUSD,Sell,0.200,5000.87000,0.00000,4901.01000,5001.55000,0.0000,0.0000,-10054.0,-2010.80,-7.12,"[sl 5000.87]",0,00:05:25:54,0.0,0s,12121.0,0.00,0.0,0.0,-12121.0,-2424.2000000000003,0.0,17.1,-10054.00,-2010.80
,271867898,04/02/2026 19:48,04/02/2026 21:51,CL-OIL,Sell,2.000,0.00000,0.00000,64.83300,64.16400,0.0000,0.0000,66.9,1338.00,4.97,"",0,00:02:02:33,,,,,,,,,,,,
,269853696,03/02/2026 08:40,04/02/2026 18:47,XAUUSD,Sell,0.200,0.00000,0.00000,4879.71000,4884.80000,0.0000,0.0000,-509.0,-101.80,-0.38,"",0,01:10:07:05,0.3,6m,20967.0,24.63,852.0,170.4,-20967.0,-4193.400000000001,3.9,93.8,-1361.00,-272.20
,269831647,03/02/2026 07:25,04/02/2026 18:47,XAUUSD,Sell,0.200,0.00000,0.00000,4821.99000,4885.36000,0.0000,0.0000,-6337.0,-1267.40,-4.48,"",0,01:11:22:21,0.0,0s,26739.0,0.00,0.0,0.0,-26739.0,-5347.8,0.0,76.3,-6337.00,-1267.40
,271670865,04/02/2026 17:23,04/02/2026 18:47,XAUUSD,Sell,0.200,0.00000,0.00000,4957.45000,4884.67000,0.0000,0.0000,7278.0,1455.60,5.43,"",0,00:01:24:24,100.0,1h 24m,6051.0,0.00,8294.0,1658.8000000000002,0.0,0.0,100.0,87.8,-1016.00,-203.20
,271599564,04/02/2026 16:41,04/02/2026 18:47,XAUUSD,Sell,0.200,0.00000,0.00000,4971.21000,4884.60000,0.0000,0.0000,8661.0,1732.20,6.90,"",0,00:02:06:18,100.0,2h 6m,7489.0,0.00,11108.0,2221.6,0.0,0.0,100.0,78.0,-2447.00,-489.40
,271617626,04/02/2026 16:50,04/02/2026 17:22,XAUUSD,Sell,0.200,0.00000,4968.79000,5005.29000,4968.78000,0.0000,0.0000,3651.0,730.20,3.00,"[tp 4968.79]",0,00:00:32:18,3.2,1m,0.0,0.00,3651.0,730.2,0.0,0.0,100.0,100.0,0.00,0.00
,271595004,04/02/2026 16:39,04/02/2026 16:44,XAUUSD,Buy,0.200,0.00000,0.00000,4978.44000,4990.71000,0.0000,0.0000,1227.0,245.40,1.02,"",0,00:00:04:56,20.0,59s,0.0,0.00,1227.0,245.4,0.0,0.0,100.0,100.0,0.00,0.00
,270688014,04/02/2026 02:13,04/02/2026 16:39,XAUUSD,Sell,0.200,0.00000,0.00000,4979.88000,4972.94000,0.0000,0.0000,694.0,138.80,0.58,"",0,00:14:25:59,10.1,1h 27m,11144.0,4.30,2589.0,517.8000000000001,-11144.0,-2228.8,18.9,86.2,-1895.00,-379.00
,270880676,04/02/2026 03:08,04/02/2026 16:38,XAUUSD,Sell,0.200,0.00000,0.00000,5029.48000,4982.45000,0.0000,0.0000,4703.0,940.60,4.08,"",0,00:13:30:35,18.0,2h 25m,6184.0,0.82,7549.0,1509.8000000000002,-6184.0,-1236.8000000000002,55.0,79.3,-2846.00,-569.20
,271024563,04/02/2026 06:50,04/02/2026 16:38,XAUUSD,Sell,0.200,0.00000,0.00000,5078.43000,4982.57000,0.0000,0.0000,9586.0,1917.20,9.08,"",0,00:09:48:16,87.5,8h 34m,4711.0,0.10,12444.0,2488.8,-1289.0,-257.8,90.6,79.2,-2858.00,-571.60
,270887255,04/02/2026 03:11,04/02/2026 06:50,XAUUSD,Buy,0.400,0.00000,5078.30000,5042.73000,5078.43000,0.0000,0.0000,3570.0,1428.00,7.25,"[tp 5078.30]",0,00:03:39:06,98.7,3h 36m,3604.0,0.04,4628.0,1851.2,-182.0,-72.8,96.2,78.0,-1058.00,-423.20
,270872315,04/02/2026 03:03,04/02/2026 03:07,XAUUSD,Buy,0.400,0.00000,5030.31000,5015.64000,5030.52000,0.0000,0.0000,1488.0,595.20,3.12,"[tp 5030.31]",0,00:00:03:48,,,,,,,,,,,,
,270515150,03/02/2026 18:24,03/02/2026 20:44,XAUUSD,Sell,0.200,0.00000,0.00000,4971.64000,4906.02000,0.0000,0.0000,6562.0,1312.40,7.38,"",0,00:02:20:04,100.0,2h 20m,7441.0,0.00,9034.0,1806.8000000000002,0.0,0.0,100.0,72.6,-2472.00,-494.40
,269983211,03/02/2026 18:35,03/02/2026 20:44,XAUUSD,Sell,0.200,0.00000,0.00000,4982.94000,4905.86000,0.0000,0.0000,7708.0,1541.60,9.49,"",0,00:02:08:45,100.0,2h 8m,7441.0,0.00,10164.0,2032.8000000000002,0.0,0.0,100.0,75.8,-2456.00,-491.20
,270317658,03/02/2026 15:34,03/02/2026 18:24,XAUUSD,Buy,0.200,0.00000,0.00000,4937.77000,4970.91000,0.0000,0.0000,3314.0,662.80,4.25,"",0,00:02:49:51,68.9,1h 57m,8501.0,0.53,5565.0,1113.0,-2936.0,-587.2,65.5,73.5,-2251.00,-450.20
,270356652,03/02/2026 16:08,03/02/2026 18:24,XAUUSD,Buy,0.200,0.00000,0.00000,4923.50000,4970.56000,0.0000,0.0000,4706.0,941.20,6.43,"",0,00:02:16:40,95.7,2h 10m,8501.0,0.22,6992.0,1398.4,-1509.0,-301.8,82.2,73.1,-2286.00,-457.20
,270034301,03/02/2026 10:25,03/02/2026 18:24,XAUUSD,Buy,0.400,0.00000,0.00000,4934.49000,4970.53000,0.0000,0.0000,3604.0,1441.60,10.92,"",0,00:07:59:30,33.7,2h 41m,7179.0,0.84,5893.0,2357.2000000000003,-4964.0,-1985.6000000000001,54.3,78.9,-2289.00,-915.60
,269591590,03/02/2026 03:47,03/02/2026 04:15,XAUUSD,Sell,0.200,0.00000,0.00000,4844.24000,4801.25000,0.0000,0.0000,4299.0,859.80,6.97,"",0,00:00:27:22,100.0,27m,780.0,0.00,4299.0,859.8000000000001,0.0,0.0,100.0,100.0,0.00,0.00
,268960886,02/02/2026 15:39,03/02/2026 01:58,XAUUSD,Buy,0.200,0.00000,0.00000,4690.60000,4770.99000,0.0000,0.0000,8039.0,1607.80,14.98,"",0,00:10:18:04,35.4,3h 38m,9796.0,0.66,13852.0,2770.4,-9110.0,-1822.0,60.3,74.7,-5813.00,-1162.60
,268945657,02/02/2026 15:41,03/02/2026 01:58,XAUUSD,Buy,0.200,0.00000,0.00000,4679.37000,4770.59000,0.0000,0.0000,9122.0,1824.40,20.47,"",0,00:10:16:40,42.3,4h 20m,8844.0,0.53,14975.0,2995.0,-7987.0,-1597.4,65.2,74.5,-5853.00,-1170.60
,269150807,02/02/2026 17:32,02/02/2026 18:01,XAUUSD,Sell,0.200,0.00000,0.00000,4656.87000,4607.14000,0.0000,0.0000,4973.0,994.60,12.56,"",0,00:00:29:13,3.5,1m,2940.0,0.59,4973.0,994.6,-2940.0,-588.0,62.8,100.0,0.00,0.00
,268739753,02/02/2026 12:44,02/02/2026 13:03,XAUUSD,Buy,0.200,0.00000,0.00000,4678.93000,4715.22000,0.0000,0.0000,3629.0,725.80,10.09,"",0,00:00:19:39,100.0,19m,8966.0,0.00,12595.0,2519.0,0.0,0.0,100.0,28.8,-8966.00,-1793.20
,268624694,02/02/2026 11:12,02/02/2026 12:06,CL-OIL,Buy,0.500,0.00000,0.00000,61.69900,62.10800,0.0000,0.0000,40.9,204.50,2.93,"",0,00:00:54:02,,,,,,,,,,,,
,268634304,02/02/2026 11:21,02/02/2026 11:55,XAUUSD,Buy,0.200,0.00000,4726.59000,4627.25000,4726.45000,0.0000,0.0000,9920.0,1984.00,39.67,"[tp 4726.59]",0,00:00:34:19,3.0,1m,0.0,0.00,9920.0,1984.0,0.0,0.0,100.0,100.0,0.00,0.00
,259621349,02/02/2026 11:12,,,Deposit,0.000,0.00000,0.00000,0.00000,0.00000,0.0000,0.0000,0.0,5000.00,0,"Deposit-TH-QR-CPS-APP",0,00:00:00:00,,,,,,,,,,,,
,267314141,30/01/2026 19:59,30/01/2026 20:05,XAUUSD,Sell,0.010,0.00000,0.00000,4849.11000,4889.29000,0.0000,0.0000,-4018.0,-40.18,-96.26,"[so 16.08%/1.56/9.70]",0,00:00:05:08,0.0,0s,6003.0,10000.00,0.0,0.0,-6003.0,-60.03,0.0,33.1,-4018.00,-40.18
,267316689,30/01/2026 20:01,30/01/2026 20:03,XAUUSD,Buy,0.010,0.00000,0.00000,4868.83000,4869.88000,0.0000,0.0000,105.0,1.05,2.58,"",0,00:00:01:37,,,,,,,,,,,,
,267313108,30/01/2026 19:59,30/01/2026 19:59,XAUUSD,Buy,0.010,0.00000,0.00000,4829.29000,4834.16000,0.0000,0.0000,487.0,4.87,13.60,"",0,00:00:00:25,,,,,,,,,,,,
,267311110,30/01/2026 19:57,30/01/2026 19:58,XAUUSD,Sell,0.010,0.00000,0.00000,4844.78000,4842.06000,0.0000,0.0000,272.0,2.72,8.22,"",0,00:00:00:25,,,,,,,,,,,,
,267309396,30/01/2026 19:56,30/01/2026 19:57,XAUUSD,Buy,0.010,0.00000,0.00000,4834.43000,4838.52000,0.0000,0.0000,409.0,4.09,14.10,"",0,00:00:00:34,,,,,,,,,,,,
,267308332,30/01/2026 19:56,30/01/2026 19:56,XAUUSD,Buy,0.010,0.00000,0.00000,4828.10000,4833.23000,0.0000,0.0000,513.0,5.13,21.48,"",0,00:00:00:25,,,,,,,,,,,,
,267284863,30/01/2026 19:44,30/01/2026 19:54,XAUUSD,Buy,0.200,0.00000,0.00000,4849.53000,4809.30000,0.0000,0.0000,-4023.0,-804.60,-97.12,"[so 12.31%/23.88/193.98]",0,00:00:09:59,90.0,8m,12671.0,0.47,8648.0,1729.6000000000001,-4023.0,-804.6,68.3,0.0,-12671.00,-2534.20
,265176138,29/01/2026 16:27,30/01/2026 19:54,CL-OIL,Buy,0.500,0.00000,0.00000,66.29400,64.50800,0.0000,0.0000,-178.6,-893.00,-51.87,"[so 9.18%/23.88/260.27]",0,01:03:26:30,,,,,,,,,,,,
,267228376,30/01/2026 19:08,30/01/2026 19:54,XAUUSD,Buy,0.200,0.00000,0.00000,4930.04000,4812.18000,0.0000,0.0000,-11786.0,-2357.20,-57.79,"[so 17.81%/81.48/457.47]",0,00:00:45:44,6.6,3m,12383.0,19.76,597.0,119.4,-11786.0,-2357.2000000000003,4.8,0.0,-12383.00,-2476.60
,267077373,30/01/2026 18:35,30/01/2026 19:54,XAUUSD,Buy,0.200,0.00000,0.00000,4974.89000,4812.98000,0.0000,0.0000,-16191.0,-3238.20,-44.26,"[so 13.27%/113.48/855.14]",0,00:01:18:28,0.0,0s,27624.0,0.00,0.0,0.0,-27624.0,-5524.8,0.0,41.4,-16191.00,-3238.20
,266932215,30/01/2026 18:35,30/01/2026 19:54,XAUUSD,Buy,0.200,0.00000,0.00000,4966.69000,4812.98000,0.0000,0.0000,-15371.0,-3074.20,-29.58,"[so 17.30%/113.48/656.14]",0,00:01:18:19,0.0,0s,26804.0,0.00,0.0,0.0,-26804.0,-5360.8,0.0,42.7,-15371.00,-3074.20
,266928271,30/01/2026 15:30,30/01/2026 19:54,XAUUSD,Buy,0.200,0.00000,0.00000,5019.78000,4813.98000,0.0000,0.0000,-20580.0,-4116.00,-28.37,"[so 17.85%/188.48/1055.93]",0,00:04:23:10,13.5,35m,36482.0,7.35,4369.0,873.8000000000001,-32113.0,-6422.6,12.0,31.6,-24949.00,-4989.80
,266866666,30/01/2026 14:49,30/01/2026 19:54,XAUUSD,Buy,0.200,0.00000,0.00000,5057.92000,4814.63000,0.0000,0.0000,-24329.0,-4865.80,-25.12,"[so 18.25%/266.48/1460.56]",0,00:05:04:29,3.3,10m,36482.0,64.94,555.0,111.0,-35927.0,-7185.400000000001,1.5,31.8,-24884.00,-4976.80
,266797219,30/01/2026 14:49,30/01/2026 19:54,XAUUSD,Buy,0.200,0.00000,0.00000,5057.87000,4813.98000,0.0000,0.0000,-24389.0,-4877.80,-20.11,"[so 14.98%/188.48/1258.24]",0,00:05:04:29,3.3,10m,36482.0,64.52,560.0,112.0,-35922.0,-7184.400000000001,1.5,31.6,-24949.00,-4989.80
,266401756,30/01/2026 08:33,30/01/2026 19:54,XAUUSD,Buy,0.200,0.00000,0.00000,5162.73000,4814.63000,0.0000,0.0000,-34810.0,-6962.00,-22.31,"[so 15.98%/266.48/1667.07]",0,00:11:21:02,0.0,0s,46408.0,0.00,0.0,0.0,-46408.0,-9281.6,0.0,25.0,-34810.00,-6962.00
,267300420,30/01/2026 19:53,30/01/2026 19:53,XAUUSD,Sell,0.200,0.00000,0.00000,4839.05000,4828.69000,0.0000,0.0000,1036.0,207.20,0.67,"",0,00:00:00:30,,,,,,,,,,,,
,267209488,30/01/2026 18:52,30/01/2026 19:08,XAUUSD,Sell,0.200,0.00000,0.00000,4945.70000,4931.84000,0.0000,0.0000,1386.0,277.20,0.90,"",0,00:00:16:00,100.0,16m,7124.0,0.00,8510.0,1702.0,0.0,0.0,100.0,16.3,-7124.00,-1424.80
,265761826,30/01/2026 02:33,30/01/2026 18:29,CL-OIL,Buy,0.500,0.00000,0.00000,65.04400,65.97800,0.0000,0.0000,93.4,467.00,1.54,"",0,00:15:56:20,,,,,,,,,,,,
,266655429,30/01/2026 11:44,30/01/2026 13:37,XAUUSD,Buy,0.200,0.00000,0.00000,4982.82000,5124.99000,0.0000,0.0000,14217.0,2843.40,10.37,"",0,00:01:53:06,100.0,1h 53m,10927.0,0.00,15292.0,3058.4,0.0,0.0,100.0,93.0,-1075.00,-215.00
,266602852,30/01/2026 11:28,30/01/2026 13:37,XAUUSD,Buy,0.200,0.00000,0.00000,5021.56000,5124.99000,0.0000,0.0000,10343.0,2068.60,8.16,"",0,00:02:09:09,100.0,2h 9m,10927.0,0.00,11418.0,2283.6,0.0,0.0,100.0,90.6,-1075.00,-215.00
,266535373,30/01/2026 10:33,30/01/2026 13:37,XAUUSD,Buy,0.200,0.00000,0.00000,5094.00000,5124.99000,0.0000,0.0000,3099.0,619.80,2.51,"",0,00:03:03:59,62.2,1h 54m,10927.0,1.62,4174.0,834.8000000000001,-6753.0,-1350.6000000000001,38.2,90.2,-1075.00,-215.00
,266402489,30/01/2026 10:35,30/01/2026 13:37,XAUUSD,Buy,0.200,0.00000,0.00000,5067.99000,5124.99000,0.0000,0.0000,5700.0,1140.00,4.83,"",0,00:03:02:45,83.4,2h 32m,10927.0,0.61,6775.0,1355.0,-4152.0,-830.4000000000001,62.0,90.2,-1075.00,-215.00
,266146812,30/01/2026 04:32,30/01/2026 04:54,CL-OIL,Buy,0.250,0.00000,0.00000,63.81900,64.36800,0.0000,0.0000,54.9,137.25,0.59,"",0,00:00:22:27,,,,,,,,,,,,
,266124055,30/01/2026 04:23,30/01/2026 04:32,XAUUSD,Sell,0.200,0.00000,0.00000,5113.96000,5143.15000,0.0000,0.0000,-2919.0,-583.80,-2.43,"",0,00:00:08:44,,,,,,,,,,,,
,266128912,30/01/2026 04:24,30/01/2026 04:32,XAUUSD,Sell,0.200,0.00000,0.00000,5178.27000,5144.35000,0.0000,0.0000,3392.0,678.40,2.90,"",0,00:00:07:20,,,,,,,,,,,,
,266122755,30/01/2026 04:23,30/01/2026 04:24,XAUUSD,Buy,0.200,0.00000,0.00000,5134.68000,5170.33000,0.0000,0.0000,3565.0,713.00,3.15,"",0,00:00:01:34,,,,,,,,,,,,
,266111813,30/01/2026 04:19,30/01/2026 04:20,XAUUSD,Buy,0.200,0.00000,0.00000,5149.53000,5159.63000,0.0000,0.0000,1010.0,202.00,0.90,"",0,00:00:00:26,,,,,,,,,,,,
,265849273,30/01/2026 03:09,30/01/2026 04:10,XAUUSD,Sell,0.200,0.00000,0.00000,5367.15000,5261.10000,0.0000,0.0000,10605.0,2121.00,10.44,"",0,00:01:00:55,100.0,1h 0m,10646.0,0.00,21251.0,4250.2,0.0,0.0,100.0,49.9,-10646.00,-2129.20
,265866433,30/01/2026 01:40,30/01/2026 04:10,XAUUSD,Sell,0.200,0.00000,0.00000,5424.14000,5263.40000,0.0000,0.0000,16074.0,3214.80,18.79,"",0,00:02:30:47,100.0,2h 30m,11749.0,0.00,27823.0,5564.6,0.0,0.0,100.0,57.8,-11749.00,-2349.80
,265840278,30/01/2026 01:10,30/01/2026 03:14,XAUUSD,Sell,0.200,0.00000,5314.47000,5435.83000,5302.52000,0.0000,0.0000,13331.0,2666.20,18.46,"[tp 5314.47]",0,00:02:04:26,100.0,2h 4m,15661.0,0.00,28992.0,5798.400000000001,0.0,0.0,100.0,46.0,-15661.00,-3132.20
,265839032,30/01/2026 01:08,30/01/2026 03:14,XAUUSD,Sell,0.200,0.00000,5315.13000,5448.23000,5314.97000,0.0000,0.0000,13326.0,2665.20,22.63,"[tp 5315.13]",0,00:02:06:19,100.0,2h 6m,16906.0,0.00,30232.0,6046.400000000001,0.0,0.0,100.0,44.1,-16906.00,-3381.20
,265846336,30/01/2026 01:17,30/01/2026 03:14,XAUUSD,Sell,0.200,0.00000,5316.46000,5400.04000,5315.97000,0.0000,0.0000,8407.0,1681.40,16.66,"[tp 5316.46]",0,00:01:57:05,100.0,1h 57m,17006.0,0.00,25413.0,5082.6,0.0,0.0,100.0,33.1,-17006.00,-3401.20
,265881155,30/01/2026 01:59,30/01/2026 02:29,XAUUSD,Buy,0.200,5420.91000,0.00000,5440.11000,5420.25000,0.0000,0.0000,-1986.0,-397.20,-3.79,"[sl 5420.91]",0,00:00:29:46,0.0,0s,29420.0,0.00,0.0,0.0,-29420.0,-5884.0,0.0,93.2,-1986.00,-397.20
,265834569,30/01/2026 01:06,30/01/2026 01:07,XAUUSD,Buy,0.250,0.00000,0.00000,5434.92000,5447.71000,0.0000,0.0000,1279.0,319.75,3.14,"",0,00:00:01:26,,,,,,,,,,,,
,265836232,30/01/2026 01:06,30/01/2026 01:07,XAUUSD,Buy,0.250,0.00000,0.00000,5440.98000,5447.76000,0.0000,0.0000,678.0,169.50,1.69,"",0,00:00:01:07,,,,,,,,,,,,
,265836670,30/01/2026 01:06,30/01/2026 01:07,XAUUSD,Buy,0.250,0.00000,0.00000,5442.37000,5447.87000,0.0000,0.0000,550.0,137.50,1.39,"",0,00:00:01:00,,,,,,,,,,,,
,265792018,29/01/2026 23:27,30/01/2026 01:06,XAUUSD,Sell,0.200,5437.28000,0.00000,5423.65000,5437.86000,0.0000,0.0000,-1421.0,-284.20,-2.80,"[sl 5437.28]",0,00:01:39:08,35.0,34m,7154.0,0.45,5733.0,1146.6000000000001,-2552.0,-510.40000000000003,69.2,13.7,-7154.00,-1430.80
,265791165,29/01/2026 23:02,30/01/2026 01:06,XAUUSD,Sell,0.200,5437.28000,0.00000,5398.10000,5437.86000,0.0000,0.0000,-3976.0,-795.20,-7.27,"[sl 5437.28]",0,00:02:04:30,8.0,9m,7154.0,1.61,3178.0,635.6,-5107.0,-1021.4000000000001,38.4,13.7,-7154.00,-1430.80
,265769894,29/01/2026 22:46,30/01/2026 01:06,XAUUSD,Sell,0.200,5437.64000,0.00000,5366.30000,5437.86000,0.0000,0.0000,-7156.0,-1431.20,-11.57,"[sl 5437.64]",0,00:02:19:54,0.0,0s,8287.0,10000.00,0.0,0.0,-8287.0,-1657.4,0.0,13.6,-7156.00,-1431.20
,265805857,29/01/2026 23:25,29/01/2026 23:27,XAUUSD,Buy,0.200,0.00000,5420.70000,5409.06000,5421.85000,0.0000,0.0000,1279.0,255.80,2.11,"[tp 5420.70]",0,00:00:01:34,,,,,,,,,,,,
,265749824,29/01/2026 22:07,29/01/2026 22:46,XAUUSD,Buy,0.400,0.00000,5367.73000,5299.74000,5367.85000,0.0000,0.0000,6811.0,2724.40,29.00,"[tp 5367.73]",0,00:00:39:28,12.5,4m,0.0,0.00,6811.0,2724.4,0.0,0.0,100.0,100.0,0.00,0.00
,265750294,29/01/2026 22:08,29/01/2026 22:46,XAUUSD,Buy,0.200,0.00000,5367.01000,5293.70000,5367.43000,0.0000,0.0000,7373.0,1474.60,18.62,"[tp 5367.01]",0,00:00:38:39,12.5,4m,0.0,0.00,7373.0,1474.6000000000001,0.0,0.0,100.0,100.0,0.00,0.00
,265749257,29/01/2026 22:06,29/01/2026 22:46,XAUUSD,Buy,0.200,0.00000,5367.01000,5300.98000,5367.43000,0.0000,0.0000,6645.0,1329.00,20.16,"[tp 5367.01]",0,00:00:40:07,12.5,5m,0.0,0.00,6645.0,1329.0,0.0,0.0,100.0,100.0,0.00,0.00
,265422640,29/01/2026 17:37,29/01/2026 22:29,CL-OIL,Buy,0.500,0.00000,0.00000,65.03900,65.83800,0.0000,0.0000,79.9,399.50,6.45,"",0,00:04:51:43,,,,,,,,,,,,
,265733990,29/01/2026 22:04,29/01/2026 22:07,XAUUSD,Sell,0.400,0.00000,0.00000,5284.96000,5299.31000,0.0000,0.0000,-1435.0,-574.00,-8.48,"",0,00:00:03:16,,,,,,,,,,,,
,265732131,29/01/2026 21:39,29/01/2026 22:04,XAUUSD,Buy,0.200,5285.20000,0.00000,5317.97000,5284.96000,0.0000,0.0000,-3301.0,-660.20,-8.89,"[sl 5285.20]",0,00:00:24:50,80.0,19m,10974.0,0.43,7673.0,1534.6000000000001,-3301.0,-660.2,69.9,0.0,-10974.00,-2194.80
,265729505,29/01/2026 21:37,29/01/2026 22:04,XAUUSD,Buy,0.200,5287.36000,0.00000,5304.83000,5284.95000,0.0000,0.0000,-1988.0,-397.60,-5.08,"[sl 5287.36]",0,00:00:26:59,80.0,21m,10975.0,0.22,8987.0,1797.4,-1988.0,-397.6,81.9,0.0,-10975.00,-2195.00
,265717564,29/01/2026 21:30,29/01/2026 21:35,XAUUSD,Sell,0.200,0.00000,0.00000,5308.82000,5293.81000,0.0000,0.0000,1501.0,300.20,3.99,"",0,00:00:04:40,,,,,,,,,,,,
,265712653,29/01/2026 21:22,29/01/2026 21:35,XAUUSD,Sell,0.200,0.00000,0.00000,5309.41000,5293.13000,0.0000,0.0000,1628.0,325.60,4.52,"",0,00:00:12:27,,,,,,,,,,,,
,265712213,29/01/2026 21:16,29/01/2026 21:30,XAUUSD,Buy,0.200,5307.73000,0.00000,5319.09000,5305.47000,0.0000,0.0000,-1362.0,-272.40,-3.65,"[sl 5307.73]",0,00:00:14:28,,,,,,,,,,,,
,265527968,29/01/2026 18:31,29/01/2026 18:35,XAUUSD,Sell,0.200,0.00000,5277.86000,5305.50000,5278.21000,0.0000,0.0000,2729.0,545.80,7.88,"[tp 5277.86]",0,00:00:04:22,,,,,,,,,,,,
,265500561,29/01/2026 18:14,29/01/2026 18:16,XAUUSD,Sell,0.200,0.00000,0.00000,5273.86000,5255.03000,0.0000,0.0000,1883.0,376.60,5.75,"",0,00:00:01:59,,,,,,,,,,,,
,265459953,29/01/2026 17:52,29/01/2026 17:52,XAUUSD,Buy,0.100,0.00000,0.00000,5188.85000,5190.09000,0.0000,0.0000,124.0,12.40,0.19,"",0,00:00:00:37,,,,,,,,,,,,
,265455922,29/01/2026 17:50,29/01/2026 17:51,XAUUSD,Buy,0.100,0.00000,0.00000,5173.36000,5187.00000,0.0000,0.0000,1364.0,136.40,2.13,"",0,00:00:00:53,,,,,,,,,,,,
,265445688,29/01/2026 17:45,29/01/2026 17:46,XAUUSD,Buy,0.100,0.00000,0.00000,5147.83000,5170.41000,0.0000,0.0000,2258.0,225.80,3.66,"",0,00:00:01:30,,,,,,,,,,,,
,265445666,29/01/2026 17:45,29/01/2026 17:46,XAUUSD,Buy,0.100,0.00000,0.00000,5146.84000,5168.81000,0.0000,0.0000,2197.0,219.70,3.69,"",0,00:00:01:28,,,,,,,,,,,,
,265406123,29/01/2026 17:32,29/01/2026 17:38,XAUUSD,Buy,0.100,0.00000,5192.06000,5168.14000,5193.86000,0.0000,0.0000,2572.0,257.20,4.52,"[tp 5192.06]",0,00:00:05:56,,,,,,,,,,,,
,265176142,29/01/2026 16:27,29/01/2026 17:18,CL-OIL,Sell,0.500,0.00000,0.00000,66.25800,65.14400,0.0000,0.0000,111.4,557.00,10.84,"",0,00:00:50:38,,,,,,,,,,,,
,265181624,29/01/2026 16:29,29/01/2026 16:30,XAUUSD,Sell,0.100,0.00000,0.00000,5545.85000,5532.09000,0.0000,0.0000,1376.0,137.60,2.75,"",0,00:00:00:46,,,,,,,,,,,,
,256171686,29/01/2026 16:27,,,Deposit,0.000,0.00000,0.00000,0.00000,0.00000,0.0000,0.0000,0.0,5000.00,0,"Deposit-TH-QR-CPS-APP",0,00:00:00:00,,,,,,,,,,,,
,263689455,28/01/2026 22:34,28/01/2026 23:48,XAUUSD,Sell,0.010,0.00000,0.00000,5360.01000,5401.73000,0.0000,0.0000,-4172.0,-41.72,-96.13,"[so 15.67%/1.68/10.72]",0,00:01:14:02,0.0,0s,22808.0,0.00,0.0,0.0,-22808.0,-228.08,0.0,81.7,-4172.00,-41.72
,263209141,28/01/2026 19:02,28/01/2026 22:30,XAUUSD,Sell,0.250,0.00000,0.00000,5306.61000,5358.07000,0.0000,0.0000,-5146.0,-1286.50,-96.74,"[so 16.36%/43.40/265.33]",0,00:03:28:15,14.3,29m,13486.0,4.61,2402.0,600.5,-11084.0,-2771.0,17.8,44.0,-7548.00,-1887.00
,263212691,28/01/2026 17:01,28/01/2026 22:29,XAUUSD,Sell,0.250,0.00000,0.00000,5294.03000,5355.69000,0.0000,0.0000,-6166.0,-1541.50,-53.68,"[so 19.41%/102.90/530.03]",0,00:05:27:26,24.7,1h 20m,14371.0,6.09,2029.0,507.25,-12342.0,-3085.5,14.1,43.0,-8195.00,-2048.75
,263012771,28/01/2026 15:01,28/01/2026 22:29,XAUUSD,Sell,0.250,0.00000,0.00000,5282.16000,5355.14000,0.0000,0.0000,-7298.0,-1824.50,-38.85,"[so 16.42%/130.40/794.14]",0,00:07:27:38,20.3,1h 30m,16168.0,5.13,2639.0,659.75,-13529.0,-3382.25,16.3,38.5,-9937.00,-2484.25
,263069660,28/01/2026 15:37,28/01/2026 22:28,XAUUSD,Sell,0.250,0.00000,0.00000,5265.79000,5354.06000,0.0000,0.0000,-8827.0,-2206.75,-31.97,"[so 19.99%/211.40/1057.43]",0,00:06:50:04,0.0,0s,15166.0,0.00,0.0,0.0,-15166.0,-3791.5,0.0,41.8,-8827.00,-2206.75
,262967318,28/01/2026 14:21,28/01/2026 22:27,XAUUSD,Sell,0.250,0.00000,0.00000,5265.75000,5353.74000,0.0000,0.0000,-8799.0,-2199.75,-24.17,"[so 18.43%/243.40/1320.72]",0,00:08:05:52,4.2,20m,17532.0,6.42,2362.0,590.5,-15170.0,-3792.5,13.5,36.3,-11161.00,-2790.25
,262954065,28/01/2026 14:06,28/01/2026 22:27,XAUUSD,Sell,0.250,0.00000,0.00000,5254.05000,5353.45000,0.0000,0.0000,-9940.0,-2485.00,-21.45,"[so 17.66%/279.65/1583.42]",0,00:08:21:32,1.0,5m,17532.0,13.72,1192.0,298.0,-16340.0,-4085.0,6.8,36.5,-11132.00,-2783.00
,263050882,28/01/2026 15:25,28/01/2026 15:35,XAUUSD,Buy,0.250,5269.91000,0.00000,5284.13000,5269.71000,0.0000,0.0000,-1442.0,-360.50,-3.02,"[sl 5269.91]",0,00:00:10:44,,,,,,,,,,,,
,262853857,28/01/2026 12:32,28/01/2026 13:04,XAUUSD,Sell,0.250,0.00000,0.00000,5275.72000,5244.36000,0.0000,0.0000,3136.0,784.00,7.02,"",0,00:00:32:58,66.7,21m,2048.0,0.40,3136.0,784.0,-1262.0,-315.5,71.3,100.0,0.00,0.00
,262710225,28/01/2026 10:33,28/01/2026 11:24,XAUUSD,Sell,0.200,0.00000,0.00000,5310.58000,5271.60000,0.0000,0.0000,3898.0,779.60,7.51,"",0,00:00:51:09,100.0,51m,2807.0,0.00,6705.0,1341.0,0.0,0.0,100.0,58.1,-2807.00,-561.40
,262706791,28/01/2026 10:32,28/01/2026 11:24,XAUUSD,Sell,0.200,0.00000,0.00000,5304.76000,5271.32000,0.0000,0.0000,3344.0,668.80,6.88,"",0,00:00:51:52,100.0,51m,2779.0,0.00,6123.0,1224.6000000000001,0.0,0.0,100.0,54.6,-2779.00,-555.80
,262663634,28/01/2026 10:03,28/01/2026 11:24,XAUUSD,Sell,0.200,0.00000,0.00000,5295.91000,5271.26000,0.0000,0.0000,2465.0,493.00,5.35,"",0,00:01:20:39,100.0,1h 20m,2773.0,0.00,5238.0,1047.6000000000001,0.0,0.0,100.0,47.1,-2773.00,-554.60
,262663798,28/01/2026 10:01,28/01/2026 11:24,XAUUSD,Sell,0.200,0.00000,0.00000,5293.24000,5271.29000,0.0000,0.0000,2195.0,439.00,5.00,"",0,00:01:22:29,100.0,1h 22m,2776.0,0.00,4971.0,994.2,0.0,0.0,100.0,44.2,-2776.00,-555.20
,262513921,28/01/2026 07:50,28/01/2026 11:24,XAUUSD,Sell,0.500,0.00000,0.00000,5264.21000,5271.44000,0.0000,0.0000,-723.0,-361.50,-3.95,"",0,00:03:34:08,12.0,25m,4135.0,2.00,2068.0,1034.0,-4135.0,-2067.5,33.3,55.0,-2791.00,-1395.50
,262709951,28/01/2026 10:33,28/01/2026 11:24,XAUUSD,Buy,0.200,0.00000,0.00000,5311.07000,5271.37000,0.0000,0.0000,-3970.0,-794.00,-7.99,"",0,00:00:51:16,0.0,0s,6754.0,10000.00,0.0,0.0,-6754.0,-1350.8000000000002,0.0,41.2,-3970.00,-794.00
,262738231,28/01/2026 10:49,28/01/2026 11:24,XAUUSD,Sell,0.200,0.00000,0.00000,5285.76000,5270.82000,0.0000,0.0000,1494.0,298.80,3.10,"",0,00:00:34:47,100.0,34m,2729.0,0.00,4223.0,844.6,0.0,0.0,100.0,35.4,-2729.00,-545.80
,262671960,28/01/2026 10:05,28/01/2026 11:24,XAUUSD,Sell,0.500,0.00000,0.00000,5298.67000,5270.68000,0.0000,0.0000,2799.0,1399.50,16.98,"",0,00:01:18:28,100.0,1h 18m,2715.0,0.00,5514.0,2757.0,0.0,0.0,100.0,50.8,-2715.00,-1357.50
,262660215,28/01/2026 09:57,28/01/2026 10:32,XAUUSD,Sell,0.200,5310.28000,0.00000,5290.67000,5310.47000,0.0000,0.0000,-1980.0,-396.00,-4.59,"[sl 5310.28]",0,00:00:35:11,85.8,30m,3700.0,1.15,1720.0,344.0,-1980.0,-396.0,46.5,0.0,-3700.00,-740.00
,262620940,28/01/2026 09:22,28/01/2026 09:57,XAUUSD,Buy,0.500,0.00000,0.00000,5279.74000,5290.35000,0.0000,0.0000,1061.0,530.50,6.54,"",0,00:00:34:55,28.6,9m,1305.0,1.20,1061.0,530.5,-1273.0,-636.5,45.5,100.0,0.00,0.00
,262340929,28/01/2026 05:06,28/01/2026 07:10,XAUUSD,Sell,0.500,5256.01000,0.00000,5240.49000,5256.20000,0.0000,0.0000,-1571.0,-785.50,-8.83,"[sl 5256.01]",0,00:02:03:36,0.0,0s,3292.0,3333.33,0.0,0.0,-3292.0,-1646.0,0.0,52.3,-1571.00,-785.50
,262292514,28/01/2026 04:31,28/01/2026 05:05,XAUUSD,Sell,0.300,5238.64000,0.00000,5221.59000,5238.33000,0.0000,0.0000,-1674.0,-502.20,-5.35,"[sl 5238.64]",0,00:00:33:16,0.0,0s,3146.0,3333.33,0.0,0.0,-3146.0,-943.8,0.0,46.8,-1674.00,-502.20
,262235291,28/01/2026 03:49,28/01/2026 04:34,XAUUSD,Buy,0.300,0.00000,0.00000,5222.09000,5223.98000,0.0000,0.0000,189.0,56.70,0.61,"",0,00:00:44:31,100.0,44m,1580.0,0.00,1769.0,530.6999999999999,0.0,0.0,100.0,10.7,-1580.00,-474.00
,262225336,28/01/2026 03:44,28/01/2026 04:31,XAUUSD,Buy,0.300,0.00000,0.00000,5215.27000,5221.64000,0.0000,0.0000,637.0,191.10,2.09,"",0,00:00:46:48,100.0,46m,1814.0,0.00,2451.0,735.3,0.0,0.0,100.0,26.0,-1814.00,-544.20
,262258335,28/01/2026 04:02,28/01/2026 04:31,XAUUSD,Buy,0.300,0.00000,0.00000,5206.19000,5221.64000,0.0000,0.0000,1545.0,463.50,5.34,"",0,00:00:29:21,100.0,29m,1678.0,0.00,3223.0,966.9,0.0,0.0,100.0,47.9,-1678.00,-503.40
,262225932,28/01/2026 03:45,28/01/2026 04:31,XAUUSD,Buy,0.300,0.00000,0.00000,5217.97000,5221.64000,0.0000,0.0000,367.0,110.10,1.28,"",0,00:00:46:43,100.0,46m,1814.0,0.00,2181.0,654.3,0.0,0.0,100.0,16.8,-1814.00,-544.20
,262167623,28/01/2026 03:40,28/01/2026 03:44,XAUUSD,Sell,0.300,5215.59000,0.00000,5201.83000,5215.63000,0.0000,0.0000,-1380.0,-414.00,-4.61,"[sl 5215.59]",0,00:00:04:33,,,,,,,,,,,,
,262165432,28/01/2026 03:10,28/01/2026 03:44,XAUUSD,Sell,0.200,5215.50000,0.00000,5186.75000,5215.44000,0.0000,0.0000,-2869.0,-573.80,-6.00,"[sl 5215.50]",0,00:00:33:59,0.0,0s,5351.0,10000.00,0.0,0.0,-5351.0,-1070.2,0.0,46.4,-2869.00,-573.80
,261956151,27/01/2026 22:23,27/01/2026 22:24,XAUUSD,Sell,0.200,0.00000,0.00000,5145.75000,5138.33000,0.0000,0.0000,742.0,148.40,1.58,"",0,00:00:01:40,,,,,,,,,,,,
,261752932,27/01/2026 18:19,27/01/2026 19:24,XAUUSD,Sell,0.200,0.00000,0.00000,5100.17000,5083.99000,0.0000,0.0000,1618.0,323.60,3.56,"",0,00:01:04:44,100.0,1h 4m,75.0,0.00,1618.0,323.6,0.0,0.0,100.0,100.0,0.00,0.00
,261627154,27/01/2026 16:59,27/01/2026 18:13,XAUUSD,Buy,0.200,0.00000,0.00000,5051.37000,5096.69000,0.0000,0.0000,4532.0,906.40,11.08,"",0,00:01:13:28,100.0,1h 13m,635.0,0.00,4532.0,906.4000000000001,0.0,0.0,100.0,100.0,0.00,0.00
,261512965,27/01/2026 16:12,27/01/2026 18:13,XAUUSD,Buy,0.200,0.00000,0.00000,5063.44000,5096.69000,0.0000,0.0000,3325.0,665.00,8.85,"",0,00:02:00:51,100.0,2h 0m,1035.0,0.00,3325.0,665.0,0.0,0.0,100.0,100.0,0.00,0.00
,261504257,27/01/2026 16:13,27/01/2026 18:13,XAUUSD,Buy,0.200,0.00000,0.00000,5059.11000,5096.69000,0.0000,0.0000,3758.0,751.60,11.11,"",0,00:01:59:55,100.0,1h 59m,1035.0,0.00,3758.0,751.6,0.0,0.0,100.0,100.0,0.00,0.00
,261496619,27/01/2026 16:05,27/01/2026 18:13,XAUUSD,Buy,0.200,0.00000,0.00000,5067.43000,5096.69000,0.0000,0.0000,2926.0,585.20,9.47,"",0,00:02:07:48,100.0,2h 7m,1035.0,0.00,2926.0,585.2,0.0,0.0,100.0,100.0,0.00,0.00
,261319302,27/01/2026 13:54,27/01/2026 18:13,XAUUSD,Buy,0.200,0.00000,0.00000,5070.13000,5096.69000,0.0000,0.0000,2656.0,531.20,9.40,"",0,00:04:19:07,76.5,3h 18m,2461.0,0.55,2887.0,577.4,-1595.0,-319.0,64.4,94.8,-231.00,-46.20
,261276986,27/01/2026 12:44,27/01/2026 18:13,XAUUSD,Buy,0.200,0.00000,0.00000,5085.83000,5096.69000,0.0000,0.0000,1086.0,217.20,4.00,"",0,00:05:29:10,41.0,2h 14m,3569.0,2.40,1317.0,263.40000000000003,-3165.0,-633.0,29.4,94.8,-231.00,-46.20
,261498903,27/01/2026 16:05,27/01/2026 16:36,XAUUSD,Sell,0.200,5074.97000,0.00000,5061.14000,5075.34000,0.0000,0.0000,-1420.0,-284.00,-4.97,"[sl 5074.97]",0,00:00:31:08,,,,,,,,,,,,
,260983475,27/01/2026 08:05,27/01/2026 16:05,XAUUSD,Buy,0.200,5063.07000,0.00000,5085.50000,5062.83000,0.0000,0.0000,-2267.0,-453.40,-7.35,"[sl 5063.07]",0,00:08:00:02,40.7,3h 15m,4450.0,2.38,1318.0,263.6,-3132.0,-626.4000000000001,29.6,19.4,-3585.00,-717.00
,260663658,27/01/2026 02:58,27/01/2026 03:13,XAUUSD,Buy,0.200,0.00000,5065.71000,5034.57000,5065.84000,0.0000,0.0000,3127.0,625.40,11.28,"[tp 5065.71]",0,00:00:14:56,,,,,,,,,,,,
,260435799,26/01/2026 21:52,26/01/2026 21:53,XAUUSD,Sell,0.200,0.00000,0.00000,5024.48000,5016.55000,0.0000,0.0000,793.0,158.60,2.95,"",0,00:00:01:06,,,,,,,,,,,,
,260222516,26/01/2026 19:17,26/01/2026 21:02,XAUUSD,Sell,0.100,0.00000,5056.80000,5093.70000,5056.40000,0.0000,0.0000,3730.0,373.00,7.44,"[tp 5056.80]",0,00:01:44:13,100.0,1h 44m,2786.0,0.00,6516.0,651.6,0.0,0.0,100.0,57.2,-2786.00,-278.60
,251190223,26/01/2026 19:17,,,Deposit,0.000,0.00000,0.00000,0.00000,0.00000,0.0000,0.0000,0.0,5000.00,0,"Deposit-TH-QR-CPS-APP",0,00:00:00:00,,,,,,,,,,,,
,258531691,23/01/2026 17:17,26/01/2026 09:23,CL-OIL,Buy,0.500,0.00000,0.00000,61.10400,61.29800,0.0000,0.0000,19.4,97.00,0.00,"[so 19.80%/12.10/61.10]",0,02:16:05:46,,,,,,,,,,,,
,259255797,26/01/2026 05:21,26/01/2026 08:45,XAUUSD,Sell,0.050,0.00000,0.00000,5076.84000,5099.42000,0.0000,0.0000,-2258.0,-112.90,-403.21,"[so 19.76%/22.10/111.87]",0,00:03:24:47,21.5,44m,3040.0,2.89,782.0,39.1,-2258.0,-112.9,25.7,0.0,-3040.00,-152.00
,259031723,26/01/2026 02:28,26/01/2026 08:45,XAUUSD,Sell,0.250,0.00000,0.00000,5039.94000,5094.84000,0.0000,0.0000,-5490.0,-1372.50,-98.00,"[so 19.92%/72.50/363.87]",0,00:06:16:40,0.0,0s,5647.0,10000.00,0.0,0.0,-5647.0,-1411.75,0.0,2.8,-5490.00,-1372.50
,259160633,26/01/2026 04:02,26/01/2026 04:21,XAUUSD,Sell,1.000,0.00000,0.00000,5072.21000,5083.17000,0.0000,0.0000,-1096.0,-1096.00,-43.90,"[so 19.53%/259.25/1327.54]",0,00:00:19:00,,,,,,,,,,,,
,259002212,26/01/2026 01:48,26/01/2026 04:21,XAUUSD,Sell,0.250,0.00000,0.00000,5029.49000,5082.84000,0.0000,0.0000,-5335.0,-1333.75,-34.82,"[so 19.03%/300.50/1579.01]",0,00:02:33:10,0.0,0s,5900.0,10000.00,0.0,0.0,-5900.0,-1475.0,0.0,9.6,-5335.00,-1333.75
,258554095,23/01/2026 17:39,26/01/2026 04:21,XAUUSD,Sell,0.250,0.00000,0.00000,4954.44000,5082.54000,0.0000,0.0000,-12810.0,-3202.50,-45.54,"[so 18.91%/345.50/1826.74]",0,02:10:42:27,0.0,0s,13405.0,0.00,0.0,0.0,-13405.0,-3351.25,0.0,4.4,-12810.00,-3202.50
,258625455,26/01/2026 01:01,26/01/2026 04:21,XAUUSD,Sell,0.500,0.00000,0.00000,5009.60000,5081.94000,0.0000,0.0000,-7234.0,-3617.00,-33.96,"[so 19.25%/448.00/2327.70]",0,00:03:20:32,0.0,0s,7889.0,10000.00,0.0,0.0,-7889.0,-3944.5,0.0,8.3,-7234.00,-3617.00
,258816971,23/01/2026 23:48,26/01/2026 01:01,XAUUSD,Buy,1.000,0.00000,5017.28000,4982.73000,5017.65000,0.0000,0.0000,3492.0,3492.00,48.79,"[tp 5017.28]",0,02:01:12:56,5.1,2h 30m,3980.0,0.00,7472.0,7472.0,0.0,0.0,100.0,46.7,-3980.00,-3980.00
,258602433,23/01/2026 18:16,23/01/2026 21:53,XAUUSD,Sell,0.250,4988.53000,0.00000,4973.25000,4988.54000,0.0000,0.0000,-1529.0,-382.25,-5.07,"[sl 4988.53]",0,00:03:36:57,7.2,15m,1836.0,1.58,713.0,178.25,-1123.0,-280.75,38.8,22.1,-2242.00,-560.50
,258624246,23/01/2026 19:54,23/01/2026 19:54,XAUUSD,Buy,1.000,4972.93000,0.00000,4975.02000,4972.87000,0.0000,0.0000,-215.0,-215.00,-2.77,"[sl 4972.93]",0,00:00:00:05,,,,,,,,,,,,
,258621922,23/01/2026 18:33,23/01/2026 19:54,XAUUSD,Buy,1.000,4973.23000,0.00000,4982.90000,4973.10000,0.0000,0.0000,-980.0,-980.00,-11.22,"[sl 4973.23]",0,00:01:20:56,20.0,16m,1138.0,6.20,158.0,158.0,-980.0,-980.0,13.9,0.0,-1138.00,-1138.00
,258605920,23/01/2026 18:18,23/01/2026 18:31,XAUUSD,Sell,0.250,4987.00000,0.00000,4979.72000,4987.25000,0.0000,0.0000,-753.0,-188.25,-2.11,"[sl 4987.00]",0,00:00:12:20,,,,,,,,,,,,
,258557422,23/01/2026 17:47,23/01/2026 18:10,XAUUSD,Buy,1.000,0.00000,0.00000,4962.71000,4974.23000,0.0000,0.0000,1152.0,1152.00,14.82,"",0,00:00:22:45,,,,,,,,,,,,
,258534287,23/01/2026 17:19,23/01/2026 17:38,XAUUSD,Buy,0.250,0.00000,0.00000,4948.20000,4954.13000,0.0000,0.0000,593.0,148.25,1.94,"",0,00:00:19:19,,,,,,,,,,,,
,258289480,23/01/2026 14:05,23/01/2026 16:49,XAUUSD,Buy,1.000,0.00000,0.00000,4930.82000,4954.99000,0.0000,0.0000,2417.0,2417.00,46.43,"",0,00:02:43:44,100.0,2h 43m,3041.0,0.00,5458.0,5458.0,0.0,0.0,100.0,44.3,-3041.00,-3041.00
,258120240,23/01/2026 10:37,23/01/2026 16:49,XAUUSD,Buy,1.000,0.00000,0.00000,4921.81000,4954.99000,0.0000,0.0000,3318.0,3318.00,175.74,"",0,00:06:11:52,92.0,5h 42m,3041.0,0.05,6359.0,6359.0,-324.0,-324.0,95.2,54.5,-3041.00,-3041.00
,255644134,21/01/2026 16:10,23/01/2026 15:53,CL-OIL,Buy,0.500,0.00000,0.00000,60.44400,60.93800,0.0000,0.0000,49.4,247.00,15.05,"",0,01:23:43:25,,,,,,,,,,,,
,256855438,22/01/2026 11:50,23/01/2026 13:29,CL-OIL,Buy,0.500,0.00000,0.00000,60.14400,60.39800,0.0000,0.0000,25.4,127.00,8.39,"",0,01:01:39:46,,,,,,,,,,,,
,258224186,23/01/2026 12:31,23/01/2026 13:18,XAUUSD,Buy,2.000,0.00000,0.00000,4929.29000,4912.00000,0.0000,0.0000,-1729.0,-3458.00,-69.55,"[so 17.78%/547.00/3076.67]",0,00:00:46:29,,,,,,,,,,,,
,257003113,22/01/2026 14:54,23/01/2026 11:20,CL-OIL,Buy,0.500,0.00000,0.00000,59.55400,60.01800,0.0000,0.0000,46.4,232.00,4.89,"",0,00:20:26:09,,,,,,,,,,,,
,257934367,23/01/2026 07:59,23/01/2026 10:20,XAUUSD,Buy,1.000,4932.11000,0.00000,4961.35000,4930.48000,0.0000,0.0000,-3087.0,-3087.00,-39.44,"[sl 4932.11]",0,00:02:21:22,0.0,0s,5612.0,10000.00,0.0,0.0,-5612.0,-5612.0,0.0,45.0,-3087.00,-3087.00
,257951084,23/01/2026 08:12,23/01/2026 10:20,XAUUSD,Buy,1.000,4932.75000,0.00000,4947.01000,4932.68000,0.0000,0.0000,-1433.0,-1433.00,-15.48,"[sl 4932.75]",0,00:02:08:04,0.0,0s,4178.0,5000.00,0.0,0.0,-4178.0,-4178.0,0.0,65.7,-1433.00,-1433.00
,256970534,22/01/2026 14:58,23/01/2026 03:46,CL-OIL,Buy,0.500,0.00000,0.00000,59.48400,59.72800,0.0000,0.0000,24.4,122.00,1.34,"",0,00:12:48:40,,,,,,,,,,,,
,256969755,22/01/2026 19:40,23/01/2026 03:46,CL-OIL,Buy,0.500,0.00000,0.00000,59.24400,59.72800,0.0000,0.0000,48.4,242.00,2.72,"",0,00:08:06:48,,,,,,,,,,,,
,254696323,22/01/2026 19:51,23/01/2026 03:46,CL-OIL,Buy,0.500,0.00000,0.00000,58.99900,59.72800,0.0000,0.0000,72.9,364.50,4.27,"",0,00:07:54:55,,,,,,,,,,,,
,257622252,23/01/2026 01:01,23/01/2026 01:25,XAUUSD,Sell,1.000,0.00000,0.00000,4944.43000,4943.52000,0.0000,0.0000,91.0,91.00,1.08,"",0,00:00:24:15,,,,,,,,,,,,
,257621875,22/01/2026 23:35,23/01/2026 01:01,XAUUSD,Buy,1.000,0.00000,4945.86000,4935.19000,4945.91000,0.0000,0.0000,1072.0,1072.00,14.55,"[tp 4945.86]",0,00:01:25:34,100.0,1h 25m,1922.0,0.00,2994.0,2994.0,0.0,0.0,100.0,35.8,-1922.00,-1922.00
,257621437,22/01/2026 23:35,23/01/2026 01:01,XAUUSD,Buy,0.100,0.00000,4944.73000,4936.65000,4944.43000,0.0000,0.0000,778.0,77.80,1.07,"[tp 4944.73]",0,00:01:25:51,100.0,1h 25m,2070.0,0.00,2848.0,284.8,0.0,0.0,100.0,27.3,-2070.00,-207.00
,257486442,22/01/2026 21:06,22/01/2026 23:34,XAUUSD,Sell,0.500,4934.29000,0.00000,4921.42000,4934.30000,0.0000,0.0000,-1288.0,-644.00,-8.12,"[sl 4934.29]",0,00:02:27:44,0.0,0s,2170.0,2500.00,0.0,0.0,-2170.0,-1085.0,0.0,40.6,-1288.00,-644.00
,257471463,22/01/2026 20:08,22/01/2026 21:07,XAUUSD,Buy,1.000,0.00000,4922.04000,4913.54000,4923.24000,0.0000,0.0000,970.0,970.00,13.93,"[tp 4922.04]",0,00:00:58:43,,,,,,,,,,,,
,257480202,22/01/2026 20:14,22/01/2026 21:06,XAUUSD,Buy,0.500,0.00000,4921.40000,4909.05000,4921.42000,0.0000,0.0000,1237.0,618.50,9.75,"[tp 4921.40]",0,00:00:51:56,,,,,,,,,,,,
,257471537,22/01/2026 20:08,22/01/2026 21:03,XAUUSD,Buy,1.000,0.00000,4920.69000,4913.37000,4919.54000,0.0000,0.0000,617.0,617.00,10.77,"[tp 4920.69]",0,00:00:55:06,,,,,,,,,,,,
,257454976,22/01/2026 20:03,22/01/2026 20:08,XAUUSD,Sell,1.000,4912.36000,0.00000,4909.19000,4912.40000,0.0000,0.0000,-321.0,-321.00,-5.31,"[sl 4912.36]",0,00:00:05:24,,,,,,,,,,,,
,257434621,22/01/2026 19:42,22/01/2026 20:08,XAUUSD,Sell,1.000,4912.17000,0.00000,4897.92000,4912.25000,0.0000,0.0000,-1433.0,-1433.00,-19.15,"[sl 4912.17]",0,00:00:25:37,,,,,,,,,,,,
,257417642,22/01/2026 19:25,22/01/2026 19:42,XAUUSD,Buy,1.000,0.00000,4897.83000,4887.48000,4897.97000,0.0000,0.0000,1049.0,1049.00,16.30,"[tp 4897.83]",0,00:00:17:08,,,,,,,,,,,,
,257416786,22/01/2026 19:24,22/01/2026 19:42,XAUUSD,Buy,1.000,0.00000,4897.88000,4888.35000,4897.97000,0.0000,0.0000,962.0,962.00,17.58,"[tp 4897.88]",0,00:00:18:11,,,,,,,,,,,,
,257340113,22/01/2026 18:38,22/01/2026 19:22,XAUUSD,Sell,1.000,4887.53000,0.00000,4883.65000,4888.07000,0.0000,0.0000,-442.0,-442.00,-7.47,"[sl 4887.53]",0,00:00:44:20,,,,,,,,,,,,
,257323378,22/01/2026 18:05,22/01/2026 19:22,XAUUSD,Sell,0.500,4887.37000,0.00000,4869.76000,4888.07000,0.0000,0.0000,-1831.0,-915.50,-13.40,"[sl 4887.37]",0,00:01:17:22,0.0,0s,5410.0,10000.00,0.0,0.0,-5410.0,-2705.0,0.0,66.2,-1831.00,-915.50
,257267281,22/01/2026 17:34,22/01/2026 17:53,XAUUSD,Buy,1.000,0.00000,4871.86000,4860.87000,4871.99000,0.0000,0.0000,1112.0,1112.00,19.45,"[tp 4871.86]",0,00:00:19:01,,,,,,,,,,,,
,257273153,22/01/2026 17:32,22/01/2026 17:52,XAUUSD,Buy,1.000,0.00000,4870.89000,4860.29000,4870.72000,0.0000,0.0000,1043.0,1043.00,22.31,"[tp 4870.89]",0,00:00:20:20,,,,,,,,,,,,
,257165345,22/01/2026 16:34,22/01/2026 17:31,XAUUSD,Sell,0.500,4860.27000,0.00000,4843.43000,4860.27000,0.0000,0.0000,-1684.0,-842.00,-15.26,"[sl 4860.27]",0,00:00:56:52,,,,,,,,,,,,
,255654202,21/01/2026 16:12,21/01/2026 16:16,XAUUSD,Buy,0.500,0.00000,0.00000,4841.77000,4852.09000,0.0000,0.0000,1032.0,516.00,10.32,"",0,00:00:03:49,,,,,,,,,,,,
,246592705,21/01/2026 16:10,,,Deposit,0.000,0.00000,0.00000,0.00000,0.00000,0.0000,0.0000,0.0,5000.00,0,"Deposit-TH-QR-CPS-APP",0,00:00:00:00,,,,,,,,,,,,
,249724485,15/01/2026 03:52,21/01/2026 09:38,CL-OIL,Buy,0.500,0.00000,0.00000,60.10900,59.49800,0.0000,0.0000,-61.1,-305.50,-99.77,"[so 1.16%/0.70/60.11]",0,06:05:45:45,,,,,,,,,,,,
,248888246,14/01/2026 22:02,21/01/2026 09:09,CL-OIL,Buy,0.500,0.00000,0.00000,60.96400,59.53800,0.0000,0.0000,-142.6,-713.00,-69.96,"[so 17.10%/20.70/121.07]",0,06:11:07:06,,,,,,,,,,,,
,254921523,21/01/2026 04:43,21/01/2026 09:09,XAUUSD,Sell,0.010,0.00000,0.00000,4837.11000,4837.80000,0.0000,0.0000,-69.0,-0.69,-0.07,"",0,00:04:26:02,0.0,0s,4664.0,5000.00,0.0,0.0,-4664.0,-46.64,0.0,98.5,-69.00,-0.69
,249429521,14/01/2026 21:29,21/01/2026 09:08,CL-OIL,Buy,0.500,0.00000,0.00000,61.89400,59.55300,0.0000,0.0000,-234.1,-1170.50,-53.44,"[so 19.68%/37.92/192.64]",0,06:11:39:18,,,,,,,,,,,,
,255025873,21/01/2026 06:33,21/01/2026 09:03,XAUUSD,Sell,0.010,0.00000,0.00000,4852.73000,4841.49000,0.0000,0.0000,1124.0,11.24,0.52,"",0,00:02:30:13,40.0,1h 0m,2954.0,0.89,1559.0,15.59,-1395.0,-13.950000000000001,52.8,85.3,-435.00,-4.35
,255102342,21/01/2026 07:43,21/01/2026 09:03,XAUUSD,Sell,0.010,0.00000,0.00000,4871.89000,4842.02000,0.0000,0.0000,2987.0,29.87,1.39,"",0,00:01:20:14,100.0,1h 20m,843.0,0.00,2987.0,29.87,0.0,0.0,100.0,100.0,0.00,0.00
,254833236,21/01/2026 03:29,21/01/2026 04:00,XAUUSD,Sell,1.000,0.00000,0.00000,4825.22000,4840.78000,0.0000,0.0000,-1556.0,-1556.00,-41.99,"[so 18.10%/207.78/1148.01]",0,00:00:31:36,,,,,,,,,,,,
,253999834,20/01/2026 16:02,21/01/2026 03:57,XAUUSD,Sell,0.500,0.00000,0.00000,4744.69000,4836.79000,0.0000,0.0000,-9210.0,-4605.00,-55.41,"",0,00:11:55:02,0.0,0s,10037.0,0.00,0.0,0.0,-10037.0,-5018.5,0.0,8.2,-9210.00,-4605.00
,254862835,21/01/2026 03:48,21/01/2026 03:57,XAUUSD,Buy,1.000,0.00000,0.00000,4827.47000,4836.85000,0.0000,0.0000,938.0,938.00,12.72,"",0,00:00:08:43,,,,,,,,,,,,
,254769776,21/01/2026 02:50,21/01/2026 03:54,XAUUSD,Sell,1.000,0.00000,0.00000,4784.22000,4842.87000,0.0000,0.0000,-5865.0,-5865.00,-44.31,"[so 19.92%/322.78/1620.78]",0,00:01:04:54,0.0,0s,6084.0,10000.00,0.0,0.0,-6084.0,-6084.0,0.0,3.6,-5865.00,-5865.00
,254827818,21/01/2026 03:27,21/01/2026 03:54,XAUUSD,Sell,3.000,0.00000,0.00000,4819.15000,4839.43000,0.0000,0.0000,-2028.0,-6084.00,-31.49,"[so 19.08%/860.28/4509.39]",0,00:00:27:41,,,,,,,,,,,,
,254696180,20/01/2026 23:00,21/01/2026 03:30,XAUUSD,Sell,1.000,0.00000,0.00000,4758.15000,4836.59000,0.0000,0.0000,-7844.0,-7844.00,-28.88,"[so 18.43%/1183.78/6422.45]",0,00:04:30:14,0.0,0s,8471.0,10000.00,0.0,0.0,-8471.0,-8471.0,0.0,7.4,-7844.00,-7844.00
,254807839,21/01/2026 03:15,21/01/2026 03:30,XAUUSD,Sell,3.000,0.00000,0.00000,4808.83000,4835.78000,0.0000,0.0000,-2695.0,-8085.00,-22.94,"[so 18.37%/1710.28/9307.75]",0,00:00:15:02,,,,,,,,,,,,
,254818428,21/01/2026 03:20,21/01/2026 03:27,XAUUSD,Buy,3.000,0.00000,4819.65000,4814.98000,4819.79000,0.0000,0.0000,481.0,1443.00,4.27,"[tp 4819.65]",0,00:00:06:20,,,,,,,,,,,,
,245753019,21/01/2026 03:15,,,Deposit,0.000,0.00000,0.00000,0.00000,0.00000,0.0000,0.0000,0.0,20000.00,0,"Deposit-TH-QR-CPS-APP",0,00:00:00:00,,,,,,,,,,,,
,253356864,20/01/2026 06:24,21/01/2026 03:15,XAUUSD,Sell,0.500,0.00000,0.00000,4684.20000,4810.61000,0.0000,0.0000,-12641.0,-6320.50,-31.40,"[so 18.78%/569.78/3034.33]",0,00:20:50:35,0.0,0s,15253.0,0.00,0.0,0.0,-15253.0,-7626.5,0.0,17.1,-12641.00,-6320.50
,254142795,20/01/2026 16:02,21/01/2026 03:14,XAUUSD,Sell,1.000,0.00000,0.00000,4745.74000,4810.09000,0.0000,0.0000,-6435.0,-6435.00,-24.23,"[so 18.97%/755.78/3983.48]",0,00:11:11:38,2.3,15m,9139.0,232.56,40.0,40.0,-9099.0,-9099.0,0.4,29.1,-6475.00,-6475.00
,253884322,20/01/2026 09:30,21/01/2026 03:14,XAUUSD,Sell,1.000,0.00000,0.00000,4718.94000,4809.56000,0.0000,0.0000,-9062.0,-9062.00,-25.44,"[so 19.64%/967.78/4927.27]",0,00:17:44:03,0.0,0s,11779.0,0.00,0.0,0.0,-11779.0,-11779.0,0.0,23.1,-9062.00,-9062.00
,253762852,20/01/2026 07:43,21/01/2026 03:14,XAUUSD,Sell,1.000,0.00000,0.00000,4705.09000,4809.52000,0.0000,0.0000,-10443.0,-10443.00,-22.67,"[so 16.83%/987.78/5868.29]",0,00:19:30:32,0.0,0s,13164.0,0.00,0.0,0.0,-13164.0,-13164.0,0.0,20.7,-10443.00,-10443.00
,253685848,20/01/2026 06:38,21/01/2026 03:14,XAUUSD,Sell,1.000,0.00000,0.00000,4689.80000,4808.99000,0.0000,0.0000,-11919.0,-11919.00,-20.55,"[so 19.19%/1305.78/6806.25]",0,00:20:35:37,0.0,0s,14693.0,0.00,0.0,0.0,-14693.0,-14693.0,0.0,18.9,-11919.00,-11919.00
,254306934,20/01/2026 16:22,21/01/2026 03:14,XAUUSD,Sell,2.000,0.00000,0.00000,4746.24000,4808.46000,0.0000,0.0000,-6222.0,-12444.00,-17.67,"[so 19.26%/1676.78/8704.74]",0,00:10:51:39,0.0,0s,9049.0,10000.00,0.0,0.0,-9049.0,-18098.0,0.0,31.2,-6222.00,-12444.00
,253458843,20/01/2026 01:49,21/01/2026 03:14,XAUUSD,Sell,2.000,0.00000,0.00000,4666.16000,4808.30000,0.0000,0.0000,-14214.0,-28428.00,-28.76,"[so 17.22%/1820.78/10571.21]",0,01:01:24:20,0.0,0s,17057.0,0.00,0.0,0.0,-17057.0,-34114.0,0.0,16.7,-14214.00,-28428.00
,245714640,21/01/2026 02:49,,,Deposit,0.000,0.00000,0.00000,0.00000,0.00000,0.0000,0.0000,0.0,20000.00,0,"Deposit-TH-QR-CPS-APP",0,00:00:00:00,,,,,,,,,,,,
,245649460,21/01/2026 00:01,,,Deposit,0.000,0.00000,0.00000,0.00000,0.00000,0.0000,0.0000,0.0,20000.00,0,"Deposit-TH-QR-CPS-APP",0,00:00:00:00,,,,,,,,,,,,
,245494267,20/01/2026 18:48,,,Deposit,0.000,0.00000,0.00000,0.00000,0.00000,0.0000,0.0000,0.0,10000.00,0,"Deposit-TH-QR-CPS-APP",0,00:00:00:00,,,,,,,,,,,,
,251900737,19/01/2026 01:00,20/01/2026 17:02,CL-OIL,Buy,0.500,0.00000,0.00000,58.94400,60.29800,0.0000,0.0000,135.4,677.00,1.41,"",0,01:16:02:32,,,,,,,,,,,,
,254112840,20/01/2026 13:55,20/01/2026 14:34,XAUUSD,Sell,1.000,0.00000,0.00000,4730.95000,4726.68000,0.0000,0.0000,427.0,427.00,0.89,"",0,00:00:39:14,,,,,,,,,,,,
,244973031,20/01/2026 12:02,,,Deposit,0.000,0.00000,0.00000,0.00000,0.00000,0.0000,0.0000,0.0,15000.00,0,"Deposit-TH-QR-CPS-APP",0,00:00:00:00,,,,,,,,,,,,
,244818136,20/01/2026 09:23,,,Deposit,0.000,0.00000,0.00000,0.00000,0.00000,0.0000,0.0000,0.0,10000.00,0,"Deposit-TH-QR-CPS-APP",0,00:00:00:00,,,,,,,,,,,,
,251989642,16/01/2026 17:33,16/01/2026 21:47,XAUUSD,Buy,0.500,0.00000,0.00000,4545.14000,4589.77000,0.0000,0.0000,4463.0,2231.50,10.87,"",0,00:04:13:23,100.0,4h 13m,1407.0,0.00,5052.0,2526.0,0.0,0.0,100.0,88.3,-589.00,-294.50
,251982351,16/01/2026 17:32,16/01/2026 21:47,XAUUSD,Buy,0.500,0.00000,0.00000,4556.55000,4589.77000,0.0000,0.0000,3322.0,1661.00,8.81,"",0,00:04:14:54,100.0,4h 14m,1407.0,0.00,3911.0,1955.5,0.0,0.0,100.0,84.9,-589.00,-294.50
,251967977,16/01/2026 17:29,16/01/2026 21:47,XAUUSD,Buy,0.500,0.00000,0.00000,4571.19000,4589.77000,0.0000,0.0000,1858.0,929.00,5.18,"",0,00:04:17:57,100.0,4h 17m,1407.0,0.00,2447.0,1223.5,0.0,0.0,100.0,75.9,-589.00,-294.50
,251965922,16/01/2026 17:28,16/01/2026 21:47,XAUUSD,Buy,0.500,0.00000,0.00000,4573.57000,4589.77000,0.0000,0.0000,1620.0,810.00,4.73,"",0,00:04:18:14,100.0,4h 18m,1407.0,0.00,2209.0,1104.5,0.0,0.0,100.0,73.3,-589.00,-294.50
,251706858,16/01/2026 15:12,16/01/2026 21:47,XAUUSD,Buy,0.500,0.00000,0.00000,4596.81000,4589.77000,0.0000,0.0000,-704.0,-352.00,-2.01,"",0,00:06:34:38,2.6,10m,7414.0,2.73,1987.0,993.5,-5427.0,-2713.5,26.8,63.7,-2691.00,-1345.50
,251652894,16/01/2026 15:18,16/01/2026 21:47,XAUUSD,Buy,0.500,0.00000,0.00000,4584.41000,4589.77000,0.0000,0.0000,536.0,268.00,1.56,"",0,00:06:29:03,56.9,3h 41m,6781.0,1.61,2594.0,1297.0,-4187.0,-2093.5,38.3,69.7,-2058.00,-1029.00
,251631868,16/01/2026 14:08,16/01/2026 21:47,XAUUSD,Buy,0.500,0.00000,0.00000,4611.09000,4589.77000,0.0000,0.0000,-2132.0,-1066.00,-5.83,"",0,00:07:38:43,5.3,24m,7723.0,7.90,868.0,434.0,-6855.0,-3427.5,11.2,61.2,-3000.00,-1500.00
,250593439,15/01/2026 16:26,16/01/2026 15:12,XAUUSD,Sell,1.000,0.00000,0.00000,4604.58000,4596.87000,0.0000,0.0000,771.0,771.00,4.41,"",0,00:22:46:11,40.3,9h 10m,3019.0,0.93,1792.0,1792.0,-1672.0,-1672.0,51.7,70.5,-1021.00,-1021.00
,250784989,15/01/2026 18:14,16/01/2026 15:12,XAUUSD,Sell,0.500,0.00000,0.00000,4621.82000,4597.06000,0.0000,0.0000,2476.0,1238.00,7.61,"",0,00:20:57:32,100.0,20h 57m,3019.0,0.00,3516.0,1758.0,0.0,0.0,100.0,70.4,-1040.00,-520.00
,249457235,15/01/2026 12:17,16/01/2026 14:24,CL-OIL,Buy,0.500,0.00000,0.00000,59.01400,60.02300,0.0000,0.0000,100.9,504.50,3.20,"",0,01:02:06:42,,,,,,,,,,,,
,250329000,15/01/2026 13:03,15/01/2026 15:33,XAUUSD,Sell,1.000,0.00000,0.00000,4619.50000,4595.14000,0.0000,0.0000,2436.0,2436.00,18.28,"",0,00:02:29:18,100.0,2h 29m,2888.0,0.00,3204.0,3204.0,0.0,0.0,100.0,76.0,-768.00,-768.00
,248764219,14/01/2026 22:06,15/01/2026 02:20,CL-OIL,Buy,0.500,0.00000,0.00000,60.05400,60.68300,0.0000,0.0000,62.9,314.50,2.42,"",0,00:04:13:31,,,,,,,,,,,,
,249435813,14/01/2026 21:42,15/01/2026 02:19,XAUUSD,Sell,1.000,0.00000,0.00000,4639.81000,4616.79000,0.0000,0.0000,2302.0,2302.00,21.50,"",0,00:04:37:08,100.0,4h 37m,2518.0,0.00,4820.0,4820.0,0.0,0.0,100.0,47.8,-2518.00,-2518.00
,248832166,14/01/2026 13:18,14/01/2026 21:29,CL-OIL,Buy,0.500,0.00000,0.00000,61.62400,61.85800,0.0000,0.0000,23.4,117.00,1.10,"",0,00:08:10:49,,,,,,,,,,,,
,249127652,14/01/2026 17:05,14/01/2026 17:17,XAUUSD,Buy,0.500,0.00000,0.00000,4605.98000,4619.59000,0.0000,0.0000,1361.0,680.50,6.87,"",0,00:00:11:43,,,,,,,,,,,,
,248623144,14/01/2026 09:00,14/01/2026 16:39,XAUUSD,Sell,0.500,0.00000,0.00000,4635.56000,4618.69000,0.0000,0.0000,1687.0,843.50,9.30,"",0,00:07:39:44,81.4,6h 14m,1829.0,0.12,3036.0,1518.0,-356.0,-178.0,89.5,60.2,-1349.00,-674.50
,247822932,13/01/2026 16:45,14/01/2026 13:18,CL-OIL,Buy,0.500,0.00000,0.00000,60.97400,61.59800,0.0000,0.0000,62.4,312.00,3.56,"",0,00:20:33:03,,,,,,,,,,,,
,248477221,14/01/2026 08:55,14/01/2026 12:18,CL-OIL,Buy,0.500,0.00000,0.00000,60.53400,61.14800,0.0000,0.0000,61.4,307.00,3.63,"",0,00:03:23:18,,,,,,,,,,,,
,248224351,13/01/2026 22:35,14/01/2026 03:21,XAUUSD,Buy,0.500,0.00000,0.00000,4572.17000,4615.44000,0.0000,0.0000,4327.0,2163.50,34.43,"",0,00:04:46:32,94.8,4h 31m,658.0,0.00,4985.0,2492.5,0.0,0.0,100.0,86.8,-658.00,-329.00
,248219286,13/01/2026 22:33,14/01/2026 03:21,XAUUSD,Buy,1.000,0.00000,0.00000,4582.22000,4615.04000,0.0000,0.0000,3282.0,3282.00,109.34,"",0,00:04:48:16,93.2,4h 28m,698.0,0.00,3980.0,3980.0,0.0,0.0,100.0,82.5,-698.00,-698.00
,248188736,13/01/2026 21:21,13/01/2026 22:33,XAUUSD,Buy,1.000,4580.08000,0.00000,4592.25000,4579.18000,0.0000,0.0000,-1307.0,-1307.00,-30.33,"[sl 4580.08]",0,00:01:11:57,0.0,0s,1307.0,1428.57,0.0,0.0,-1307.0,-1307.0,0.0,0.0,-1307.00,-1307.00
,247939219,13/01/2026 17:41,13/01/2026 19:58,XAUUSD,Buy,1.000,4591.61000,0.00000,4609.04000,4591.52000,0.0000,0.0000,-1752.0,-1752.00,-28.91,"[sl 4591.61]",0,00:02:16:33,0.0,0s,2364.0,2500.00,0.0,0.0,-2364.0,-2364.0,0.0,25.9,-1752.00,-1752.00
,247510005,13/01/2026 11:42,13/01/2026 16:44,CL-OIL,Buy,0.500,0.00000,60.92400,60.43900,60.93300,0.0000,0.0000,49.4,247.00,4.25,"[tp 60.924]",0,00:05:02:33,,,,,,,,,,,,
,247481240,13/01/2026 10:55,13/01/2026 11:42,CL-OIL,Buy,0.500,0.00000,0.00000,59.98400,60.39800,0.0000,0.0000,41.4,207.00,3.69,"",0,00:00:46:36,,,,,,,,,,,,
,246925655,12/01/2026 22:34,13/01/2026 10:55,CL-OIL,Buy,0.500,0.00000,0.00000,59.36900,59.95300,0.0000,0.0000,58.4,292.00,5.49,"",0,00:12:21:14,,,,,,,,,,,,
,238151980,13/01/2026 00:50,,,Deposit,0.000,0.00000,0.00000,0.00000,0.00000,0.0000,0.0000,0.0,57.00,0,"Cash Adj-Rollover-CL-OIL",0,00:00:00:00,,,,,,,,,,,,
,246507552,12/01/2026 15:40,12/01/2026 22:34,CL-OIL,Buy,0.500,0.00000,0.00000,58.85400,59.33300,0.0000,0.0000,47.9,239.50,4.77,"",0,00:06:54:15,,,,,,,,,,,,
,237708585,12/01/2026 15:39,,,Deposit,0.000,0.00000,0.00000,0.00000,0.00000,0.0000,0.0000,0.0,5000.00,0,"Deposit-TH-QR-CPS-APP",0,00:00:00:00,,,,,,,,,,,,
,240906172,05/01/2026 17:35,06/01/2026 03:03,XAUUSD,Buy,1.000,0.00000,0.00000,4443.02000,4428.57000,0.0000,0.0000,-1445.0,-1445.00,-98.75,"[so 2.06%/18.28/888.60]",0,00:09:27:07,63.2,5h 58m,3493.0,0.71,2048.0,2048.0,-1445.0,-1445.0,58.6,0.0,-3493.00,-3493.00
,240861556,05/01/2026 17:03,06/01/2026 03:03,XAUUSD,Buy,1.000,0.00000,0.00000,4450.51000,4428.57000,0.0000,0.0000,-2194.0,-2194.00,-59.99,"[so 1.37%/24.28/1778.71]",0,00:09:59:28,15.0,1h 29m,3493.0,1.69,1299.0,1299.0,-2194.0,-2194.0,37.2,0.0,-3493.00,-3493.00
,240651599,05/01/2026 14:47,05/01/2026 17:36,CL-OIL,Buy,0.500,0.00000,0.00000,57.78400,58.02300,0.0000,0.0000,23.9,119.50,3.38,"",0,00:02:48:50,,,,,,,,,,,,
,240827984,05/01/2026 16:46,05/01/2026 17:03,XAUUSD,Sell,0.500,4450.08000,0.00000,4433.10000,4450.12000,0.0000,0.0000,-1702.0,-851.00,-19.39,"[sl 4450.08]",0,00:00:16:30,,,,,,,,,,,,
,240660552,05/01/2026 14:55,05/01/2026 17:03,XAUUSD,Sell,0.500,4450.08000,0.00000,4409.77000,4450.12000,0.0000,0.0000,-4035.0,-2017.50,-31.49,"[sl 4450.08]",0,00:02:07:31,0.0,0s,4035.0,5000.00,0.0,0.0,-4035.0,-2017.5,0.0,0.0,-4035.00,-2017.50
,238756209,31/12/2025 22:41,05/01/2026 16:47,CL-OIL,Buy,0.500,0.00000,0.00000,57.46400,58.03300,0.0000,0.0000,56.9,284.50,4.65,"",0,04:18:06:50,,,,,,,,,,,,
,239302725,02/01/2026 11:40,05/01/2026 16:47,CL-OIL,Buy,0.500,0.00000,0.00000,57.09400,58.04300,0.0000,0.0000,94.9,474.50,8.40,"",0,03:05:07:00,,,,,,,,,,,,
,239628419,05/01/2026 10:27,05/01/2026 11:56,CL-OIL,Buy,0.500,0.00000,0.00000,56.52900,57.38800,0.0000,0.0000,85.9,429.50,8.23,"",0,00:01:28:49,,,,,,,,,,,,
,239630979,02/01/2026 17:11,05/01/2026 02:45,XAUUSD,Buy,0.250,0.00000,0.00000,4337.21000,4385.84000,0.0000,0.0000,4863.0,1215.75,30.38,"",0,02:09:33:56,7.9,4h 32m,2305.0,0.34,6856.0,1714.0,-2305.0,-576.25,74.8,78.2,-1993.00,-498.25
,239714095,02/01/2026 18:17,05/01/2026 02:45,XAUUSD,Buy,0.250,0.00000,0.00000,4319.30000,4385.68000,0.0000,0.0000,6638.0,1659.50,70.84,"",0,02:08:28:27,98.3,2d 7h ,2009.0,0.01,8647.0,2161.75,-97.0,-24.25,98.9,77.0,-2009.00,-502.25
,239589224,02/01/2026 16:49,02/01/2026 17:05,XAUUSD,Sell,0.250,0.00000,0.00000,4361.78000,4342.73000,0.0000,0.0000,1905.0,476.25,25.52,"",0,00:00:15:28,,,,,,,,,,,,
,239452868,02/01/2026 15:20,02/01/2026 15:41,XAUUSD,Sell,0.250,0.00000,0.00000,4391.47000,4370.68000,0.0000,0.0000,2079.0,519.75,38.60,"",0,00:00:20:39,,,,,,,,,,,,
,229952904,31/12/2025 22:40,,,Deposit,0.000,0.00000,0.00000,0.00000,0.00000,0.0000,0.0000,0.0,1337.00,0,"Transfer In from 143041",0,00:00:00:00,,,,,,,,,,,,
,216635303,11/12/2025 09:29,22/12/2025 18:01,CL-OIL,Buy,0.500,0.00000,0.00000,58.01900,57.56800,0.0000,0.0000,-45.1,-225.50,-95.95,"[so 16.43%/9.53/58.02]",0,11:08:32:06,,,,,,,,,,,,
,216419776,11/12/2025 05:30,22/12/2025 17:59,CL-OIL,Buy,0.500,0.00000,0.00000,58.47400,57.58800,0.0000,0.0000,-88.6,-443.00,-65.34,"[so 16.77%/19.53/116.49]",0,11:12:29:24,,,,,,,,,,,,
,212647713,08/12/2025 20:13,22/12/2025 17:59,CL-OIL,Buy,0.500,0.00000,0.00000,58.99400,57.59800,0.0000,0.0000,-139.6,-698.00,-50.73,"[so 16.83%/29.53/175.49]",0,13:21:46:28,,,,,,,,,,,,
,212316421,08/12/2025 12:05,22/12/2025 17:59,CL-OIL,Buy,0.500,0.00000,0.00000,59.58400,57.60800,0.0000,0.0000,-197.6,-988.00,-41.79,"[so 18.94%/44.53/235.07]",0,14:05:53:33,,,,,,,,,,,,
,228028078,22/12/2025 05:45,22/12/2025 17:57,XAUUSD,Sell,0.250,0.00000,0.00000,4392.91000,4434.82000,0.0000,0.0000,-4191.0,-1047.75,-30.71,"[so 18.59%/84.53/454.72]",0,00:12:11:55,0.0,0s,4583.0,5000.00,0.0,0.0,-4583.0,-1145.75,0.0,8.6,-4191.00,-1047.75
,211018433,05/12/2025 18:25,22/12/2025 17:57,CL-OIL,Buy,0.500,0.00000,0.00000,60.12400,57.63800,0.0000,0.0000,-248.6,-1243.00,-26.70,"[so 19.19%/98.78/514.85]",0,16:23:32:16,,,,,,,,,,,,
,227306139,22/12/2025 03:00,22/12/2025 17:56,XAUUSD,Sell,0.250,0.00000,0.00000,4365.96000,4434.54000,0.0000,0.0000,-6858.0,-1714.50,-26.92,"[so 19.44%/142.53/733.14]",0,00:14:56:49,0.0,0s,7278.0,10000.00,0.0,0.0,-7278.0,-1819.5,0.0,5.8,-6858.00,-1714.50
,227899964,22/12/2025 02:27,22/12/2025 17:55,XAUUSD,Sell,0.250,0.00000,0.00000,4363.15000,4433.54000,0.0000,0.0000,-7039.0,-1759.75,-21.65,"[so 19.61%/186.53/951.30]",0,00:15:28:44,0.0,0s,7559.0,10000.00,0.0,0.0,-7559.0,-1889.75,0.0,6.9,-7039.00,-1759.75
,227294401,19/12/2025 17:03,22/12/2025 17:55,XAUUSD,Sell,0.250,0.00000,0.00000,4334.24000,4433.61000,0.0000,0.0000,-9937.0,-2484.25,-23.41,"[so 19.80%/231.28/1168.01]",0,03:00:52:34,0.0,0s,10450.0,0.00,0.0,0.0,-10450.0,-2612.5,0.0,4.9,-9937.00,-2484.25
,223646412,17/12/2025 13:07,22/12/2025 17:55,XAUUSD,Sell,0.250,0.00000,0.00000,4319.38000,4433.14000,0.0000,0.0000,-11376.0,-2844.00,-21.13,"[so 17.49%/279.78/1600.02]",0,05:04:47:59,1.7,2h 7m,12248.0,38.31,312.0,78.0,-11936.0,-2984.0,2.5,4.6,-11688.00,-2922.00
,222993613,17/12/2025 03:34,22/12/2025 17:55,XAUUSD,Sell,0.250,0.00000,0.00000,4320.66000,4433.20000,0.0000,0.0000,-11254.0,-2813.50,-17.29,"[so 19.67%/272.28/1384.05]",0,05:14:20:54,6.0,8h 3m,12248.0,26.88,440.0,110.0,-11808.0,-2952.0,3.6,4.5,-11694.00,-2923.50
,217533582,11/12/2025 19:02,22/12/2025 17:52,XAUUSD,Sell,0.200,0.00000,0.00000,4273.94000,4432.40000,0.0000,0.0000,-15846.0,-3169.20,-16.30,"[so 19.95%/353.28/1770.97]",0,10:22:50:33,2.0,5h 15m,17223.0,22.22,743.0,148.6,-16480.0,-3296.0,4.3,3.7,-16589.00,-3317.80
,217397937,11/12/2025 17:53,22/12/2025 17:52,XAUUSD,Sell,0.250,0.00000,0.00000,4258.60000,4432.24000,0.0000,0.0000,-17364.0,-4341.00,-18.25,"[so 19.81%/392.98/1983.90]",0,10:23:59:06,0.0,0s,18014.0,0.00,0.0,0.0,-18014.0,-4503.5,0.0,3.6,-17364.00,-4341.00
,220369939,15/12/2025 12:09,22/12/2025 14:57,CL-OIL,Buy,0.500,0.00000,0.00000,57.20400,57.70800,0.0000,0.0000,50.4,252.00,1.07,"",0,07:02:48:16,,,,,,,,,,,,
,219013241,12/12/2025 17:59,22/12/2025 14:57,CL-OIL,Buy,0.500,0.00000,0.00000,57.05400,57.70800,0.0000,0.0000,65.4,327.00,1.41,"",0,09:20:58:21,,,,,,,,,,,,
,220476120,15/12/2025 17:38,22/12/2025 14:57,CL-OIL,Buy,0.500,0.00000,0.00000,56.63900,57.70800,0.0000,0.0000,106.9,534.50,2.36,"",0,06:21:18:20,,,,,,,,,,,,
,217206930,11/12/2025 16:38,22/12/2025 09:01,XAUUSD,Sell,0.250,0.00000,0.00000,4241.49000,4420.37000,0.0000,0.0000,-17888.0,-4472.00,-16.48,"[so 19.97%/472.63/2366.87]",0,10:16:22:49,0.0,0s,17888.0,0.00,0.0,0.0,-17888.0,-4472.0,0.0,0.0,-17888.00,-4472.00
,217173767,11/12/2025 16:25,22/12/2025 09:01,XAUUSD,Sell,0.250,0.00000,0.00000,4228.35000,4420.07000,0.0000,0.0000,-19172.0,-4793.00,-15.01,"[so 18.94%/520.03/2746.08]",0,10:16:35:41,0.0,0s,19172.0,0.00,0.0,0.0,-19172.0,-4793.0,0.0,0.0,-19172.00,-4793.00
,213003698,08/12/2025 18:29,22/12/2025 09:01,XAUUSD,Sell,0.200,0.00000,0.00000,4194.97000,4420.14000,0.0000,0.0000,-22517.0,-4503.40,-12.36,"[so 19.85%/503.23/2534.67]",0,13:14:31:48,4.9,15h 59m,24021.0,14.99,1504.0,300.8,-22517.0,-4503.400000000001,6.3,0.0,-24021.00,-4804.20
,203065513,28/11/2025 15:07,22/12/2025 09:00,XAUUSD,Sell,0.200,0.00000,0.00000,4176.26000,4420.16000,0.0000,0.0000,-24390.0,-4878.00,-11.81,"[so 19.78%/576.18/2913.13]",0,23:17:52:14,0.7,3h 59m,25076.0,35.59,686.0,137.20000000000002,-24390.0,-4878.0,2.7,0.0,-25076.00,-5015.20
,200278945,26/11/2025 05:45,22/12/2025 09:00,XAUUSD,Sell,0.200,0.00000,0.00000,4166.47000,4420.16000,0.0000,0.0000,-25369.0,-5073.80,-10.94,"[so 19.36%/596.18/3079.79]",0,26:03:14:17,5.8,1d 12h ,27268.0,13.37,1899.0,379.8,-25369.0,-5073.8,7.0,0.0,-27268.00,-5453.60
,198521247,25/11/2025 04:45,22/12/2025 09:00,XAUUSD,Sell,0.200,0.00000,0.00000,4152.57000,4420.15000,0.0000,0.0000,-26758.0,-5351.60,-10.34,"[so 19.69%/639.23/3245.90]",0,27:04:14:24,2.5,16h 18m,29695.0,9.12,2937.0,587.4,-26758.0,-5351.6,9.9,0.0,-29695.00,-5939.00
,198296032,25/11/2025 01:09,22/12/2025 09:00,XAUUSD,Sell,0.200,0.00000,0.00000,4134.36000,4420.03000,0.0000,0.0000,-28567.0,-5713.40,-9.94,"[so 19.88%/678.23/3411.27]",0,27:07:50:56,2.5,16h 23m,29683.0,25.64,1116.0,223.20000000000002,-28567.0,-5713.400000000001,3.8,0.0,-29683.00,-5936.60
,197691826,24/11/2025 14:35,22/12/2025 09:00,XAUUSD,Sell,0.200,0.00000,0.00000,4075.44000,4419.91000,0.0000,0.0000,-34447.0,-6889.40,-10.71,"[so 19.85%/742.03/3739.09]",0,27:18:24:51,0.0,0s,34447.0,0.00,0.0,0.0,-34447.0,-6889.400000000001,0.0,0.0,-34447.00,-6889.40
,193494981,24/11/2025 20:52,22/12/2025 09:00,XAUUSD,Sell,0.200,0.00000,0.00000,4120.17000,4420.03000,0.0000,0.0000,-29986.0,-5997.20,-8.53,"[so 18.97%/678.23/3576.08]",0,27:12:07:06,0.0,0s,29986.0,0.00,0.0,0.0,-29986.0,-5997.200000000001,0.0,0.0,-29986.00,-5997.20
,211127858,11/12/2025 18:47,22/12/2025 08:59,XAUUSD,Sell,0.500,0.00000,0.00000,4267.23000,4419.80000,0.0000,0.0000,-15257.0,-7628.50,-9.78,"[so 19.51%/875.98/4490.89]",0,10:14:12:12,0.4,1h 1m,15329.0,212.77,72.0,36.0,-15257.0,-7628.5,0.5,0.0,-15329.00,-7664.50
,197661746,24/11/2025 14:10,22/12/2025 08:59,XAUUSD,Sell,0.200,0.00000,0.00000,4067.02000,4420.09000,0.0000,0.0000,-35307.0,-7061.40,-8.30,"[so 19.29%/752.73/3901.78]",0,27:18:49:18,0.0,0s,35307.0,0.00,0.0,0.0,-35307.0,-7061.400000000001,0.0,0.0,-35307.00,-7061.40
,195650542,21/11/2025 18:51,22/12/2025 08:59,XAUUSD,Sell,0.500,0.00000,0.00000,4095.68000,4419.80000,0.0000,0.0000,-32412.0,-16206.00,-16.01,"[so 17.31%/875.98/5061.80]",0,30:14:08:06,2.8,20h 33m,36981.0,7.10,4569.0,2284.5,-32412.0,-16206.0,12.4,0.0,-36981.00,-18490.50
,195614435,21/11/2025 14:32,22/12/2025 08:59,XAUUSD,Sell,0.200,0.00000,0.00000,4059.91000,4420.09000,0.0000,0.0000,-36018.0,-7203.60,-6.64,"[so 18.52%/752.73/4064.17]",0,30:18:27:53,0.6,4h 25m,37010.0,36.36,992.0,198.4,-36018.0,-7203.6,2.7,0.0,-37010.00,-7402.00
,190273667,18/11/2025 14:49,22/12/2025 08:59,XAUUSD,Sell,0.200,0.00000,0.00000,4033.44000,4419.80000,0.0000,0.0000,-38636.0,-7727.20,-6.65,"[so 18.83%/875.98/4652.23]",0,33:18:10:16,0.5,4h 3m,38814.0,217.39,178.0,35.6,-38636.0,-7727.200000000001,0.5,0.0,-38814.00,-7762.80
,196060556,21/11/2025 18:52,22/12/2025 08:59,XAUUSD,Sell,0.500,0.00000,0.00000,4094.18000,4419.41000,0.0000,0.0000,-32523.0,-16261.50,-12.28,"[so 19.90%/1088.53/5471.22]",0,30:14:07:31,2.8,20h 33m,36942.0,7.36,4419.0,2209.5,-32523.0,-16261.5,12.0,0.0,-36942.00,-18471.00
,197955403,24/11/2025 17:15,22/12/2025 08:59,XAUUSD,Sell,0.500,0.00000,0.00000,4092.57000,4419.33000,0.0000,0.0000,-32676.0,-16338.00,-10.98,"[so 19.66%/1156.13/5880.48]",0,27:15:44:34,0.0,0s,32676.0,0.00,0.0,0.0,-32676.0,-16338.0,0.0,0.0,-32676.00,-16338.00
,195550915,21/11/2025 13:55,22/12/2025 08:59,XAUUSD,Sell,1.000,0.00000,0.00000,4031.97000,4419.14000,0.0000,0.0000,-38717.0,-38717.00,-20.65,"[so 18.82%/1258.68/6686.87]",0,30:19:04:37,0.0,0s,38717.0,0.00,0.0,0.0,-38717.0,-38717.0,0.0,0.0,-38717.00,-38717.00
,228135401,22/12/2025 05:59,22/12/2025 08:58,XAUUSD,Buy,0.250,0.00000,4417.99000,4393.12000,4417.97000,0.0000,0.0000,2485.0,621.25,0.33,"[tp 4417.99]",0,00:02:59:22,,,,,,,,,,,,
,228242763,22/12/2025 07:40,22/12/2025 08:55,XAUUSD,Buy,0.250,0.00000,4417.27000,4405.17000,4417.36000,0.0000,0.0000,1219.0,304.75,0.16,"[tp 4417.27]",0,00:01:15:28,,,,,,,,,,,,
,219227210,22/12/2025 06:52,,,Deposit,0.000,0.00000,0.00000,0.00000,0.00000,0.0000,0.0000,0.0,10000.00,0,"Deposit-TH-QR-CPS-APP",0,00:00:00:00,,,,,,,,,,,,
,225855233,18/12/2025 18:13,22/12/2025 05:58,XAUUSD,Buy,0.250,0.00000,0.00000,4365.52000,4392.82000,0.0000,0.0000,2730.0,682.50,0.39,"",0,03:11:45:03,7.3,6h 6m,4926.0,1.42,3460.0,865.0,-4926.0,-1231.5,41.3,91.3,-730.00,-182.50
,227367515,19/12/2025 17:34,22/12/2025 03:00,XAUUSD,Buy,0.250,0.00000,4367.84000,4342.40000,4368.27000,0.0000,0.0000,2587.0,646.75,0.37,"[tp 4367.84]",0,02:09:25:55,12.1,6h 56m,2424.0,0.10,5011.0,1252.75,-489.0,-122.25,91.1,55.9,-2424.00,-606.00
,225990957,18/12/2025 19:09,22/12/2025 03:00,XAUUSD,Buy,0.250,0.00000,4366.68000,4335.97000,4366.77000,0.0000,0.0000,3080.0,770.00,0.44,"[tp 4366.68]",0,03:07:50:35,77.5,2d 13h ,2574.0,0.35,5654.0,1413.5,-1971.0,-492.75,74.2,66.2,-2574.00,-643.50
,225251740,18/12/2025 13:11,19/12/2025 22:52,CL-OIL,Buy,0.500,0.00000,0.00000,55.97400,56.58800,0.0000,0.0000,61.4,307.00,0.18,"",0,01:09:40:58,,,,,,,,,,,,
,226012981,18/12/2025 19:13,19/12/2025 17:20,XAUUSD,Buy,0.250,0.00000,0.00000,4323.54000,4343.71000,0.0000,0.0000,2017.0,504.25,0.29,"",0,00:22:07:37,81.9,18h 7m,1863.0,0.24,2992.0,748.0,-728.0,-182.0,80.4,73.8,-975.00,-243.75
,225854109,18/12/2025 18:13,18/12/2025 19:13,XAUUSD,Sell,0.250,0.00000,0.00000,4363.39000,4323.66000,0.0000,0.0000,3973.0,993.25,0.58,"",0,00:00:59:46,,,,,,,,,,,,
,224756918,18/12/2025 03:33,18/12/2025 18:13,XAUUSD,Buy,0.250,0.00000,0.00000,4327.07000,4363.40000,0.0000,0.0000,3633.0,908.25,0.53,"",0,00:14:40:03,60.0,8h 48m,3687.0,0.16,4067.0,1016.75,-635.0,-158.75,86.5,90.8,-434.00,-108.50
,218667464,12/12/2025 15:31,18/12/2025 18:13,XAUUSD,Buy,0.500,0.00000,0.00000,4344.30000,4363.51000,0.0000,0.0000,1921.0,960.50,0.56,"",0,06:02:41:30,2.8,4h 6m,7001.0,2.86,2344.0,1172.0,-6714.0,-3357.0,25.9,95.3,-423.00,-211.50
,220138346,15/12/2025 08:16,18/12/2025 18:13,XAUUSD,Buy,0.500,0.00000,0.00000,4343.24000,4363.31000,0.0000,0.0000,2007.0,1003.50,0.59,"",0,03:09:56:32,3.7,3h 1m,6864.0,2.70,2450.0,1225.0,-6608.0,-3304.0,27.0,95.1,-443.00,-221.50
,218557904,12/12/2025 14:00,18/12/2025 18:13,XAUUSD,Buy,0.500,0.00000,0.00000,4338.22000,4363.49000,0.0000,0.0000,2527.0,1263.50,0.75,"",0,06:04:12:54,12.2,18h 4m,7001.0,2.07,2952.0,1476.0,-6106.0,-3053.0,32.6,95.3,-425.00,-212.50
,223876620,17/12/2025 16:01,18/12/2025 12:18,XAUUSD,Sell,0.250,0.00000,0.00000,4344.63000,4324.96000,0.0000,0.0000,1967.0,491.75,0.29,"",0,00:20:16:37,100.0,20h 16m,424.0,0.00,2391.0,597.75,0.0,0.0,100.0,82.3,-424.00,-106.00
,218582155,12/12/2025 14:31,17/12/2025 15:58,XAUUSD,Buy,0.250,0.00000,4343.18000,4331.39000,4343.18000,0.0000,0.0000,1179.0,294.75,0.18,"[tp 4343.18]",0,05:01:26:48,11.6,14h 5m,7001.0,3.44,1578.0,394.5,-5423.0,-1355.75,22.5,94.3,-399.00,-99.75
,222350675,16/12/2025 16:17,17/12/2025 15:58,XAUUSD,Buy,0.500,0.00000,4342.85000,4322.63000,4342.91000,0.0000,0.0000,2028.0,1014.00,0.61,"[tp 4342.85]",0,00:23:40:54,39.2,9h 16m,2071.0,1.02,2028.0,1014.0,-2071.0,-1035.5,49.5,100.0,0.00,0.00
,221977707,16/12/2025 10:54,17/12/2025 12:04,CL-OIL,Buy,0.500,0.00000,0.00000,56.03900,56.41800,0.0000,0.0000,37.9,189.50,0.11,"",0,01:01:09:52,,,,,,,,,,,,
,221093442,16/12/2025 11:31,17/12/2025 12:04,CL-OIL,Buy,0.500,0.00000,0.00000,55.82400,56.42800,0.0000,0.0000,60.4,302.00,0.18,"",0,01:00:32:16,,,,,,,,,,,,
,222451659,16/12/2025 17:08,17/12/2025 12:04,CL-OIL,Buy,0.500,0.00000,0.00000,55.26400,56.42800,0.0000,0.0000,116.4,582.00,0.35,"",0,00:18:56:00,,,,,,,,,,,,
,222034626,16/12/2025 17:25,17/12/2025 12:04,CL-OIL,Buy,0.500,0.00000,0.00000,55.05400,56.42800,0.0000,0.0000,137.4,687.00,0.42,"",0,00:18:38:43,,,,,,,,,,,,
,222646622,16/12/2025 18:40,17/12/2025 03:34,XAUUSD,Buy,0.250,0.00000,0.00000,4295.16000,4320.33000,0.0000,0.0000,2517.0,629.25,0.38,"",0,00:08:54:29,100.0,8h 54m,1238.0,0.00,3149.0,787.25,0.0,0.0,100.0,79.9,-632.00,-158.00
,222639179,16/12/2025 18:40,17/12/2025 03:34,XAUUSD,Buy,0.500,0.00000,0.00000,4293.48000,4319.95000,0.0000,0.0000,2647.0,1323.50,0.81,"",0,00:08:54:20,100.0,8h 54m,1238.0,0.00,3317.0,1658.5,0.0,0.0,100.0,79.8,-670.00,-335.00
,222328973,16/12/2025 16:03,16/12/2025 18:39,XAUUSD,Sell,0.200,0.00000,0.00000,4317.44000,4295.36000,0.0000,0.0000,2208.0,441.60,0.27,"",0,00:02:35:42,,,,,,,,,,,,
,222320327,16/12/2025 16:00,16/12/2025 16:17,XAUUSD,Buy,0.500,0.00000,0.00000,4313.19000,4322.28000,0.0000,0.0000,909.0,454.50,0.28,"",0,00:00:16:50,,,,,,,,,,,,
,221750172,16/12/2025 07:37,16/12/2025 16:03,XAUUSD,Buy,0.500,0.00000,4318.89000,4274.97000,4319.65000,0.0000,0.0000,4468.0,2234.00,1.40,"[tp 4318.89]",0,00:08:25:59,100.0,8h 25m,1072.0,0.00,4964.0,2482.0,0.0,0.0,100.0,90.0,-496.00,-248.00
,221083533,16/12/2025 07:30,16/12/2025 16:03,XAUUSD,Buy,0.250,0.00000,4319.15000,4272.18000,4319.65000,0.0000,0.0000,4747.0,1186.75,0.75,"[tp 4319.15]",0,00:08:32:29,100.0,8h 32m,1072.0,0.00,5243.0,1310.75,0.0,0.0,100.0,90.5,-496.00,-124.00
,220912696,15/12/2025 18:22,16/12/2025 16:03,XAUUSD,Buy,0.250,0.00000,4318.37000,4297.33000,4318.38000,0.0000,0.0000,2105.0,526.25,0.33,"[tp 4318.37]",0,00:21:41:09,50.0,10h 50m,3168.0,0.74,2728.0,682.0,-2017.0,-504.25,57.5,86.9,-623.00,-155.75
,218285279,12/12/2025 10:14,16/12/2025 07:36,XAUUSD,Sell,0.250,0.00000,0.00000,4294.44000,4274.83000,0.0000,0.0000,1961.0,490.25,0.31,"",0,03:21:21:57,10.8,10h 5m,5798.0,2.85,1961.0,490.25,-5598.0,-1399.5,25.9,100.0,0.00,0.00
,219817042,15/12/2025 03:16,15/12/2025 18:22,XAUUSD,Sell,0.250,0.00000,0.00000,4312.00000,4294.44000,0.0000,0.0000,1756.0,439.00,0.28,"",0,00:15:05:37,20.0,3h 1m,3517.0,1.39,2530.0,632.5,-3517.0,-879.25,41.8,87.2,-774.00,-193.50
,220096355,15/12/2025 07:40,15/12/2025 18:22,XAUUSD,Sell,0.500,0.00000,0.00000,4336.50000,4297.23000,0.0000,0.0000,3927.0,1963.50,1.26,"",0,00:10:41:57,63.7,6h 48m,2653.0,0.19,4980.0,2490.0,-930.0,-465.0,84.3,82.2,-1053.00,-526.50
,211473159,15/12/2025 14:37,,,Deposit,0.000,0.00000,0.00000,0.00000,0.00000,0.0000,0.0000,0.0,10000.00,0,"Deposit-TH-QR-CPS-APP",0,00:00:00:00,,,,,,,,,,,,
,218416953,12/12/2025 12:07,15/12/2025 05:04,CL-OIL,Buy,0.500,0.00000,0.00000,57.30900,57.53800,0.0000,0.0000,22.9,114.50,0.08,"",0,02:16:56:11,,,,,,,,,,,,
,219817091,15/12/2025 03:17,15/12/2025 03:40,XAUUSD,Buy,0.250,0.00000,0.00000,4312.06000,4324.66000,0.0000,0.0000,1260.0,315.00,0.22,"",0,00:00:23:51,,,,,,,,,,,,
,219005317,12/12/2025 17:57,15/12/2025 03:16,XAUUSD,Buy,0.250,0.00000,0.00000,4293.68000,4311.50000,0.0000,0.0000,1782.0,445.50,0.31,"",0,02:09:19:10,100.0,2d 9h ,1574.0,0.00,3356.0,839.0,0.0,0.0,100.0,53.1,-1574.00,-393.50
,219010945,12/12/2025 17:58,15/12/2025 03:16,XAUUSD,Buy,0.200,0.00000,0.00000,4285.76000,4311.20000,0.0000,0.0000,2544.0,508.80,0.35,"",0,02:09:18:33,100.0,2d 9h ,1604.0,0.00,4148.0,829.6,0.0,0.0,100.0,61.3,-1604.00,-320.80
,219031687,12/12/2025 18:21,15/12/2025 03:16,XAUUSD,Buy,0.500,0.00000,0.00000,4272.75000,4310.84000,0.0000,0.0000,3809.0,1904.50,1.34,"",0,02:08:54:56,100.0,2d 8h ,1640.0,0.00,5449.0,2724.5,0.0,0.0,100.0,69.9,-1640.00,-820.00
,210406628,13/12/2025 01:36,,,Withdrawal,0.000,0.00000,0.00000,0.00000,0.00000,0.0000,0.0000,0.0,-10000.00,0,"Withdraw-TH-CPS",0,00:00:00:00,,,,,,,,,,,,
,218376023,12/12/2025 11:14,12/12/2025 17:57,XAUUSD,Sell,0.200,0.00000,0.00000,4315.01000,4292.79000,0.0000,0.0000,2222.0,444.40,0.29,"",0,00:06:43:49,66.7,4h 29m,3541.0,1.37,2582.0,516.4,-3541.0,-708.2,42.2,94.1,-360.00,-72.00
,218558120,12/12/2025 14:00,12/12/2025 17:57,XAUUSD,Sell,0.100,0.00000,0.00000,4337.90000,4292.62000,0.0000,0.0000,4528.0,452.80,0.30,"",0,00:03:56:53,,,,,,,,,,,,
,209761239,12/12/2025 17:12,,,Deposit,0.000,0.00000,0.00000,0.00000,0.00000,0.0000,0.0000,0.0,10000.00,0,"Deposit-TH-QR-CPS-APP",0,00:00:00:00,,,,,,,,,,,,
,218410262,12/12/2025 11:39,12/12/2025 14:00,XAUUSD,Buy,0.200,0.00000,0.00000,4310.84000,4338.12000,0.0000,0.0000,2728.0,545.60,0.39,"",0,00:02:20:32,,,,,,,,,,,,
,218380484,12/12/2025 11:16,12/12/2025 14:00,XAUUSD,Buy,0.500,0.00000,0.00000,4317.21000,4337.50000,0.0000,0.0000,2029.0,1014.50,0.73,"",0,00:02:43:58,,,,,,,,,,,,
,218439582,12/12/2025 12:07,12/12/2025 14:00,XAUUSD,Buy,0.500,0.00000,0.00000,4316.25000,4337.46000,0.0000,0.0000,2121.0,1060.50,0.77,"",0,00:01:52:24,,,,,,,,,,,,
,218376294,12/12/2025 11:14,12/12/2025 14:00,XAUUSD,Buy,0.500,0.00000,0.00000,4315.67000,4337.48000,0.0000,0.0000,2181.0,1090.50,0.79,"",0,00:02:46:01,,,,,,,,,,,,
,218453217,12/12/2025 12:23,12/12/2025 14:00,XAUUSD,Buy,1.000,0.00000,0.00000,4321.73000,4337.49000,0.0000,0.0000,1576.0,1576.00,1.16,"",0,00:01:36:25,,,,,,,,,,,,
,216701641,11/12/2025 10:35,12/12/2025 11:14,CL-OIL,Buy,0.500,0.00000,0.00000,57.79400,57.86800,0.0000,0.0000,7.4,37.00,0.03,"",0,01:00:39:20,,,,,,,,,,,,
,218285525,12/12/2025 10:14,12/12/2025 11:13,XAUUSD,Buy,0.250,0.00000,0.00000,4293.80000,4314.69000,0.0000,0.0000,2089.0,522.25,0.39,"",0,00:00:59:06,,,,,,,,,,,,
,218329279,12/12/2025 10:45,12/12/2025 11:13,XAUUSD,Buy,1.000,0.00000,0.00000,4302.67000,4314.79000,0.0000,0.0000,1212.0,1212.00,0.90,"",0,00:00:28:24,,,,,,,,,,,,
,218214217,12/12/2025 09:19,12/12/2025 10:13,XAUUSD,Buy,0.200,0.00000,4295.42000,4285.34000,4295.36000,0.0000,0.0000,1002.0,200.40,0.15,"[tp 4295.42]",0,00:00:53:13,,,,,,,,,,,,
,200169482,11/12/2025 10:53,12/12/2025 09:19,CL-OIL,Buy,0.500,0.00000,0.00000,57.66400,57.73300,0.0000,0.0000,6.9,34.50,0.03,"",0,00:22:26:30,,,,,,,,,,,,
,217878011,12/12/2025 02:42,12/12/2025 09:19,XAUUSD,Buy,0.200,0.00000,0.00000,4275.88000,4285.46000,0.0000,0.0000,958.0,191.60,0.14,"",0,00:06:37:36,85.8,5h 41m,3267.0,0.22,4225.0,845.0,-937.0,-187.4,81.8,36.7,-3267.00,-653.40
,217533530,11/12/2025 19:02,12/12/2025 09:19,XAUUSD,Buy,0.200,0.00000,0.00000,4274.16000,4285.83000,0.0000,0.0000,1167.0,233.40,0.18,"",0,00:14:17:35,64.3,9h 11m,3230.0,0.17,4397.0,879.4000000000001,-765.0,-153.0,85.2,37.4,-3230.00,-646.00
,217936423,12/12/2025 03:29,12/12/2025 09:19,XAUUSD,Buy,0.200,0.00000,0.00000,4266.03000,4285.89000,0.0000,0.0000,1986.0,397.20,0.30,"",0,00:05:50:20,100.0,5h 50m,3224.0,0.00,5210.0,1042.0,0.0,0.0,100.0,38.1,-3224.00,-644.80
,217144107,11/12/2025 16:12,12/12/2025 03:22,CL-OIL,Buy,0.500,0.00000,0.00000,57.35400,57.78300,0.0000,0.0000,42.9,214.50,0.16,"",0,00:11:10:18,,,,,,,,,,,,
,217178273,11/12/2025 16:29,12/12/2025 03:22,CL-OIL,Buy,0.500,0.00000,0.00000,57.26400,57.78300,0.0000,0.0000,51.9,259.50,0.20,"",0,00:10:52:53,,,,,,,,,,,,
,208710202,12/12/2025 00:46,,,Deposit,0.000,0.00000,0.00000,0.00000,0.00000,0.0000,0.0000,0.0,414.00,0,"Cash Adj-Rollover-CL-OIL",0,00:00:00:00,,,,,,,,,,,,
,204783953,01/12/2025 15:40,11/12/2025 19:01,XAUUSD,Buy,0.200,0.00000,0.00000,4262.08000,4272.73000,0.0000,0.0000,1065.0,213.00,0.16,"",0,10:03:21:04,3.3,8h 1m,9268.0,8.12,1142.0,228.4,-9268.0,-1853.6000000000001,11.0,99.3,-77.00,-15.40
,217459796,11/12/2025 18:23,11/12/2025 18:47,XAUUSD,Buy,0.250,0.00000,4269.25000,4259.43000,4270.27000,0.0000,0.0000,1084.0,271.00,0.21,"[tp 4269.25]",0,00:00:24:20,,,,,,,,,,,,
,203923195,01/12/2025 03:56,11/12/2025 17:53,XAUUSD,Buy,0.200,0.00000,0.00000,4249.98000,4258.71000,0.0000,0.0000,873.0,174.60,0.13,"",0,10:13:56:42,6.3,15h 59m,8506.0,3.43,2352.0,470.40000000000003,-8058.0,-1611.6000000000001,22.6,85.8,-1479.00,-295.80
,203940636,01/12/2025 04:03,11/12/2025 17:52,XAUUSD,Buy,0.500,0.00000,0.00000,4253.27000,4258.39000,0.0000,0.0000,512.0,256.00,0.20,"",0,10:13:49:15,4.8,12h 11m,8387.0,4.15,2023.0,1011.5,-8387.0,-4193.5,19.4,85.5,-1511.00,-755.50
,204070940,01/12/2025 05:19,11/12/2025 17:52,XAUUSD,Buy,0.200,0.00000,0.00000,4235.60000,4258.67000,0.0000,0.0000,2307.0,461.40,0.35,"",0,10:12:33:14,8.0,20h 12m,6752.0,1.75,3790.0,758.0,-6620.0,-1324.0,36.4,85.8,-1483.00,-296.60
,217355879,11/12/2025 17:37,11/12/2025 17:52,XAUUSD,Buy,0.500,0.00000,0.00000,4244.44000,4258.77000,0.0000,0.0000,1433.0,716.50,0.55,"",0,00:00:15:16,,,,,,,,,,,,
,216340254,11/12/2025 04:40,11/12/2025 16:30,XAUUSD,Buy,0.250,0.00000,0.00000,4223.44000,4232.04000,0.0000,0.0000,860.0,215.00,0.17,"",0,00:11:50:05,33.4,3h 57m,4143.0,0.24,5003.0,1250.75,-1202.0,-300.5,80.6,33.2,-4143.00,-1035.75
,216384980,11/12/2025 05:09,11/12/2025 16:25,XAUUSD,Buy,0.250,0.00000,0.00000,4214.52000,4228.37000,0.0000,0.0000,1385.0,346.25,0.27,"",0,00:11:15:59,91.0,10h 15m,4510.0,0.05,5895.0,1473.75,-310.0,-77.5,95.0,27.3,-4510.00,-1127.50
,216376057,11/12/2025 08:00,11/12/2025 16:25,XAUUSD,Buy,0.250,0.00000,0.00000,4205.89000,4228.49000,0.0000,0.0000,2260.0,565.00,0.44,"",0,00:08:25:00,100.0,8h 25m,4498.0,0.00,6758.0,1689.5,0.0,0.0,100.0,33.4,-4498.00,-1124.50
,216025478,10/12/2025 22:09,11/12/2025 05:25,XAUUSD,Sell,0.250,0.00000,0.00000,4228.85000,4210.99000,0.0000,0.0000,1786.0,446.50,0.35,"",0,00:07:16:28,71.5,5h 12m,935.0,0.44,2139.0,534.75,-935.0,-233.75,69.6,88.5,-353.00,-88.25
,214284362,09/12/2025 16:59,10/12/2025 22:08,CL-OIL,Buy,0.500,0.00000,0.00000,58.53400,58.88800,0.0000,0.0000,35.4,177.00,0.14,"",0,01:05:09:28,,,,,,,,,,,,
,214362170,09/12/2025 17:31,10/12/2025 22:08,CL-OIL,Buy,0.500,0.00000,0.00000,58.31400,58.88800,0.0000,0.0000,57.4,287.00,0.22,"",0,01:04:37:44,,,,,,,,,,,,
,210981461,05/12/2025 18:13,10/12/2025 22:08,XAUUSD,Buy,0.200,0.00000,0.00000,4212.39000,4228.91000,0.0000,0.0000,1652.0,330.40,0.26,"",0,05:03:55:35,13.0,16h 6m,2992.0,1.49,2012.0,402.40000000000003,-2992.0,-598.4,40.2,92.8,-360.00,-72.00
,215957751,10/12/2025 21:42,10/12/2025 21:53,XAUUSD,Buy,0.250,0.00000,0.00000,4185.47000,4205.30000,0.0000,0.0000,1983.0,495.75,0.39,"",0,00:00:11:03,,,,,,,,,,,,
,215139146,10/12/2025 10:35,10/12/2025 21:44,XAUUSD,Sell,0.250,0.00000,0.00000,4202.47000,4186.73000,0.0000,0.0000,1574.0,393.50,0.31,"",0,00:11:09:28,72.8,8h 7m,4159.0,2.00,1574.0,393.5,-3149.0,-787.25,33.3,100.0,0.00,0.00
,214064836,09/12/2025 18:05,10/12/2025 21:44,XAUUSD,Sell,0.200,0.00000,0.00000,4217.86000,4186.36000,0.0000,0.0000,3150.0,630.00,0.50,"",0,01:03:39:27,92.6,1d 1h ,4159.0,0.51,3150.0,630.0,-1610.0,-322.0,66.2,100.0,0.00,0.00
,215515842,10/12/2025 16:13,10/12/2025 21:13,CL-OIL,Buy,0.500,0.00000,0.00000,58.00400,58.42800,0.0000,0.0000,42.4,212.00,0.17,"",0,00:05:00:46,,,,,,,,,,,,
,215707239,10/12/2025 18:06,10/12/2025 21:13,CL-OIL,Buy,0.500,0.00000,0.00000,57.73400,58.42800,0.0000,0.0000,69.4,347.00,0.28,"",0,00:03:07:23,,,,,,,,,,,,
,215381544,10/12/2025 14:46,10/12/2025 21:09,XAUUSD,Buy,0.250,0.00000,4217.72000,4197.35000,4217.61000,0.0000,0.0000,2026.0,506.50,0.41,"[tp 4217.72]",0,00:06:23:02,71.5,4h 33m,1635.0,0.08,3661.0,915.25,-301.0,-75.25,92.4,58.7,-1635.00,-408.75
,211054306,05/12/2025 22:47,09/12/2025 18:05,XAUUSD,Buy,0.200,0.00000,0.00000,4199.90000,4216.10000,0.0000,0.0000,1620.0,324.00,0.26,"",0,03:19:18:22,34.8,1d 7h ,2744.0,1.08,1620.0,324.0,-1743.0,-348.6,48.2,100.0,0.00,0.00
,213003731,08/12/2025 18:29,09/12/2025 18:05,XAUUSD,Buy,0.200,0.00000,0.00000,4195.02000,4216.28000,0.0000,0.0000,2126.0,425.20,0.34,"",0,00:23:35:39,50.0,11h 47m,1625.0,0.71,2126.0,425.20000000000005,-1509.0,-301.8,58.5,100.0,0.00,0.00
,213900525,09/12/2025 11:25,09/12/2025 16:06,XAUUSD,Sell,0.200,0.00000,0.00000,4207.19000,4198.18000,0.0000,0.0000,901.0,180.20,0.15,"",0,00:04:40:43,80.0,3h 44m,1417.0,1.00,901.0,180.20000000000002,-901.0,-180.20000000000002,50.0,100.0,0.00,0.00
,212829699,08/12/2025 17:06,08/12/2025 18:29,XAUUSD,Buy,0.200,0.00000,0.00000,4183.18000,4195.02000,0.0000,0.0000,1184.0,236.80,0.19,"",0,00:01:23:17,,,,,,,,,,,,
,209350584,08/12/2025 17:09,08/12/2025 18:29,XAUUSD,Buy,0.200,0.00000,0.00000,4177.97000,4194.74000,0.0000,0.0000,1677.0,335.40,0.27,"",0,00:01:19:57,,,,,,,,,,,,
,206604769,02/12/2025 17:36,08/12/2025 17:07,XAUUSD,Sell,0.500,0.00000,0.00000,4181.03000,4180.68000,0.0000,0.0000,35.0,17.50,0.01,"",0,05:23:30:35,2.8,4h 1m,6159.0,178.57,35.0,17.5,-6159.0,-3079.5,0.6,100.0,0.00,0.00
,209406586,04/12/2025 15:28,08/12/2025 17:06,XAUUSD,Sell,0.200,0.00000,0.00000,4195.55000,4182.84000,0.0000,0.0000,1271.0,254.20,0.21,"",0,04:01:38:07,12.0,11h 42m,4707.0,3.68,1280.0,256.0,-4707.0,-941.4000000000001,21.4,99.8,-9.00,-1.80
,203122577,28/11/2025 16:21,08/12/2025 17:06,XAUUSD,Sell,0.200,0.00000,0.00000,4195.05000,4183.08000,0.0000,0.0000,1197.0,239.40,0.19,"",0,10:00:45:06,8.4,20h 13m,7322.0,2.32,2565.0,513.0,-5941.0,-1188.2,30.2,83.9,-1368.00,-273.60
,209519690,04/12/2025 16:23,08/12/2025 17:06,XAUUSD,Sell,0.200,0.00000,0.00000,4209.17000,4182.94000,0.0000,0.0000,2623.0,524.60,0.43,"",0,04:00:43:05,75.0,3d ,3345.0,1.27,2642.0,528.4,-3345.0,-669.0,44.1,99.7,-19.00,-3.80
,209495140,04/12/2025 16:08,08/12/2025 17:06,XAUUSD,Sell,0.200,0.00000,0.00000,4204.34000,4182.96000,0.0000,0.0000,2138.0,427.60,0.35,"",0,04:00:57:48,16.7,16h 11m,3828.0,1.77,2159.0,431.8,-3828.0,-765.6,36.1,99.6,-21.00,-4.20
,210248887,05/12/2025 08:30,05/12/2025 18:13,XAUUSD,Sell,0.200,0.00000,0.00000,4225.50000,4213.99000,0.0000,0.0000,1151.0,230.20,0.19,"",0,00:09:42:09,,,,,,,,,,,,
,209710642,05/12/2025 16:50,05/12/2025 18:13,XAUUSD,Sell,0.200,0.00000,0.00000,4244.63000,4214.39000,0.0000,0.0000,3024.0,604.80,0.50,"",0,00:01:23:00,,,,,,,,,,,,
,206383323,05/12/2025 17:23,05/12/2025 18:13,XAUUSD,Sell,0.200,0.00000,0.00000,4248.07000,4213.30000,0.0000,0.0000,3477.0,695.40,0.58,"",0,00:00:49:37,,,,,,,,,,,,
,190367663,18/11/2025 15:37,05/12/2025 17:34,CL-OIL,Buy,0.500,0.00000,0.00000,60.02400,60.46800,0.0000,0.0000,44.4,222.00,0.18,"",0,17:01:56:58,,,,,,,,,,,,
,210765862,05/12/2025 16:34,05/12/2025 16:50,XAUUSD,Buy,0.200,0.00000,4244.65000,4231.11000,4244.78000,0.0000,0.0000,1367.0,273.40,0.23,"[tp 4244.65]",0,00:00:15:53,,,,,,,,,,,,
,210252275,05/12/2025 08:34,05/12/2025 16:50,XAUUSD,Buy,0.200,0.00000,4243.88000,4226.60000,4244.35000,0.0000,0.0000,1775.0,355.00,0.30,"[tp 4243.88]",0,00:08:15:08,,,,,,,,,,,,
,207658927,03/12/2025 12:00,05/12/2025 16:34,CL-OIL,Buy,0.500,0.00000,0.00000,59.49900,59.90800,0.0000,0.0000,40.9,204.50,0.17,"",0,02:04:33:45,,,,,,,,,,,,
,210171331,05/12/2025 07:01,05/12/2025 08:30,XAUUSD,Buy,0.200,0.00000,0.00000,4217.84000,4225.46000,0.0000,0.0000,762.0,152.40,0.13,"",0,00:01:29:44,,,,,,,,,,,,
,209186246,04/12/2025 12:00,05/12/2025 08:30,XAUUSD,Buy,0.200,0.00000,0.00000,4199.65000,4225.48000,0.0000,0.0000,2583.0,516.60,0.43,"",0,00:20:30:29,100.0,20h 30m,91.0,0.00,2583.0,516.6,0.0,0.0,100.0,100.0,0.00,0.00
,208365057,03/12/2025 19:23,05/12/2025 08:30,XAUUSD,Buy,0.500,0.00000,0.00000,4211.11000,4225.50000,0.0000,0.0000,1439.0,719.50,0.61,"",0,01:13:07:45,30.0,11h 8m,1733.0,1.20,1439.0,719.5,-1733.0,-866.5,45.4,100.0,0.00,0.00
,209509902,04/12/2025 16:19,04/12/2025 17:46,CL-OIL,Buy,0.500,0.00000,0.00000,59.11400,59.45800,0.0000,0.0000,34.4,172.00,0.15,"",0,00:01:26:43,,,,,,,,,,,,
,207979339,03/12/2025 16:06,04/12/2025 14:56,CL-OIL,Buy,0.500,0.00000,0.00000,59.07400,59.33800,0.0000,0.0000,26.4,132.00,0.11,"",0,00:22:49:05,,,,,,,,,,,,
,208993429,04/12/2025 09:12,04/12/2025 11:57,XAUUSD,Buy,0.200,0.00000,0.00000,4191.14000,4200.84000,0.0000,0.0000,970.0,194.00,0.16,"",0,00:02:45:43,,,,,,,,,,,,
,208990284,04/12/2025 11:00,04/12/2025 11:57,XAUUSD,Buy,0.200,0.00000,0.00000,4184.36000,4200.28000,0.0000,0.0000,1592.0,318.40,0.27,"",0,00:00:57:09,,,,,,,,,,,,
,208810193,04/12/2025 06:33,04/12/2025 07:51,XAUUSD,Sell,0.200,0.00000,4179.10000,4197.53000,4179.19000,0.0000,0.0000,1834.0,366.80,0.31,"[tp 4179.10]",0,00:01:17:54,,,,,,,,,,,,
,208739280,04/12/2025 05:03,04/12/2025 06:33,XAUUSD,Buy,0.200,0.00000,0.00000,4189.19000,4197.58000,0.0000,0.0000,839.0,167.80,0.14,"",0,00:01:30:45,,,,,,,,,,,,
,207117019,03/12/2025 03:18,04/12/2025 05:03,XAUUSD,Sell,0.200,0.00000,0.00000,4217.51000,4190.02000,0.0000,0.0000,2749.0,549.80,0.47,"",0,01:01:44:52,100.0,1d 1h ,745.0,0.00,2749.0,549.8000000000001,0.0,0.0,100.0,100.0,0.00,0.00
,207942326,03/12/2025 15:54,04/12/2025 05:03,XAUUSD,Sell,0.200,0.00000,0.00000,4232.94000,4190.14000,0.0000,0.0000,4280.0,856.00,0.74,"",0,00:13:08:37,,,,,,,,,,,,
,208364923,03/12/2025 19:23,04/12/2025 05:03,XAUUSD,Sell,0.500,0.00000,0.00000,4211.70000,4189.29000,0.0000,0.0000,2241.0,1120.50,0.98,"",0,00:09:40:00,,,,,,,,,,,,
,206986339,02/12/2025 23:54,03/12/2025 15:54,XAUUSD,Buy,0.200,0.00000,0.00000,4207.08000,4233.38000,0.0000,0.0000,2630.0,526.00,0.46,"",0,00:16:00:08,75.0,12h 0m,64.0,0.02,2630.0,526.0,-64.0,-12.8,97.6,100.0,0.00,0.00
,207920836,03/12/2025 15:44,03/12/2025 15:53,XAUUSD,Sell,0.200,4233.77000,0.00000,4224.45000,4233.86000,0.0000,0.0000,-941.0,-188.20,-0.17,"[sl 4233.77]",0,00:00:09:06,,,,,,,,,,,,
,207832675,03/12/2025 14:46,03/12/2025 15:53,XAUUSD,Sell,0.500,4233.19000,0.00000,4212.91000,4233.17000,0.0000,0.0000,-2026.0,-1013.00,-0.88,"[sl 4233.19]",0,00:01:06:13,,,,,,,,,,,,
,205969432,02/12/2025 15:30,03/12/2025 12:00,CL-OIL,Buy,0.500,0.00000,0.00000,59.03400,59.46300,0.0000,0.0000,42.9,214.50,0.19,"",0,00:20:29:39,,,,,,,,,,,,
,206557407,02/12/2025 17:20,02/12/2025 23:54,XAUUSD,Buy,0.200,0.00000,0.00000,4193.65000,4206.95000,0.0000,0.0000,1330.0,266.00,0.23,"",0,00:06:33:33,,,,,,,,,,,,
,206678049,02/12/2025 18:03,02/12/2025 23:54,XAUUSD,Buy,0.200,0.00000,0.00000,4172.84000,4207.10000,0.0000,0.0000,3426.0,685.20,0.60,"",0,00:05:51:05,,,,,,,,,,,,
,204708039,02/12/2025 16:42,02/12/2025 17:21,CL-OIL,Buy,0.500,0.00000,0.00000,58.54400,59.00800,0.0000,0.0000,46.4,232.00,0.20,"",0,00:00:39:31,,,,,,,,,,,,
,206252703,02/12/2025 15:05,02/12/2025 17:20,XAUUSD,Sell,0.200,0.00000,0.00000,4210.85000,4193.21000,0.0000,0.0000,1764.0,352.80,0.31,"",0,00:02:15:25,,,,,,,,,,,,
,206383108,02/12/2025 16:17,02/12/2025 17:20,XAUUSD,Sell,0.200,0.00000,0.00000,4222.29000,4193.07000,0.0000,0.0000,2922.0,584.40,0.52,"",0,00:01:03:13,,,,,,,,,,,,
,206401213,02/12/2025 16:26,02/12/2025 17:20,XAUUSD,Sell,0.200,0.00000,0.00000,4230.38000,4192.58000,0.0000,0.0000,3780.0,756.00,0.68,"",0,00:00:53:34,,,,,,,,,,,,
,205746358,02/12/2025 08:23,02/12/2025 16:17,XAUUSD,Buy,0.200,0.00000,0.00000,4211.56000,4222.28000,0.0000,0.0000,1072.0,214.40,0.19,"",0,00:07:54:14,,,,,,,,,,,,
,206001574,02/12/2025 11:31,02/12/2025 15:04,XAUUSD,Buy,0.200,0.00000,0.00000,4194.21000,4211.30000,0.0000,0.0000,1709.0,341.80,0.31,"",0,00:03:33:01,,,,,,,,,,,,
,205753128,02/12/2025 08:26,02/12/2025 11:31,XAUUSD,Sell,0.200,0.00000,0.00000,4207.92000,4194.62000,0.0000,0.0000,1330.0,266.00,0.24,"",0,00:03:05:24,,,,,,,,,,,,
,203923207,01/12/2025 03:56,02/12/2025 08:24,XAUUSD,Sell,0.200,0.00000,0.00000,4249.76000,4211.95000,0.0000,0.0000,3781.0,756.20,0.69,"",0,01:04:28:33,87.5,1d ,675.0,0.11,4456.0,891.2,-470.0,-94.0,90.5,86.3,-675.00,-135.00
,204784194,01/12/2025 15:40,01/12/2025 16:37,CL-OIL,Buy,0.500,0.00000,0.00000,58.99900,59.38800,0.0000,0.0000,38.9,194.50,0.18,"",0,00:00:57:01,,,,,,,,,,,,
,196294475,01/12/2025 15:38,,,Deposit,0.000,0.00000,0.00000,0.00000,0.00000,0.0000,0.0000,0.0,30000.00,0,"Deposit-TH-QR-CPS-APP",0,00:00:00:00,,,,,,,,,,,,
,194117776,20/11/2025 18:16,01/12/2025 08:15,CL-OIL,Buy,0.500,0.00000,0.00000,59.62400,59.90800,0.0000,0.0000,28.4,142.00,0.18,"",0,10:13:59:00,,,,,,,,,,,,
,194138956,20/11/2025 18:26,01/12/2025 08:15,CL-OIL,Buy,0.500,0.00000,0.00000,59.24400,59.90800,0.0000,0.0000,66.4,332.00,0.42,"",0,10:13:49:05,,,,,,,,,,,,
,203728581,01/12/2025 01:38,01/12/2025 03:56,XAUUSD,Buy,0.200,0.00000,0.00000,4221.81000,4249.41000,0.0000,0.0000,2760.0,552.00,0.70,"",0,00:02:17:43,,,,,,,,,,,,
,203158548,28/11/2025 16:45,01/12/2025 01:38,XAUUSD,Buy,0.200,0.00000,0.00000,4200.75000,4221.53000,0.0000,0.0000,2078.0,415.60,0.53,"",0,02:08:52:36,21.5,12h 13m,0.0,0.00,2078.0,415.6,0.0,0.0,100.0,100.0,0.00,0.00
,202904989,28/11/2025 10:05,01/12/2025 01:38,XAUUSD,Buy,0.200,0.00000,0.00000,4167.10000,4221.76000,0.0000,0.0000,5466.0,1093.20,1.41,"",0,02:15:32:39,18.8,11h 56m,1758.0,0.00,7224.0,1444.8000000000002,0.0,0.0,100.0,75.7,-1758.00,-351.60
,203126052,28/11/2025 16:23,28/11/2025 19:48,XAUUSD,Buy,0.200,0.00000,4213.63000,4199.63000,4213.54000,0.0000,0.0000,1391.0,278.20,0.36,"[tp 4213.63]",0,00:03:25:02,,,,,,,,,,,,
,202672994,28/11/2025 04:07,28/11/2025 19:48,XAUUSD,Buy,0.200,0.00000,4213.63000,4189.23000,4213.54000,0.0000,0.0000,2431.0,486.20,0.63,"[tp 4213.63]",0,00:15:40:45,,,,,,,,,,,,
,202282047,27/11/2025 15:35,28/11/2025 16:44,CL-OIL,Buy,0.500,0.00000,0.00000,58.63400,59.15300,0.0000,0.0000,51.9,259.50,0.34,"",0,01:01:08:10,,,,,,,,,,,,
,194210807,20/11/2025 19:00,28/11/2025 16:44,CL-OIL,Buy,0.500,0.00000,0.00000,58.97400,59.15300,0.0000,0.0000,17.9,89.50,0.12,"",0,07:21:43:02,,,,,,,,,,,,
,194142938,20/11/2025 18:27,28/11/2025 16:43,CL-OIL,Buy,0.500,0.00000,0.00000,59.08400,59.14800,0.0000,0.0000,6.4,32.00,0.04,"",0,07:22:16:35,,,,,,,,,,,,
,194139643,20/11/2025 18:26,28/11/2025 16:43,CL-OIL,Buy,0.500,0.00000,0.00000,59.09400,59.14800,0.0000,0.0000,5.4,27.00,0.04,"",0,07:22:17:21,,,,,,,,,,,,
,194141552,20/11/2025 18:27,28/11/2025 16:43,CL-OIL,Buy,0.500,0.00000,0.00000,59.11400,59.14800,0.0000,0.0000,3.4,17.00,0.02,"",0,07:22:16:47,,,,,,,,,,,,
,194650189,28/11/2025 16:42,,,Deposit,0.000,0.00000,0.00000,0.00000,0.00000,0.0000,0.0000,0.0,20000.00,0,"Deposit-TH-QR-CPS-APP",0,00:00:00:00,,,,,,,,,,,,
,202609508,28/11/2025 03:04,28/11/2025 10:05,XAUUSD,Sell,0.200,0.00000,0.00000,4189.78000,4164.74000,0.0000,0.0000,2504.0,500.80,0.90,"",0,00:07:01:07,,,,,,,,,,,,
,202624650,28/11/2025 03:04,28/11/2025 10:05,XAUUSD,Sell,0.200,0.00000,0.00000,4190.16000,4165.18000,0.0000,0.0000,2498.0,499.60,0.90,"",0,00:07:00:44,,,,,,,,,,,,
,202574269,28/11/2025 02:25,28/11/2025 03:04,XAUUSD,Buy,0.200,0.00000,4189.60000,4168.90000,4189.66000,0.0000,0.0000,2076.0,415.20,0.76,"[tp 4189.60]",0,00:00:38:51,,,,,,,,,,,,
,200284495,26/11/2025 05:50,28/11/2025 03:03,XAUUSD,Buy,0.200,0.00000,4188.86000,4165.57000,4188.84000,0.0000,0.0000,2327.0,465.40,0.86,"[tp 4188.86]",0,01:21:13:00,18.2,8h 13m,1809.0,0.78,2327.0,465.40000000000003,-1809.0,-361.8,56.3,100.0,0.00,0.00
,200605455,26/11/2025 10:41,28/11/2025 03:02,XAUUSD,Buy,0.200,0.00000,4187.72000,4160.80000,4187.72000,0.0000,0.0000,2692.0,538.40,1.00,"[tp 4187.72]",0,01:16:21:22,50.0,20h 10m,1708.0,0.49,2692.0,538.4,-1332.0,-266.40000000000003,66.9,100.0,0.00,0.00
,198800376,25/11/2025 08:37,27/11/2025 14:00,CL-OIL,Buy,0.500,0.00000,0.00000,58.53400,58.79800,0.0000,0.0000,26.4,132.00,0.25,"",0,02:05:22:56,,,,,,,,,,,,
,200604857,26/11/2025 10:40,27/11/2025 14:00,CL-OIL,Buy,0.500,0.00000,0.00000,57.81400,58.80300,0.0000,0.0000,98.9,494.50,0.93,"",0,01:03:19:41,,,,,,,,,,,,
,198332629,25/11/2025 01:53,26/11/2025 05:45,XAUUSD,Buy,0.200,0.00000,0.00000,4139.89000,4166.53000,0.0000,0.0000,2664.0,532.80,1.01,"",0,01:03:52:23,42.9,11h 57m,1669.0,0.63,2664.0,532.8000000000001,-1669.0,-333.8,61.5,100.0,0.00,0.00
,199251733,25/11/2025 14:44,26/11/2025 03:27,CL-OIL,Buy,0.500,0.00000,0.00000,57.52900,58.08300,0.0000,0.0000,55.4,277.00,0.53,"",0,00:12:42:49,,,,,,,,,,,,
,190025972,25/11/2025 04:42,,,Deposit,0.000,0.00000,0.00000,0.00000,0.00000,0.0000,0.0000,0.0,20000.00,0,"Deposit-TH-QR-CPS-APP",0,00:00:00:00,,,,,,,,,,,,
,195836914,21/11/2025 16:39,25/11/2025 01:08,CL-OIL,Buy,0.500,0.00000,0.00000,57.76400,58.90300,0.0000,0.0000,113.9,569.50,1.79,"",0,03:08:28:58,,,,,,,,,,,,
,195466682,21/11/2025 12:44,25/11/2025 01:08,CL-OIL,Buy,0.500,0.00000,0.00000,57.56400,58.90300,0.0000,0.0000,133.9,669.50,2.15,"",0,03:12:24:18,,,,,,,,,,,,
,194870026,21/11/2025 06:32,25/11/2025 01:08,CL-OIL,Buy,0.500,0.00000,0.00000,58.10400,58.90300,0.0000,0.0000,79.9,399.50,1.30,"",0,03:18:36:38,,,,,,,,,,,,
,194641650,21/11/2025 03:38,25/11/2025 01:08,CL-OIL,Buy,0.500,0.00000,0.00000,58.39400,58.90300,0.0000,0.0000,50.9,254.50,0.83,"",0,03:21:30:03,,,,,,,,,,,,
,194154931,20/11/2025 19:12,25/11/2025 01:08,CL-OIL,Buy,0.500,0.00000,0.00000,58.66400,58.90300,0.0000,0.0000,23.9,119.50,0.39,"",0,04:05:56:25,,,,,,,,,,,,
,194145552,20/11/2025 19:07,25/11/2025 01:08,CL-OIL,Buy,0.500,0.00000,0.00000,58.76400,58.90300,0.0000,0.0000,13.9,69.50,0.23,"",0,04:06:01:21,,,,,,,,,,,,
,193887130,20/11/2025 16:18,25/11/2025 01:08,XAUUSD,Buy,0.200,0.00000,0.00000,4087.67000,4134.99000,0.0000,0.0000,4732.0,946.40,3.22,"",0,04:08:50:18,19.3,20h 14m,5601.0,1.00,5620.0,1124.0,-5601.0,-1120.2,50.1,92.1,-888.00,-177.60
,192668362,20/11/2025 01:40,25/11/2025 01:08,XAUUSD,Buy,0.200,0.00000,0.00000,4096.49000,4134.99000,0.0000,0.0000,3850.0,770.00,2.69,"",0,04:23:27:57,13.4,16h 0m,6483.0,1.37,4738.0,947.6,-6483.0,-1296.6000000000001,42.2,92.1,-888.00,-177.60
,191683378,19/11/2025 12:00,25/11/2025 01:08,XAUUSD,Buy,0.200,0.00000,0.00000,4114.25000,4134.99000,0.0000,0.0000,2074.0,414.80,1.47,"",0,05:13:08:41,12.2,16h 14m,8259.0,2.79,2962.0,592.4,-8259.0,-1651.8000000000002,26.4,92.1,-888.00,-177.60
,197797128,24/11/2025 15:51,24/11/2025 17:15,XAUUSD,Buy,0.200,0.00000,0.00000,4075.79000,4093.42000,0.0000,0.0000,1763.0,352.60,1.26,"",0,00:01:24:11,,,,,,,,,,,,
,196156882,21/11/2025 22:31,24/11/2025 14:59,XAUUSD,Buy,0.200,0.00000,0.00000,4061.66000,4079.63000,0.0000,0.0000,1797.0,359.40,1.31,"",0,02:16:28:29,25.0,16h 7m,1209.0,0.39,3006.0,601.2,-1167.0,-233.4,72.0,71.0,-1209.00,-241.80
,194083799,20/11/2025 17:58,21/11/2025 18:52,XAUUSD,Buy,0.200,0.00000,0.00000,4076.11000,4093.44000,0.0000,0.0000,1733.0,346.60,1.28,"",0,01:00:53:34,33.4,8h 18m,4445.0,2.57,1733.0,346.6,-4445.0,-889.0,28.1,100.0,0.00,0.00
,195868151,21/11/2025 16:55,21/11/2025 18:52,XAUUSD,Buy,0.200,0.00000,0.00000,4074.41000,4092.78000,0.0000,0.0000,1837.0,367.40,1.37,"",0,00:01:57:22,,,,,,,,,,,,
,194054390,20/11/2025 17:59,21/11/2025 18:52,XAUUSD,Buy,0.200,0.00000,0.00000,4070.95000,4092.96000,0.0000,0.0000,2201.0,440.20,1.67,"",0,01:00:52:30,33.4,8h 18m,3929.0,1.79,2201.0,440.20000000000005,-3929.0,-785.8000000000001,35.9,100.0,0.00,0.00
,194137266,20/11/2025 18:58,21/11/2025 18:52,XAUUSD,Buy,0.200,0.00000,0.00000,4051.80000,4093.16000,0.0000,0.0000,4136.0,827.20,3.24,"",0,00:23:54:22,66.7,15h 56m,2448.0,0.49,4136.0,827.2,-2014.0,-402.8,67.3,100.0,0.00,0.00
,194779766,21/11/2025 05:11,21/11/2025 18:52,XAUUSD,Buy,0.200,0.00000,0.00000,4053.85000,4093.55000,0.0000,0.0000,3970.0,794.00,3.21,"",0,00:13:40:36,,,,,,,,,,,,
,195016440,21/11/2025 08:28,21/11/2025 18:52,XAUUSD,Buy,0.200,0.00000,0.00000,4031.37000,4093.71000,0.0000,0.0000,6234.0,1246.80,5.31,"",0,00:10:23:42,,,,,,,,,,,,
,194975447,21/11/2025 08:20,21/11/2025 18:52,XAUUSD,Buy,0.200,0.00000,0.00000,4040.72000,4093.71000,0.0000,0.0000,5299.0,1059.80,4.72,"",0,00:10:32:12,,,,,,,,,,,,
,195755229,21/11/2025 15:55,21/11/2025 16:34,XAUUSD,Sell,0.500,0.00000,0.00000,4079.93000,4063.75000,0.0000,0.0000,1618.0,809.00,3.74,"",0,00:00:38:17,,,,,,,,,,,,
,193292479,20/11/2025 09:22,21/11/2025 05:11,XAUUSD,Sell,0.200,0.00000,0.00000,4062.54000,4054.44000,0.0000,0.0000,810.0,162.00,0.75,"",0,00:19:49:01,60.0,11h 53m,2278.0,0.72,3088.0,617.6,-2225.0,-445.0,58.1,57.1,-2278.00,-455.60
,191811798,19/11/2025 13:57,20/11/2025 17:29,CL-OIL,Buy,0.500,0.00000,0.00000,59.49400,59.96800,0.0000,0.0000,47.4,237.00,1.12,"",0,01:03:32:28,,,,,,,,,,,,
,193803812,20/11/2025 15:38,20/11/2025 16:18,XAUUSD,Sell,0.200,0.00000,0.00000,4093.07000,4087.89000,0.0000,0.0000,518.0,103.60,0.49,"",0,00:00:39:37,,,,,,,,,,,,
,193694707,20/11/2025 14:22,20/11/2025 15:38,XAUUSD,Buy,0.200,0.00000,0.00000,4074.93000,4093.31000,0.0000,0.0000,1838.0,367.60,1.77,"",0,00:01:16:33,,,,,,,,,,,,
,192860121,20/11/2025 04:07,20/11/2025 15:38,XAUUSD,Buy,0.200,0.00000,0.00000,4061.77000,4093.77000,0.0000,0.0000,3200.0,640.00,3.18,"",0,00:11:31:07,,,,,,,,,,,,
,192888577,20/11/2025 04:18,20/11/2025 11:16,XAUUSD,Buy,0.200,0.00000,0.00000,4054.74000,4070.33000,0.0000,0.0000,1559.0,311.80,1.57,"",0,00:06:58:22,,,,,,,,,,,,
,193384707,20/11/2025 10:17,20/11/2025 11:16,XAUUSD,Buy,0.200,0.00000,0.00000,4047.97000,4070.93000,0.0000,0.0000,2296.0,459.20,2.37,"",0,00:00:58:47,,,,,,,,,,,,
,192668363,20/11/2025 01:40,20/11/2025 04:07,XAUUSD,Sell,0.200,0.00000,0.00000,4096.26000,4061.90000,0.0000,0.0000,3436.0,687.20,3.68,"",0,00:02:26:45,,,,,,,,,,,,
,192295526,19/11/2025 19:04,20/11/2025 01:40,XAUUSD,Buy,0.200,0.00000,0.00000,4057.01000,4096.16000,0.0000,0.0000,3915.0,783.00,4.38,"",0,00:06:36:17,,,,,,,,,,,,
,192271291,19/11/2025 18:27,20/11/2025 01:40,XAUUSD,Buy,0.200,0.00000,0.00000,4073.87000,4096.15000,0.0000,0.0000,2228.0,445.60,2.56,"",0,00:07:13:41,,,,,,,,,,,,
,192225297,19/11/2025 18:26,20/11/2025 01:40,XAUUSD,Buy,0.200,0.00000,0.00000,4079.24000,4096.16000,0.0000,0.0000,1692.0,338.40,1.98,"",0,00:07:14:36,,,,,,,,,,,,
,192082935,19/11/2025 16:50,20/11/2025 01:40,CL-OIL,Buy,0.500,0.00000,0.00000,58.71400,59.48800,0.0000,0.0000,77.4,387.00,2.32,"",0,00:08:49:53,,,,,,,,,,,,
,191878957,19/11/2025 15:01,20/11/2025 01:40,CL-OIL,Buy,0.500,0.00000,0.00000,58.96400,59.48800,0.0000,0.0000,52.4,262.00,1.59,"",0,00:10:39:04,,,,,,,,,,,,
,191877038,19/11/2025 15:01,20/11/2025 01:40,CL-OIL,Buy,0.500,0.00000,0.00000,58.95400,59.48800,0.0000,0.0000,53.4,267.00,1.65,"",0,00:10:39:43,,,,,,,,,,,,
,192004427,19/11/2025 16:59,19/11/2025 18:26,XAUUSD,Sell,0.200,0.00000,4080.26000,4126.01000,4079.24000,0.0000,0.0000,4677.0,935.40,6.14,"[tp 4080.26]",0,00:01:27:04,,,,,,,,,,,,
,191682313,19/11/2025 11:59,19/11/2025 18:26,XAUUSD,Sell,0.200,0.00000,4080.61000,4113.97000,4079.25000,0.0000,0.0000,3472.0,694.40,4.77,"[tp 4080.61]",0,00:06:26:16,,,,,,,,,,,,
,191502024,19/11/2025 09:45,19/11/2025 11:59,XAUUSD,Buy,0.200,0.00000,0.00000,4095.14000,4113.98000,0.0000,0.0000,1884.0,376.80,2.66,"",0,00:02:14:40,,,,,,,,,,,,
,191531103,19/11/2025 10:10,19/11/2025 11:59,XAUUSD,Buy,0.200,0.00000,0.00000,4082.50000,4114.48000,0.0000,0.0000,3198.0,639.60,4.73,"",0,00:01:49:29,,,,,,,,,,,,
,190565941,18/11/2025 17:50,19/11/2025 11:59,XAUUSD,Buy,0.200,0.00000,0.00000,4052.52000,4114.52000,0.0000,0.0000,6200.0,1240.00,10.08,"",0,00:18:09:08,100.0,18h 9m,0.0,0.00,6200.0,1240.0,0.0,0.0,100.0,100.0,0.00,0.00
,191323865,19/11/2025 07:11,19/11/2025 11:58,XAUUSD,Buy,0.200,0.00000,4115.90000,4079.44000,4116.25000,0.0000,0.0000,3681.0,736.20,6.37,"[tp 4115.90]",0,00:04:46:48,,,,,,,,,,,,
,188619880,17/11/2025 15:51,19/11/2025 11:57,XAUUSD,Buy,0.200,0.00000,4114.49000,4062.17000,4114.39000,0.0000,0.0000,5222.0,1044.40,9.93,"[tp 4114.49]",0,01:20:06:22,54.6,1d ,4902.0,0.94,5222.0,1044.4,-4902.0,-980.4000000000001,51.6,100.0,0.00,0.00
,191450420,19/11/2025 08:53,19/11/2025 10:10,XAUUSD,Sell,0.200,0.00000,0.00000,4095.18000,4083.09000,0.0000,0.0000,1209.0,241.80,2.35,"",0,00:01:17:06,,,,,,,,,,,,
,190415526,18/11/2025 16:07,18/11/2025 17:12,XAUUSD,Sell,0.200,0.00000,0.00000,4071.05000,4057.35000,0.0000,0.0000,1370.0,274.00,2.74,"",0,00:01:04:28,,,,,,,,,,,,
,188610353,17/11/2025 18:05,18/11/2025 16:07,XAUUSD,Buy,0.200,0.00000,0.00000,4055.11000,4072.13000,0.0000,0.0000,1702.0,340.40,3.52,"",0,00:22:02:39,33.4,7h 21m,4196.0,1.62,2595.0,519.0,-4196.0,-839.2,38.2,86.9,-893.00,-178.60
,189409213,18/11/2025 03:48,18/11/2025 16:07,XAUUSD,Buy,0.200,0.00000,0.00000,4030.52000,4072.06000,0.0000,0.0000,4154.0,830.80,9.41,"",0,00:12:19:29,,,,,,,,,,,,
,189534390,18/11/2025 05:16,18/11/2025 12:23,XAUUSD,Buy,0.200,0.00000,0.00000,4014.86000,4042.43000,0.0000,0.0000,2757.0,551.40,6.66,"",0,00:07:06:35,,,,,,,,,,,,
,189608245,18/11/2025 09:30,18/11/2025 12:23,XAUUSD,Buy,0.200,0.00000,0.00000,4001.43000,4042.26000,0.0000,0.0000,4083.0,816.60,10.95,"",0,00:02:52:59,,,,,,,,,,,,
,180891364,18/11/2025 05:16,,,Deposit,0.000,0.00000,0.00000,0.00000,0.00000,0.0000,0.0000,0.0,5000.00,0,"Deposit-TH-QR-CPS-APP",0,00:00:00:00,,,,,,,,,,,,
,187808547,17/11/2025 05:01,18/11/2025 05:12,XAUUSD,Buy,0.200,0.00000,0.00000,4071.87000,4010.16000,0.0000,0.0000,-6171.0,-1234.20,-33.41,"[so 17.54%/113.83/648.79]",0,01:00:11:12,0.0,0s,6171.0,10000.00,0.0,0.0,-6171.0,-1234.2,0.0,0.0,-6171.00,-1234.20
,187579015,17/11/2025 01:35,18/11/2025 05:12,XAUUSD,Buy,0.200,0.00000,0.00000,4102.85000,4010.44000,0.0000,0.0000,-9241.0,-1848.20,-33.35,"[so 16.76%/136.23/812.90]",0,01:03:36:39,0.0,0s,9241.0,10000.00,0.0,0.0,-9241.0,-1848.2,0.0,0.0,-9241.00,-1848.20
,187868301,17/11/2025 05:51,17/11/2025 15:25,CL-OIL,Buy,0.500,0.00000,0.00000,59.38900,60.20800,0.0000,0.0000,81.9,409.50,7.98,"",0,00:09:33:52,,,,,,,,,,,,
,186702897,14/11/2025 15:35,17/11/2025 01:35,XAUUSD,Sell,0.500,0.00000,0.00000,4047.59000,4061.20000,0.0000,0.0000,-1361.0,0.00,0.00,"#186688319 by #186702897",0,02:09:59:52,0.0,0s,3706.0,5000.00,0.0,0.0,-3706.0,-0.0,0.0,63.3,-1361.00,0.00
,186856697,14/11/2025 16:42,17/11/2025 01:35,XAUUSD,Buy,0.250,0.00000,0.00000,4068.01000,4102.13000,0.0000,0.0000,3412.0,853.00,19.93,"",0,02:08:53:08,21.5,12h 13m,0.0,0.00,3412.0,853.0,0.0,0.0,100.0,100.0,0.00,0.00
,186688319,14/11/2025 15:31,17/11/2025 01:35,XAUUSD,Buy,0.500,0.00000,0.00000,4061.20000,4047.59000,0.0000,0.0000,-1361.0,-680.50,-13.72,"#186688319 by #186702897",0,02:10:04:16,93.4,2d 6h ,3706.0,0.58,2345.0,1172.5,-1361.0,-680.5,63.3,0.0,-3706.00,-1853.00
,178001315,14/11/2025 15:31,,,Deposit,0.000,0.00000,0.00000,0.00000,0.00000,0.0000,0.0000,0.0,5000.00,0,"Deposit-TH-QR-CPS-APP",0,00:00:00:00,,,,,,,,,,,,
,186650021,14/11/2025 15:19,14/11/2025 15:26,XAUUSD,Buy,0.500,0.00000,0.00000,4078.92000,4062.71000,0.0000,0.0000,-1621.0,-810.50,-105.11,"[so -9.65%/-39.37/407.89]",0,00:00:06:17,,,,,,,,,,,,
,186558097,14/11/2025 15:11,14/11/2025 15:26,XAUUSD,Buy,0.500,0.00000,0.00000,4099.75000,4062.71000,0.0000,0.0000,-3704.0,-1852.00,-70.60,"[so -4.08%/-33.37/817.87]",0,00:00:14:20,,,,,,,,,,,,
,185601056,14/11/2025 02:07,14/11/2025 15:26,XAUUSD,Buy,0.250,0.00000,0.00000,4180.54000,4062.77000,0.0000,0.0000,-11777.0,-2944.25,-52.88,"[so -3.25%/-33.37/1026.89]",0,00:13:18:35,,,,,,,,,,,,
,186461614,14/11/2025 14:12,14/11/2025 15:23,XAUUSD,Buy,0.500,0.00000,0.00000,4127.57000,4065.20000,0.0000,0.0000,-6237.0,-3118.50,-35.90,"[so 18.78%/270.38/1439.65]",0,00:01:11:02,,,,,,,,,,,,
,184965599,13/11/2025 16:42,14/11/2025 15:23,XAUUSD,Buy,0.250,0.00000,0.00000,4196.41000,4065.31000,0.0000,0.0000,-13110.0,-3277.50,-27.40,"[so 17.56%/289.63/1649.47]",0,00:22:40:36,20.0,4h 32m,13917.0,16.26,807.0,201.75,-13110.0,-3277.5,5.8,0.0,-13917.00,-3479.25
,184944509,13/11/2025 16:24,14/11/2025 15:23,XAUUSD,Buy,0.250,0.00000,0.00000,4215.62000,4065.60000,0.0000,0.0000,-15002.0,-3750.50,-23.87,"[so 18.69%/347.63/1860.25]",0,00:22:59:01,0.0,0s,15002.0,0.00,0.0,0.0,-15002.0,-3750.5,0.0,0.0,-15002.00,-3750.50
,186314478,14/11/2025 13:11,14/11/2025 15:23,XAUUSD,Buy,0.500,0.00000,0.00000,4155.63000,4066.13000,0.0000,0.0000,-8950.0,-4475.00,-22.17,"[so 19.06%/474.13/2487.35]",0,00:02:11:58,,,,,,,,,,,,
,184733466,13/11/2025 13:59,14/11/2025 15:23,XAUUSD,Buy,0.250,0.00000,0.00000,4230.75000,4065.84000,0.0000,0.0000,-16491.0,-4122.75,-16.96,"[so 19.39%/401.63/2071.79]",0,01:01:23:42,0.0,0s,16491.0,0.00,0.0,0.0,-16491.0,-4122.75,0.0,0.0,-16491.00,-4122.75
,177946845,14/11/2025 15:14,,,Deposit,0.000,0.00000,0.00000,0.00000,0.00000,0.0000,0.0000,0.0,5000.00,0,"Deposit-TH-QR-CPS-APP",0,00:00:00:00,,,,,,,,,,,,
,185895752,14/11/2025 07:01,14/11/2025 15:13,CL-OIL,Buy,0.500,0.00000,0.00000,59.48900,59.55800,0.0000,0.0000,6.9,34.50,0.18,"",0,00:08:11:40,,,,,,,,,,,,
,186545286,14/11/2025 14:35,14/11/2025 15:11,XAUUSD,Sell,0.500,0.00000,4100.24000,4114.72000,4099.92000,0.0000,0.0000,1480.0,740.00,3.99,"[tp 4100.24]",0,00:00:36:32,,,,,,,,,,,,
,177850201,14/11/2025 14:34,,,Deposit,0.000,0.00000,0.00000,0.00000,0.00000,0.0000,0.0000,0.0,5000.00,0,"Deposit-TH-QR-CPS-APP",0,00:00:00:00,,,,,,,,,,,,
,185601053,14/11/2025 02:07,14/11/2025 13:15,XAUUSD,Sell,0.250,0.00000,4151.20000,4180.35000,4151.00000,0.0000,0.0000,2935.0,733.75,5.73,"[tp 4151.20]",0,00:11:07:37,,,,,,,,,,,,
,184743322,13/11/2025 14:11,14/11/2025 03:21,CL-OIL,Buy,0.500,0.00000,0.00000,58.99400,59.39300,0.0000,0.0000,39.9,199.50,1.58,"",0,00:13:09:16,,,,,,,,,,,,
,185376895,13/11/2025 20:35,14/11/2025 03:21,CL-OIL,Buy,0.500,0.00000,0.00000,58.64400,59.39300,0.0000,0.0000,74.9,374.50,3.06,"",0,00:06:45:16,,,,,,,,,,,,
,185375137,13/11/2025 20:35,14/11/2025 01:29,XAUUSD,Buy,0.250,0.00000,0.00000,4155.93000,4181.40000,0.0000,0.0000,2547.0,636.75,5.49,"",0,00:04:53:59,,,,,,,,,,,,
,185387013,13/11/2025 20:39,14/11/2025 01:29,XAUUSD,Buy,0.250,0.00000,0.00000,4147.25000,4182.44000,0.0000,0.0000,3519.0,879.75,8.21,"",0,00:04:50:30,,,,,,,,,,,,
,176810194,14/11/2025 01:05,,,Withdrawal,0.000,0.00000,0.00000,0.00000,0.00000,0.0000,0.0000,0.0,-8.00,0,"Cash Adj-Rollover-CL-OIL",0,00:00:00:00,,,,,,,,,,,,
,183676303,12/11/2025 17:54,13/11/2025 20:35,XAUUSD,Sell,0.200,0.00000,0.00000,4176.73000,4157.91000,0.0000,0.0000,1882.0,376.40,3.64,"",0,01:02:40:48,28.6,7h 37m,5409.0,2.87,1882.0,376.40000000000003,-5409.0,-1081.8,25.8,100.0,0.00,0.00
,185361060,13/11/2025 20:32,13/11/2025 20:35,XAUUSD,Sell,0.250,0.00000,0.00000,4169.03000,4157.82000,0.0000,0.0000,1121.0,280.25,2.78,"",0,00:00:03:02,,,,,,,,,,,,
,185351143,13/11/2025 20:30,13/11/2025 20:35,XAUUSD,Sell,0.250,0.00000,0.00000,4188.86000,4155.70000,0.0000,0.0000,3316.0,829.00,8.98,"",0,00:00:05:11,,,,,,,,,,,,
,184944503,13/11/2025 16:24,13/11/2025 16:42,XAUUSD,Sell,0.250,0.00000,0.00000,4215.82000,4196.17000,0.0000,0.0000,1965.0,491.25,5.62,"",0,00:00:18:43,,,,,,,,,,,,
,184951559,13/11/2025 16:27,13/11/2025 16:42,XAUUSD,Sell,0.250,0.00000,4197.58000,4211.71000,4197.56000,0.0000,0.0000,1415.0,353.75,4.22,"[tp 4197.58]",0,00:00:15:23,,,,,,,,,,,,
,184254917,13/11/2025 06:14,13/11/2025 16:24,XAUUSD,Sell,0.250,0.00000,0.00000,4217.71000,4216.34000,0.0000,0.0000,137.0,34.25,0.41,"",0,00:10:09:19,,,,,,,,,,,,
,184630017,13/11/2025 12:25,13/11/2025 16:24,XAUUSD,Sell,0.250,0.00000,0.00000,4238.70000,4215.95000,0.0000,0.0000,2275.0,568.75,7.30,"",0,00:03:58:50,,,,,,,,,,,,
,184198851,13/11/2025 05:19,13/11/2025 14:11,CL-OIL,Buy,0.500,0.00000,0.00000,58.38400,58.96800,0.0000,0.0000,58.4,292.00,3.90,"",0,00:08:51:57,,,,,,,,,,,,
,184254921,13/11/2025 06:14,13/11/2025 12:25,XAUUSD,Buy,0.250,0.00000,0.00000,4217.91000,4238.83000,0.0000,0.0000,2092.0,523.00,7.50,"",0,00:06:10:22,,,,,,,,,,,,
,183827289,12/11/2025 20:20,13/11/2025 06:14,XAUUSD,Buy,0.200,0.00000,0.00000,4201.40000,4217.89000,0.0000,0.0000,1649.0,329.80,4.97,"",0,00:09:53:33,,,,,,,,,,,,
,184133101,13/11/2025 04:28,13/11/2025 06:14,XAUUSD,Buy,0.250,0.00000,0.00000,4187.28000,4217.99000,0.0000,0.0000,3071.0,767.75,13.07,"",0,00:01:45:46,,,,,,,,,,,,
,183677141,12/11/2025 17:55,13/11/2025 05:22,CL-OIL,Sell,0.500,0.00000,0.00000,58.91800,58.39400,0.0000,0.0000,52.4,262.00,4.67,"",0,00:11:26:59,,,,,,,,,,,,
,183827296,12/11/2025 20:20,13/11/2025 04:28,XAUUSD,Sell,0.200,0.00000,0.00000,4201.30000,4186.42000,0.0000,0.0000,1488.0,297.60,5.60,"",0,00:08:07:38,,,,,,,,,,,,
,183676301,12/11/2025 17:54,12/11/2025 18:32,XAUUSD,Buy,0.200,0.00000,4192.39000,4176.73000,4192.42000,0.0000,0.0000,1569.0,313.80,6.27,"[tp 4192.39]",0,00:00:37:52,,,,,,,,,,,,
,174838963,12/11/2025 17:54,,,Deposit,0.000,0.00000,0.00000,0.00000,0.00000,0.0000,0.0000,0.0,5000.00,0,"Deposit-TH-QR-CPS-APP",0,00:00:00:00,,,,,,,,,,,,
,147958738,28/10/2025 09:46,28/10/2025 10:20,XAUUSD,Buy,0.010,0.00000,0.00000,3941.92000,3935.03000,0.0000,0.0000,-689.0,-6.89,-84.33,"[so 16.24%/1.28/7.88]",0,00:00:33:58,,,,,,,,,,,,
,153359625,14/10/2025 19:57,15/10/2025 06:46,XAUUSD,Sell,0.050,0.00000,0.00000,4150.46000,4187.01000,0.0000,0.0000,-3655.0,-182.75,-95.72,"[so 19.69%/8.17/41.50]",0,00:10:49:41,,,,,,,,,,,,
,153127875,14/10/2025 17:11,15/10/2025 04:25,XAUUSD,Sell,0.050,0.00000,0.00000,4136.70000,4185.47000,0.0000,0.0000,-4877.0,-243.85,-56.09,"[so 19.15%/15.87/82.87]",0,00:11:14:38,,,,,,,,,,,,
,153122222,14/10/2025 17:10,15/10/2025 04:25,XAUUSD,Sell,0.050,0.00000,0.00000,4130.73000,4184.60000,0.0000,0.0000,-5387.0,-269.35,-38.25,"[so 19.79%/24.57/124.18]",0,00:11:15:01,,,,,,,,,,,,
,153050812,14/10/2025 16:40,15/10/2025 04:25,XAUUSD,Sell,0.050,0.00000,0.00000,4121.40000,4184.07000,0.0000,0.0000,-6267.0,-313.35,-30.80,"[so 19.66%/32.52/165.39]",0,00:11:44:25,,,,,,,,,,,,
,153243256,14/10/2025 18:35,15/10/2025 04:13,XAUUSD,Buy,0.050,0.00000,0.00000,4140.61000,4180.77000,0.0000,0.0000,4016.0,200.80,24.59,"",0,00:09:38:34,,,,,,,,,,,,
,153041942,14/10/2025 16:38,15/10/2025 04:13,XAUUSD,Sell,0.050,0.00000,0.00000,4113.48000,4185.07000,0.0000,0.0000,-7159.0,-357.95,-30.47,"[so 19.92%/32.92/165.22]",0,00:11:34:55,,,,,,,,,,,,
,153035578,14/10/2025 16:35,15/10/2025 04:13,XAUUSD,Sell,0.050,0.00000,0.00000,4108.55000,4184.82000,0.0000,0.0000,-7627.0,-381.35,-24.51,"[so 18.35%/37.87/206.34]",0,00:11:37:05,,,,,,,,,,,,
,153244638,14/10/2025 18:36,15/10/2025 04:08,USOUSD,Buy,0.100,0.00000,0.00000,58.27400,58.66300,0.0000,0.0000,38.9,38.90,2.56,"",0,00:09:31:49,,,,,,,,,,,,
,143033924,14/10/2025 16:35,,,Deposit,0.000,0.00000,0.00000,0.00000,0.00000,0.0000,0.0000,0.0,1509.00,0,"Transfer In from 143041",0,00:00:00:00,,,,,,,,,,,,
,151773689,14/10/2025 03:45,14/10/2025 04:28,XAUUSD,Sell,0.050,0.00000,0.00000,4128.30000,4149.68000,0.0000,0.0000,-2138.0,-106.90,-92.98,"[so 19.55%/8.07/41.28]",0,00:00:42:59,,,,,,,,,,,,
,151519307,13/10/2025 19:50,14/10/2025 04:24,XAUUSD,Sell,0.200,0.00000,0.00000,4112.06000,4144.85000,0.0000,0.0000,-3279.0,-655.80,-85.08,"[so 14.69%/30.22/205.77]",0,00:08:33:29,,,,,,,,,,,,
,151773405,14/10/2025 03:44,14/10/2025 03:45,XAUUSD,Buy,0.050,0.00000,0.00000,4128.68000,4128.16000,0.0000,0.0000,-52.0,-2.60,-0.34,"",0,00:00:01:05,,,,,,,,,,,,
,151510082,13/10/2025 19:42,14/10/2025 02:33,XAUUSD,Sell,0.500,4117.43000,0.00000,4107.60000,4119.03000,0.0000,0.0000,-1143.0,-571.50,-42.49,"[sl 4117.43]",0,00:06:51:16,,,,,,,,,,,,
,151509850,13/10/2025 19:41,14/10/2025 02:33,XAUUSD,Sell,0.100,4117.76000,0.00000,4107.27000,4119.43000,0.0000,0.0000,-1216.0,-121.60,-8.29,"[sl 4117.76]",0,00:06:51:44,,,,,,,,,,,,
,141480173,13/10/2025 19:41,,,Deposit,0.000,0.00000,0.00000,0.00000,0.00000,0.0000,0.0000,0.0,1466.00,0,"Transfer In from 143041",0,00:00:00:00,,,,,,,,,,,,
,140786904,13/10/2025 09:34,,,Deposit,0.000,0.00000,0.00000,0.00000,0.00000,0.0000,0.0000,0.0,30.43,0,"Cash Adjustment-Debt W/O",0,00:00:00:00,,,,,,,,,,,,
,149180435,10/10/2025 18:58,13/10/2025 09:30,USOUSD,Buy,0.020,0.00000,0.00000,59.07500,59.73800,0.0000,0.0000,66.3,13.26,0.00,"[so 19.92%/0.47/2.36]",0,02:14:31:53,,,,,,,,,,,,
,149170866,10/10/2025 18:18,13/10/2025 09:30,USOUSD,Buy,0.010,0.00000,0.00000,59.61500,59.73800,0.0000,0.0000,12.3,1.23,0.00,"[so 13.20%/0.47/3.56]",0,02:15:11:46,,,,,,,,,,,,
,149169953,10/10/2025 18:17,13/10/2025 09:29,USOUSD,Buy,0.010,0.00000,0.00000,59.63500,59.75300,0.0000,0.0000,11.8,1.18,0.00,"[so 19.37%/0.92/4.75]",0,02:15:11:14,,,,,,,,,,,,
,148897329,10/10/2025 16:06,13/10/2025 09:28,USOUSD,Buy,0.020,0.00000,0.00000,60.10500,59.75800,0.0000,0.0000,-34.7,-6.94,0.00,"[so 15.66%/1.12/7.15]",0,02:17:22:27,,,,,,,,,,,,
,148816298,10/10/2025 16:02,13/10/2025 09:28,USOUSD,Buy,0.020,0.00000,0.00000,60.14500,59.75800,0.0000,0.0000,-38.7,-7.74,0.00,"[so 11.72%/1.12/9.56]",0,02:17:26:12,,,,,,,,,,,,
,148646883,10/10/2025 11:38,13/10/2025 09:28,USOUSD,Buy,0.010,0.00000,0.00000,61.32500,59.76800,0.0000,0.0000,-155.7,-15.57,-103.46,"[so 17.81%/1.92/10.78]",0,02:21:49:18,,,,,,,,,,,,
,147827645,13/10/2025 01:01,13/10/2025 09:16,XAUUSD,Sell,0.010,0.00000,0.00000,4028.86000,4067.64000,0.0000,0.0000,-3878.0,-38.78,-72.04,"[so 17.36%/3.27/18.84]",0,00:08:14:25,,,,,,,,,,,,
,149145334,10/10/2025 18:08,13/10/2025 09:15,XAUUSD,Sell,0.010,0.00000,0.00000,4008.71000,4067.95000,0.0000,0.0000,-5924.0,-59.24,-52.39,"[so 19.40%/5.21/26.86]",0,02:15:07:16,0.0,0s,6532.0,10000.00,0.0,0.0,-6532.0,-65.32000000000001,0.0,9.3,-5924.00,-59.24
,147763924,13/10/2025 01:24,13/10/2025 09:13,XAUUSD,Buy,0.010,0.00000,0.00000,4038.62000,4064.85000,0.0000,0.0000,2623.0,26.23,30.20,"",0,00:07:48:45,,,,,,,,,,,,
,147763665,13/10/2025 01:24,13/10/2025 09:13,XAUUSD,Buy,0.010,0.00000,0.00000,4038.62000,4064.88000,0.0000,0.0000,2626.0,26.26,43.35,"",0,00:07:48:42,,,,,,,,,,,,
,148667614,10/10/2025 11:59,13/10/2025 08:32,XAUUSD,Sell,0.010,0.00000,0.00000,3992.82000,4074.73000,0.0000,0.0000,-8191.0,-81.91,-57.48,"[so 19.79%/3.72/18.80]",0,02:20:33:40,0.0,0s,8191.0,10000.00,0.0,0.0,-8191.0,-81.91,0.0,0.0,-8191.00,-81.91
,148646884,10/10/2025 11:38,13/10/2025 08:32,XAUUSD,Sell,0.010,0.00000,0.00000,3986.54000,4073.72000,0.0000,0.0000,-8718.0,-87.18,-37.96,"[so 19.40%/5.20/26.80]",0,02:20:53:40,0.0,0s,8749.0,10000.00,0.0,0.0,-8749.0,-87.49,0.0,0.4,-8718.00,-87.18
,148646897,10/10/2025 11:38,13/10/2025 08:32,XAUUSD,Sell,0.010,0.00000,0.00000,3986.41000,4072.87000,0.0000,0.0000,-8646.0,-86.46,-27.35,"[so 19.84%/6.90/34.78]",0,02:20:53:04,0.0,0s,8762.0,10000.00,0.0,0.0,-8762.0,-87.62,0.0,1.3,-8646.00,-86.46
,148482065,10/10/2025 09:03,13/10/2025 08:26,XAUUSD,Sell,0.010,0.00000,0.00000,3969.86000,4073.97000,0.0000,0.0000,-10411.0,-104.11,-24.77,"[so 19.96%/8.53/42.74]",0,02:23:22:32,0.0,0s,10417.0,0.00,0.0,0.0,-10417.0,-104.17,0.0,0.1,-10411.00,-104.11
,147866554,09/10/2025 19:36,13/10/2025 01:01,XAUUSD,Buy,0.010,0.00000,4027.75000,3994.83000,4028.86000,0.0000,0.0000,3403.0,34.03,8.81,"[tp 4027.75]",0,03:05:25:08,85.0,2d 17h ,3282.0,0.57,5733.0,57.33,-3282.0,-32.82,63.6,74.2,-2330.00,-23.30
,148250795,10/10/2025 04:38,10/10/2025 11:38,XAUUSD,Buy,0.010,0.00000,0.00000,3976.72000,3986.22000,0.0000,0.0000,950.0,9.50,2.52,"",0,00:07:00:42,,,,,,,,,,,,
,148388013,10/10/2025 07:13,10/10/2025 11:38,XAUUSD,Buy,0.010,0.00000,0.00000,3954.54000,3986.33000,0.0000,0.0000,3179.0,31.79,9.22,"",0,00:04:25:34,,,,,,,,,,,,
,148174207,10/10/2025 02:58,10/10/2025 04:37,XAUUSD,Sell,0.010,0.00000,0.00000,3989.05000,3976.80000,0.0000,0.0000,1225.0,12.25,3.68,"",0,00:01:38:36,,,,,,,,,,,,
,147882717,09/10/2025 19:42,10/10/2025 02:58,XAUUSD,Buy,0.010,0.00000,0.00000,3980.91000,3988.62000,0.0000,0.0000,771.0,7.71,2.37,"",0,00:07:16:19,,,,,,,,,,,,
,147905368,09/10/2025 19:52,10/10/2025 02:58,XAUUSD,Buy,0.010,0.00000,0.00000,3978.16000,3988.53000,0.0000,0.0000,1037.0,10.37,3.30,"",0,00:07:05:52,,,,,,,,,,,,
,147801136,09/10/2025 19:55,10/10/2025 02:58,XAUUSD,Buy,0.010,0.00000,0.00000,3969.09000,3988.60000,0.0000,0.0000,1951.0,19.51,6.61,"",0,00:07:02:57,,,,,,,,,,,,
,147938628,09/10/2025 20:05,10/10/2025 02:58,XAUUSD,Buy,0.010,0.00000,0.00000,3962.43000,3988.64000,0.0000,0.0000,2621.0,26.21,9.75,"",0,00:06:52:30,,,,,,,,,,,,
,147979051,09/10/2025 20:56,10/10/2025 02:58,XAUUSD,Buy,0.010,0.00000,0.00000,3947.94000,3988.62000,0.0000,0.0000,4068.0,40.68,17.83,"",0,00:06:01:27,,,,,,,,,,,,
,147954355,09/10/2025 20:13,09/10/2025 20:24,XAUUSD,Sell,0.030,0.00000,0.00000,3958.77000,3960.51000,0.0000,0.0000,-174.0,-5.22,-2.24,"",0,00:00:10:38,,,,,,,,,,,,
,147850669,09/10/2025 19:31,09/10/2025 19:36,XAUUSD,Sell,0.010,0.00000,0.00000,4010.86000,3994.70000,0.0000,0.0000,1616.0,16.16,7.44,"",0,00:00:05:28,,,,,,,,,,,,
,147826912,09/10/2025 19:03,09/10/2025 19:36,XAUUSD,Sell,0.010,0.00000,0.00000,4019.53000,3994.70000,0.0000,0.0000,2483.0,24.83,12.90,"",0,00:00:33:28,,,,,,,,,,,,
,147794702,09/10/2025 18:38,09/10/2025 19:02,XAUUSD,Buy,0.010,0.00000,0.00000,4010.83000,4019.05000,0.0000,0.0000,822.0,8.22,4.46,"",0,00:00:24:44,,,,,,,,,,,,
,147763073,09/10/2025 18:17,09/10/2025 18:40,XAUUSD,Sell,0.010,0.00000,0.00000,4026.91000,4008.22000,0.0000,0.0000,1869.0,18.69,11.29,"",0,00:00:22:32,,,,,,,,,,,,
,147549988,09/10/2025 16:46,09/10/2025 18:17,XAUUSD,Buy,0.010,0.00000,0.00000,4029.41000,4026.80000,0.0000,0.0000,-261.0,-2.61,-1.55,"",0,00:01:31:37,,,,,,,,,,,,
,147594157,09/10/2025 16:58,09/10/2025 18:17,XAUUSD,Buy,0.010,0.00000,0.00000,4019.25000,4026.57000,0.0000,0.0000,732.0,7.32,4.55,"",0,00:01:18:41,,,,,,,,,,,,
,147688224,09/10/2025 17:34,09/10/2025 18:17,XAUUSD,Buy,0.010,0.00000,0.00000,4005.51000,4026.65000,0.0000,0.0000,2114.0,21.14,15.14,"",0,00:00:42:56,,,,,,,,,,,,
,147569614,09/10/2025 17:23,09/10/2025 18:17,XAUUSD,Buy,0.010,0.00000,0.00000,4012.05000,4026.63000,0.0000,0.0000,1458.0,14.58,11.66,"",0,00:00:54:29,,,,,,,,,,,,
,147567283,09/10/2025 16:49,09/10/2025 16:58,XAUUSD,Sell,0.010,0.00000,0.00000,4029.25000,4018.86000,0.0000,0.0000,1039.0,10.39,9.06,"",0,00:00:09:53,,,,,,,,,,,,
,147439930,09/10/2025 16:00,09/10/2025 16:46,XAUUSD,Sell,0.010,0.00000,0.00000,4054.68000,4030.44000,0.0000,0.0000,2424.0,24.24,26.80,"",0,00:00:45:29,,,,,,,,,,,,
,146994203,09/10/2025 07:30,09/10/2025 16:46,XAUUSD,Sell,0.010,0.00000,0.00000,4037.94000,4030.00000,0.0000,0.0000,794.0,7.94,9.62,"",0,00:09:15:20,,,,,,,,,,,,
,147358527,09/10/2025 14:58,09/10/2025 16:00,XAUUSD,Buy,0.010,0.00000,0.00000,4044.89000,4054.64000,0.0000,0.0000,975.0,9.75,13.40,"",0,00:01:01:43,,,,,,,,,,,,
,147397810,09/10/2025 15:38,09/10/2025 16:00,XAUUSD,Buy,0.010,0.00000,0.00000,4041.49000,4054.65000,0.0000,0.0000,1316.0,13.16,22.08,"",0,00:00:21:34,,,,,,,,,,,,
,146730838,09/10/2025 03:35,09/10/2025 14:00,XAUUSD,Sell,0.010,4046.13000,0.00000,4025.18000,4046.20000,0.0000,0.0000,-2102.0,-21.02,-26.07,"[sl 4046.13]",0,00:10:24:24,,,,,,,,,,,,
,146390042,08/10/2025 19:14,09/10/2025 02:04,XAUUSD,Sell,0.010,0.00000,4012.97000,4055.15000,4012.94000,0.0000,0.0000,4221.0,42.21,109.89,"[tp 4012.97]",0,00:06:50:02,,,,,,,,,,,,
,146126949,08/10/2025 16:17,08/10/2025 19:11,XAUUSD,Buy,0.010,0.00000,4052.22000,4046.65000,4051.95000,0.0000,0.0000,530.0,5.30,16.01,"[tp 4052.22]",0,00:02:54:14,,,,,,,,,,,,
,146127472,08/10/2025 16:18,08/10/2025 17:57,USOUSD,Buy,0.010,0.00000,0.00000,62.35000,62.57100,0.0000,0.0000,22.1,2.21,7.15,"",0,00:01:39:14,,,,,,,,,,,,
,135535858,08/10/2025 07:54,,,Deposit,0.000,0.00000,0.00000,0.00000,0.00000,0.0000,0.0000,0.0,969.10,0,"Cash Adjustment-Debt W/O",0,00:00:00:00,,,,,,,,,,,,
,144963732,07/10/2025 17:55,08/10/2025 07:53,XAUUSD,Sell,0.200,0.00000,0.00000,3986.07000,4026.54000,0.0000,0.0000,-4047.0,-809.40,-96.32,"[so 19.38%/30.90/159.44]",0,00:13:57:48,,,,,,,,,,,,
,145442875,08/10/2025 05:12,08/10/2025 07:50,XAUUSD,Sell,0.500,0.00000,0.00000,4002.68000,4022.50000,0.0000,0.0000,-1982.0,-991.00,-54.11,"[so 19.96%/111.70/559.71]",0,00:02:37:15,,,,,,,,,,,,
,144912277,07/10/2025 17:23,08/10/2025 07:49,XAUUSD,Sell,0.200,0.00000,0.00000,3973.44000,4022.10000,0.0000,0.0000,-4866.0,-973.20,-34.70,"[so 19.44%/139.70/718.65]",0,00:14:26:06,,,,,,,,,,,,
,145318522,08/10/2025 02:59,08/10/2025 07:11,XAUUSD,Sell,0.500,0.00000,0.00000,3994.27000,4021.20000,0.0000,0.0000,-2693.0,-1346.50,-32.44,"[so 19.74%/220.70/1118.08]",0,00:04:12:07,,,,,,,,,,,,
,144856172,07/10/2025 16:56,08/10/2025 07:10,XAUUSD,Sell,0.500,0.00000,0.00000,3979.52000,4020.74000,0.0000,0.0000,-4122.0,-2061.00,-33.18,"[so 18.81%/285.10/1516.03]",0,00:14:14:30,,,,,,,,,,,,
,144857372,07/10/2025 16:56,08/10/2025 05:13,USOUSD,Buy,0.500,0.00000,0.00000,61.90700,62.33100,0.0000,0.0000,42.4,212.00,3.53,"",0,00:12:16:06,,,,,,,,,,,,
,134800911,07/10/2025 16:54,,,Deposit,0.000,0.00000,0.00000,0.00000,0.00000,0.0000,0.0000,0.0,5000.00,0,"Deposit-TH-QR-CPS-APP",0,00:00:00:00,,,,,,,,,,,,
,134715908,07/10/2025 16:09,,,Deposit,0.000,0.00000,0.00000,0.00000,0.00000,0.0000,0.0000,0.0,15.40,0,"Cash Adjustment-Debt W/O",0,00:00:00:00,,,,,,,,,,,,
,143982381,07/10/2025 01:24,07/10/2025 16:07,XAUUSD,Sell,0.300,0.00000,0.00000,3972.63000,3982.82000,0.0000,0.0000,-1019.0,-305.70,0.00,"[so 7.59%/5.61/73.91]",0,00:14:42:18,,,,,,,,,,,,
,143982382,07/10/2025 01:24,07/10/2025 16:07,XAUUSD,Buy,0.300,0.00000,0.00000,3972.85000,3982.63000,0.0000,0.0000,978.0,293.40,0.00,"[so -6.08%/-14.49/238.37]",0,00:14:42:18,,,,,,,,,,,,
,141105698,02/10/2025 17:36,07/10/2025 16:07,USOUSD,Buy,0.300,0.00000,0.00000,61.31500,60.85300,0.0000,0.0000,-46.2,-138.60,-101.61,"[so -1.34%/-3.69/275.16]",0,04:22:31:08,,,,,,,,,,,,
,140609854,02/10/2025 12:11,07/10/2025 16:07,USOUSD,Buy,0.300,0.00000,0.00000,61.87500,60.86300,0.0000,0.0000,-101.2,-303.60,-69.00,"[so 1.80%/5.61/312.28]",0,05:03:55:47,,,,,,,,,,,,
,143683265,06/10/2025 17:35,07/10/2025 16:06,XAUUSD,Sell,0.300,0.00000,0.00000,3955.54000,3982.02000,0.0000,0.0000,-2648.0,-794.40,-64.35,"[so 10.24%/48.11/469.83]",0,00:22:31:06,16.7,3h 45m,3608.0,2.76,960.0,288.0,-2648.0,-794.4,26.6,0.0,-3608.00,-1082.40
,143612439,06/10/2025 16:53,07/10/2025 16:06,XAUUSD,Sell,0.200,0.00000,0.00000,3944.48000,3982.06000,0.0000,0.0000,-3758.0,-751.60,-37.84,"[so 17.91%/41.61/232.36]",0,00:23:13:14,0.0,0s,3758.0,5000.00,0.0,0.0,-3758.0,-751.6,0.0,0.0,-3758.00,-751.60
,138627585,30/09/2025 11:39,07/10/2025 16:06,USOUSD,Buy,0.500,0.00000,0.00000,62.73000,60.95300,0.0000,0.0000,-177.7,-888.50,-30.91,"[so 10.44%/55.61/532.56]",0,07:04:27:09,,,,,,,,,,,,
,137732083,29/09/2025 16:58,07/10/2025 16:06,USOUSD,Buy,0.500,0.00000,0.00000,63.88300,60.95300,0.0000,0.0000,-293.0,-1465.00,-33.76,"[so 10.13%/60.41/596.45]",0,07:23:08:44,,,,,,,,,,,,
,142905845,06/10/2025 06:04,07/10/2025 16:03,XAUUSD,Sell,0.300,0.00000,0.00000,3922.00000,3981.51000,0.0000,0.0000,-5951.0,-1785.30,-29.15,"[so 17.77%/147.91/832.38]",0,01:09:59:42,0.0,0s,5951.0,10000.00,0.0,0.0,-5951.0,-1785.3,0.0,0.0,-5951.00,-1785.30
,137488187,29/09/2025 13:31,07/10/2025 16:02,USOUSD,Buy,0.500,0.00000,0.00000,64.81800,61.09300,0.0000,0.0000,-372.5,-1862.50,-23.32,"[so 19.39%/174.01/897.20]",0,08:02:30:58,,,,,,,,,,,,
,137081649,29/09/2025 06:20,07/10/2025 16:02,USOUSD,Buy,0.500,0.00000,0.00000,65.51300,61.09300,0.0000,0.0000,-442.0,-2210.00,-21.67,"[so 18.52%/178.31/962.71]",0,08:09:42:41,,,,,,,,,,,,
,136457318,26/09/2025 17:41,07/10/2025 16:02,USOUSD,Buy,0.500,0.00000,0.00000,66.40100,61.10300,0.0000,0.0000,-529.8,-2649.00,-20.62,"[so 19.78%/203.51/1029.11]",0,10:22:21:32,,,,,,,,,,,,
,142078296,06/10/2025 01:17,07/10/2025 16:02,XAUUSD,Sell,0.300,0.00000,0.00000,3892.62000,3982.47000,0.0000,0.0000,-8985.0,-2695.50,-17.34,"[so 19.06%/240.81/1263.39]",0,01:14:45:30,0.0,0s,8985.0,10000.00,0.0,0.0,-8985.0,-2695.5,0.0,0.0,-8985.00,-2695.50
,142022905,03/10/2025 16:17,07/10/2025 16:02,XAUUSD,Sell,0.300,0.00000,0.00000,3878.36000,3982.47000,0.0000,0.0000,-10411.0,-3123.30,-16.73,"[so 16.11%/241.11/1496.71]",0,03:23:44:55,0.0,0s,10411.0,0.00,0.0,0.0,-10411.0,-3123.2999999999997,0.0,0.0,-10411.00,-3123.30
,141777862,03/10/2025 10:42,07/10/2025 16:02,XAUUSD,Sell,0.300,0.00000,0.00000,3864.94000,3982.22000,0.0000,0.0000,-11728.0,-3518.40,-15.86,"[so 19.54%/337.81/1729.16]",0,04:05:20:08,0.0,0s,11728.0,0.00,0.0,0.0,-11728.0,-3518.4,0.0,0.0,-11728.00,-3518.40
,137034562,29/09/2025 05:30,07/10/2025 16:02,XAUUSD,Sell,0.200,0.00000,0.00000,3794.12000,3982.13000,0.0000,0.0000,-18801.0,-3760.20,-14.49,"[so 17.36%/353.11/2034.11]",0,08:10:31:48,0.0,0s,18801.0,0.00,0.0,0.0,-18801.0,-3760.2000000000003,0.0,0.0,-18801.00,-3760.20
,133588130,29/09/2025 06:12,07/10/2025 16:02,XAUUSD,Sell,0.200,0.00000,0.00000,3799.35000,3982.13000,0.0000,0.0000,-18278.0,-3655.60,-12.35,"[so 18.76%/353.11/1881.78]",0,08:09:50:20,0.0,0s,18278.0,0.00,0.0,0.0,-18278.0,-3655.6000000000004,0.0,0.0,-18278.00,-3655.60
,141431203,02/10/2025 23:23,07/10/2025 16:02,XAUUSD,Sell,0.300,0.00000,0.00000,3856.63000,3981.73000,0.0000,0.0000,-12510.0,-3753.00,-11.25,"[so 19.29%/437.11/2265.78]",0,04:16:39:02,0.0,0s,12510.0,0.00,0.0,0.0,-12510.0,-3753.0,0.0,0.0,-12510.00,-3753.00
,136451206,26/09/2025 17:33,07/10/2025 16:02,XAUUSD,Sell,0.200,0.00000,0.00000,3780.60000,3981.64000,0.0000,0.0000,-20104.0,-4020.80,-10.76,"[so 19.63%/474.51/2417.46]",0,10:22:29:04,1.6,4h 11m,20104.0,0.00,0.0,0.0,-20104.0,-4020.8,0.0,0.0,-20104.00,-4020.80
,135925316,26/09/2025 17:04,07/10/2025 16:02,XAUUSD,Sell,0.300,0.00000,0.00000,3769.89000,3981.64000,0.0000,0.0000,-21175.0,-6352.50,-14.53,"[so 18.53%/490.01/2644.31]",0,10:22:58:15,1.6,4h 12m,21175.0,0.00,0.0,0.0,-21175.0,-6352.5,0.0,0.0,-21175.00,-6352.50
,144528593,07/10/2025 12:10,07/10/2025 12:38,XAUUSD,Buy,0.200,0.00000,0.00000,3955.07000,3960.95000,0.0000,0.0000,588.0,117.60,0.27,"",0,00:00:27:59,,,,,,,,,,,,
,143720299,06/10/2025 18:04,07/10/2025 01:23,XAUUSD,Buy,0.300,0.00000,3972.86000,3956.35000,3972.88000,0.0000,0.0000,1653.0,495.90,1.15,"[tp 3972.86]",0,00:07:19:15,,,,,,,,,,,,
,143682065,06/10/2025 17:34,07/10/2025 01:17,XAUUSD,Buy,0.200,0.00000,3972.68000,3954.57000,3972.65000,0.0000,0.0000,1808.0,361.60,0.85,"[tp 3972.68]",0,00:07:43:11,,,,,,,,,,,,
,142992742,06/10/2025 07:41,06/10/2025 17:34,XAUUSD,Buy,0.200,0.00000,0.00000,3936.21000,3955.21000,0.0000,0.0000,1900.0,380.00,0.90,"",0,00:09:53:40,,,,,,,,,,,,
,133179245,06/10/2025 11:10,,,Deposit,0.000,0.00000,0.00000,0.00000,0.00000,0.0000,0.0000,0.0,7495.00,0,"Transfer In from 143041",0,00:00:00:00,,,,,,,,,,,,
,142847304,06/10/2025 04:48,06/10/2025 07:37,XAUUSD,Buy,0.200,0.00000,0.00000,3911.30000,3934.58000,0.0000,0.0000,2328.0,465.60,1.35,"",0,00:02:49:08,,,,,,,,,,,,
,139692785,01/10/2025 11:26,06/10/2025 02:04,XAUUSD,Buy,0.500,0.00000,3917.31000,3892.55000,3917.27000,0.0000,0.0000,2472.0,1236.00,3.73,"[tp 3917.31]",0,04:14:37:43,10.8,11h 56m,6427.0,1.74,3689.0,1844.5,-6427.0,-3213.5,36.5,88.0,-1217.00,-608.50
,139673108,01/10/2025 15:49,03/10/2025 16:17,XAUUSD,Buy,0.400,0.00000,0.00000,3871.22000,3878.24000,0.0000,0.0000,702.0,280.80,0.85,"",0,02:00:27:59,30.8,14h 55m,5811.0,2.37,1809.0,723.6,-4294.0,-1717.6000000000001,29.6,81.9,-1107.00,-442.80
,141658083,03/10/2025 07:36,03/10/2025 10:42,XAUUSD,Buy,0.300,0.00000,3864.96000,3845.53000,3864.95000,0.0000,0.0000,1942.0,582.60,1.80,"[tp 3864.96]",0,00:03:06:01,,,,,,,,,,,,
,141250115,02/10/2025 18:37,02/10/2025 23:21,XAUUSD,Buy,0.500,0.00000,0.00000,3822.48000,3856.91000,0.0000,0.0000,3443.0,1721.50,5.63,"",0,00:04:43:19,,,,,,,,,,,,
,139001621,30/09/2025 17:21,02/10/2025 18:38,XAUUSD,Sell,0.300,0.00000,0.00000,3846.10000,3820.79000,0.0000,0.0000,2531.0,759.30,2.55,"",0,02:01:17:16,16.7,8h 13m,4029.0,1.59,2531.0,759.3,-4029.0,-1208.7,38.6,100.0,0.00,0.00
,141231585,02/10/2025 18:25,02/10/2025 18:25,USOUSD,Sell,0.500,0.00000,0.00000,61.19600,61.24500,0.0000,0.0000,-4.9,-24.50,-0.08,"",0,00:00:00:18,,,,,,,,,,,,
,141152037,02/10/2025 17:48,02/10/2025 18:20,XAUUSD,Buy,0.500,0.00000,0.00000,3830.62000,3832.57000,0.0000,0.0000,195.0,97.50,0.33,"",0,00:00:32:38,,,,,,,,,,,,
,138976388,01/10/2025 05:05,02/10/2025 17:47,XAUUSD,Sell,0.300,0.00000,0.00000,3873.93000,3830.74000,0.0000,0.0000,4319.0,1295.70,4.55,"",0,01:12:42:51,88.9,1d 8h ,2753.0,0.27,4565.0,1369.5,-1246.0,-373.8,78.6,95.8,-246.00,-73.80
,139655028,01/10/2025 11:12,02/10/2025 17:47,XAUUSD,Sell,0.300,0.00000,0.00000,3887.85000,3831.33000,0.0000,0.0000,5652.0,1695.60,6.34,"",0,01:06:35:52,100.0,1d 6h ,2753.0,0.00,5957.0,1787.1,0.0,0.0,100.0,94.9,-305.00,-91.50
,139360416,01/10/2025 05:03,01/10/2025 11:12,XAUUSD,Buy,0.500,0.00000,3888.25000,3870.27000,3888.22000,0.0000,0.0000,1795.0,897.50,3.47,"[tp 3888.25]",0,00:06:09:00,,,,,,,,,,,,
,139501986,01/10/2025 08:15,01/10/2025 11:12,XAUUSD,Buy,0.300,0.00000,3887.98000,3865.26000,3888.02000,0.0000,0.0000,2276.0,682.80,2.71,"[tp 3887.98]",0,00:02:56:26,,,,,,,,,,,,
,139654080,01/10/2025 11:03,01/10/2025 11:12,XAUUSD,Buy,0.300,0.00000,3887.72000,3882.30000,3887.85000,0.0000,0.0000,555.0,166.50,0.67,"[tp 3887.72]",0,00:00:08:48,,,,,,,,,,,,
,138234427,30/09/2025 06:38,01/10/2025 05:03,XAUUSD,Buy,0.500,0.00000,0.00000,3860.46000,3869.74000,0.0000,0.0000,928.0,464.00,1.89,"",0,00:22:24:35,66.7,14h 56m,2146.0,1.15,1871.0,935.5,-2146.0,-1073.0,46.6,76.5,-943.00,-471.50
,138224118,30/09/2025 06:28,01/10/2025 05:03,XAUUSD,Buy,0.500,0.00000,0.00000,3858.92000,3869.78000,0.0000,0.0000,1086.0,543.00,2.26,"",0,00:22:35:10,83.4,18h 50m,1992.0,0.98,2025.0,1012.5,-1992.0,-996.0,50.4,76.6,-939.00,-469.50
,138118823,30/09/2025 04:32,01/10/2025 05:03,XAUUSD,Buy,0.500,0.00000,0.00000,3847.64000,3869.87000,0.0000,0.0000,2223.0,1111.50,4.85,"",0,01:00:30:26,83.4,20h 26m,930.0,0.27,3153.0,1576.5,-864.0,-432.0,78.5,76.8,-930.00,-465.00
,138118675,30/09/2025 04:29,30/09/2025 17:21,XAUUSD,Buy,0.500,0.00000,0.00000,3844.02000,3845.94000,0.0000,0.0000,192.0,96.00,0.42,"",0,00:12:51:45,,,,,,,,,,,,
,138592744,30/09/2025 11:30,30/09/2025 17:21,XAUUSD,Buy,0.200,0.00000,0.00000,3821.27000,3846.69000,0.0000,0.0000,2542.0,508.40,2.28,"",0,00:05:50:48,,,,,,,,,,,,
,138629455,30/09/2025 11:40,30/09/2025 17:21,XAUUSD,Buy,0.200,0.00000,0.00000,3809.93000,3846.82000,0.0000,0.0000,3689.0,737.80,3.42,"",0,00:05:40:45,,,,,,,,,,,,
,137659090,30/09/2025 12:13,30/09/2025 17:21,XAUUSD,Buy,0.500,0.00000,0.00000,3798.12000,3846.95000,0.0000,0.0000,4883.0,2441.50,12.77,"",0,00:05:07:03,,,,,,,,,,,,
,137321656,29/09/2025 10:30,30/09/2025 12:13,XAUUSD,Sell,0.200,0.00000,3798.10000,3814.94000,3797.98000,0.0000,0.0000,1696.0,339.20,1.81,"[tp 3798.10]",0,01:01:43:56,14.3,3h 40m,4978.0,2.94,1696.0,339.20000000000005,-4978.0,-995.6,25.4,100.0,0.00,0.00
,137525058,29/09/2025 14:27,30/09/2025 11:40,XAUUSD,Sell,0.200,0.00000,0.00000,3823.08000,3810.23000,0.0000,0.0000,1285.0,257.00,1.39,"",0,00:21:12:24,40.0,8h 28m,4164.0,3.24,1285.0,257.0,-4164.0,-832.8000000000001,23.6,100.0,0.00,0.00
,137560367,29/09/2025 14:58,30/09/2025 11:40,XAUUSD,Sell,0.200,0.00000,0.00000,3829.91000,3810.50000,0.0000,0.0000,1941.0,388.20,2.14,"",0,00:20:41:19,40.0,8h 16m,3481.0,1.79,1941.0,388.20000000000005,-3481.0,-696.2,35.8,100.0,0.00,0.00
,137227941,30/09/2025 04:24,30/09/2025 11:30,XAUUSD,Sell,0.500,0.00000,0.00000,3844.25000,3823.17000,0.0000,0.0000,2108.0,1054.00,6.17,"",0,00:07:05:56,,,,,,,,,,,,
,138234431,30/09/2025 06:38,30/09/2025 11:30,XAUUSD,Sell,0.500,0.00000,0.00000,3860.21000,3823.46000,0.0000,0.0000,3675.0,1837.50,12.06,"",0,00:04:51:23,,,,,,,,,,,,
,138243186,30/09/2025 08:04,30/09/2025 08:18,XAUUSD,Sell,0.500,0.00000,0.00000,3869.94000,3869.78000,0.0000,0.0000,16.0,8.00,0.05,"",0,00:00:14:33,,,,,,,,,,,,
,128216351,30/09/2025 06:26,,,Deposit,0.000,0.00000,0.00000,0.00000,0.00000,0.0000,0.0000,0.0,2705.00,0,"Transfer In from 143041",0,00:00:00:00,,,,,,,,,,,,
,136064194,26/09/2025 11:03,30/09/2025 06:26,XAUUSD,Sell,0.300,0.00000,0.00000,3747.80000,3858.08000,0.0000,0.0000,-11028.0,-3308.40,-20.89,"[so 19.87%/248.21/1249.28]",0,03:19:23:02,0.0,0s,11692.0,0.00,0.0,0.0,-11692.0,-3507.6,0.0,5.7,-11028.00,-3308.40
,137949848,29/09/2025 21:25,30/09/2025 04:29,XAUUSD,Buy,0.300,0.00000,0.00000,3829.81000,3843.74000,0.0000,0.0000,1393.0,417.90,2.71,"",0,00:07:03:52,,,,,,,,,,,,
,137849442,29/09/2025 18:25,30/09/2025 04:29,XAUUSD,Buy,0.300,0.00000,0.00000,3829.38000,3843.62000,0.0000,0.0000,1424.0,427.20,2.85,"",0,00:10:03:49,,,,,,,,,,,,
,133285808,23/09/2025 12:29,29/09/2025 14:27,XAUUSD,Buy,0.200,0.00000,0.00000,3787.78000,3822.99000,0.0000,0.0000,3521.0,704.20,4.93,"",0,06:01:58:08,13.9,20h 17m,5765.0,1.35,4265.0,853.0,-5765.0,-1153.0,42.5,92.6,-744.00,-148.80
,137121161,29/09/2025 07:40,29/09/2025 14:27,XAUUSD,Buy,0.500,0.00000,0.00000,3806.63000,3822.85000,0.0000,0.0000,1622.0,811.00,6.02,"",0,00:06:47:54,,,,,,,,,,,,
,136405286,26/09/2025 17:07,26/09/2025 17:33,XAUUSD,Buy,0.300,0.00000,0.00000,3770.13000,3780.72000,0.0000,0.0000,1059.0,317.70,2.41,"",0,00:00:25:46,,,,,,,,,,,,
,134500856,24/09/2025 18:22,26/09/2025 17:06,USOUSD,Buy,0.500,0.00000,0.00000,64.89600,65.98200,0.0000,0.0000,108.6,543.00,4.30,"",0,01:22:43:31,,,,,,,,,,,,
,135021042,25/09/2025 10:47,26/09/2025 17:06,XAUUSD,Buy,0.200,0.00000,0.00000,3753.62000,3768.97000,0.0000,0.0000,1535.0,307.00,2.49,"",0,01:06:18:21,37.5,11h 21m,1372.0,0.33,2684.0,536.8000000000001,-889.0,-177.8,75.1,67.8,-1149.00,-229.80
,136330664,26/09/2025 16:28,26/09/2025 17:06,XAUUSD,Buy,0.300,0.00000,0.00000,3756.92000,3769.05000,0.0000,0.0000,1213.0,363.90,3.05,"",0,00:00:37:11,,,,,,,,,,,,
,135501044,25/09/2025 17:51,26/09/2025 17:04,XAUUSD,Buy,0.200,0.00000,3769.95000,3726.17000,3769.89000,0.0000,0.0000,4372.0,874.40,7.90,"[tp 3769.95]",0,00:23:12:45,100.0,23h 12m,1372.0,0.00,5429.0,1085.8,0.0,0.0,100.0,80.5,-1057.00,-211.40
,136168104,26/09/2025 13:54,26/09/2025 17:04,XAUUSD,Buy,0.300,0.00000,3769.84000,3744.75000,3769.98000,0.0000,0.0000,2523.0,756.90,7.34,"[tp 3769.84]",0,00:03:10:28,,,,,,,,,,,,
,134745907,25/09/2025 03:32,25/09/2025 17:51,XAUUSD,Sell,0.300,0.00000,0.00000,3748.95000,3726.19000,0.0000,0.0000,2276.0,682.80,7.09,"",0,00:14:19:28,,,,,,,,,,,,
,134887868,25/09/2025 07:33,25/09/2025 17:51,XAUUSD,Sell,0.200,0.00000,0.00000,3736.27000,3726.36000,0.0000,0.0000,991.0,198.20,2.10,"",0,00:10:18:12,,,,,,,,,,,,
,134512677,24/09/2025 18:32,25/09/2025 10:47,XAUUSD,Buy,0.300,0.00000,0.00000,3750.07000,3753.01000,0.0000,0.0000,294.0,88.20,0.94,"",0,00:16:15:27,75.0,12h 11m,1351.0,4.60,294.0,88.2,-1351.0,-405.3,17.9,100.0,0.00,0.00
,134480532,24/09/2025 18:58,25/09/2025 10:47,XAUUSD,Buy,0.200,0.00000,0.00000,3741.54000,3753.08000,0.0000,0.0000,1154.0,230.80,2.53,"",0,00:15:49:02,,,,,,,,,,,,
,134589670,24/09/2025 19:50,25/09/2025 03:31,XAUUSD,Buy,0.200,0.00000,0.00000,3735.42000,3749.66000,0.0000,0.0000,1424.0,284.80,3.23,"",0,00:07:41:14,,,,,,,,,,,,
,134589759,24/09/2025 21:57,25/09/2025 03:31,XAUUSD,Buy,0.200,0.00000,0.00000,3724.78000,3749.43000,0.0000,0.0000,2465.0,493.00,5.91,"",0,00:05:34:22,,,,,,,,,,,,
,133224884,23/09/2025 11:51,24/09/2025 18:37,XAUUSD,Sell,0.100,0.00000,0.00000,3774.34000,3747.35000,0.0000,0.0000,2699.0,269.90,3.35,"",0,01:06:45:32,87.5,1d 2h ,1722.0,0.07,4421.0,442.1,-305.0,-30.5,93.5,63.6,-1722.00,-172.20
,134267611,24/09/2025 14:42,24/09/2025 18:37,XAUUSD,Sell,0.200,0.00000,0.00000,3767.91000,3747.17000,0.0000,0.0000,2074.0,414.80,5.42,"",0,00:03:54:58,,,,,,,,,,,,
,133228763,23/09/2025 11:53,24/09/2025 18:36,XAUUSD,Sell,0.200,0.00000,0.00000,3773.06000,3747.22000,0.0000,0.0000,2584.0,516.80,7.24,"",0,01:06:43:13,87.5,1d 2h ,1709.0,0.10,4293.0,858.6,-433.0,-86.60000000000001,90.8,63.8,-1709.00,-341.80
,133285797,23/09/2025 12:29,24/09/2025 18:36,XAUUSD,Sell,0.200,0.00000,0.00000,3787.36000,3747.22000,0.0000,0.0000,4014.0,802.80,12.68,"",0,01:06:07:10,100.0,1d 6h ,1709.0,0.00,5723.0,1144.6000000000001,0.0,0.0,100.0,70.1,-1709.00,-341.80
,133562517,23/09/2025 17:45,24/09/2025 18:22,USOUSD,Buy,0.500,0.00000,0.00000,63.84800,64.86700,0.0000,0.0000,101.9,509.50,8.75,"",0,01:00:36:50,,,,,,,,,,,,
,134445828,24/09/2025 17:53,24/09/2025 18:14,XAUUSD,Buy,0.200,0.00000,0.00000,3751.16000,3752.40000,0.0000,0.0000,124.0,24.80,0.43,"",0,00:00:20:45,,,,,,,,,,,,
,133827760,24/09/2025 03:47,24/09/2025 09:17,XAUUSD,Buy,0.200,0.00000,0.00000,3762.98000,3773.59000,0.0000,0.0000,1061.0,212.20,3.80,"",0,00:05:30:03,,,,,,,,,,,,
,133340367,23/09/2025 13:52,23/09/2025 17:45,USOUSD,Buy,0.500,0.00000,0.00000,63.28800,63.82900,0.0000,0.0000,54.1,270.50,5.09,"",0,00:03:53:01,,,,,,,,,,,,
,133285829,23/09/2025 12:29,23/09/2025 13:40,USOUSD,Buy,0.500,0.00000,0.00000,62.87900,63.20000,0.0000,0.0000,32.1,160.50,3.11,"",0,00:01:10:30,,,,,,,,,,,,
,133224880,23/09/2025 11:51,23/09/2025 12:29,XAUUSD,Buy,0.100,0.00000,0.00000,3774.50000,3787.34000,0.0000,0.0000,1284.0,128.40,2.56,"",0,00:00:38:08,,,,,,,,,,,,
,133228751,23/09/2025 11:53,23/09/2025 12:29,XAUUSD,Buy,0.200,0.00000,0.00000,3772.96000,3787.45000,0.0000,0.0000,1449.0,289.80,6.12,"",0,00:00:35:51,,,,,,,,,,,,
,133226687,23/09/2025 11:52,23/09/2025 12:17,USOUSD,Buy,0.500,0.00000,0.00000,62.44900,62.75900,0.0000,0.0000,31.0,155.00,3.38,"",0,00:00:25:16,,,,,,,,,,,,
,123272023,23/09/2025 11:50,,,Deposit,0.000,0.00000,0.00000,0.00000,0.00000,0.0000,0.0000,0.0,4579.00,0,"Transfer In from 143041",0,00:00:00:00,,,,,,,,,,,,
,56859337,23/05/2025 14:51,,,Deposit,0.000,0.00000,0.00000,0.00000,0.00000,0.0000,0.0000,0.0,17.08,0,"Cash Adjustment - Debt W/O",0,00:00:00:00,,,,,,,,,,,,
,60990122,20/05/2025 17:10,23/05/2025 14:49,XAUUSD,Sell,0.010,0.00000,0.00000,3274.95000,3348.07000,0.0000,0.0000,-7312.0,-73.12,-98.77,"[so 13.89%/0.91/6.55]",0,02:21:39:12,,,,,,,,,,,,
,59971236,19/05/2025 04:54,20/05/2025 17:10,XAUUSD,Buy,0.010,0.00000,0.00000,3220.01000,3276.05000,0.0000,0.0000,5604.0,56.04,311.51,"",0,01:12:15:56,,,,,,,,,,,,
,53523674,16/05/2025 14:14,,,Deposit,0.000,0.00000,0.00000,0.00000,0.00000,0.0000,0.0000,0.0,191982.01,0,"Cash Adjustment - Debt W/O",0,00:00:00:00,,,,,,,,,,,,
,58390627,15/05/2025 02:11,16/05/2025 14:12,USOUSD,Buy,1.000,0.00000,0.00000,61.99400,61.79600,0.0000,0.0000,-19.8,-198.00,-91.67,"[so 14.51%/17.99/123.99]",0,01:12:01:31,,,,,,,,,,,,
,48297125,28/04/2025 04:49,16/05/2025 14:12,USOUSD,Buy,0.500,0.00000,0.00000,63.29600,61.81600,0.0000,0.0000,-148.0,-740.00,-77.41,"[so 16.28%/30.49/187.28]",0,18:09:22:50,,,,,,,,,,,,
,57586066,13/05/2025 19:03,16/05/2025 13:52,USOUSD,Buy,1.000,0.00000,0.00000,63.93200,61.83600,0.0000,0.0000,-209.6,-2096.00,-68.68,"[so 17.61%/55.49/315.15]",0,02:18:49:44,,,,,,,,,,,,
,45095184,22/04/2025 17:34,16/05/2025 13:52,XAUUSD,Buy,0.200,0.00000,0.00000,3437.00000,3173.82000,0.0000,0.0000,-26318.0,-5263.60,-63.30,"[so 17.78%/80.49/452.63]",0,23:20:18:32,0.0,0s,26318.0,0.00,0.0,0.0,-26318.0,-5263.6,0.0,0.0,-26318.00,-5263.60
,44734584,22/04/2025 10:54,16/05/2025 13:52,XAUUSD,Buy,0.200,0.00000,0.00000,3472.06000,3175.20000,0.0000,0.0000,-29686.0,-5937.20,-41.66,"[so 18.27%/108.09/591.51]",0,24:02:58:21,0.0,0s,29686.0,0.00,0.0,0.0,-29686.0,-5937.200000000001,0.0,0.0,-29686.00,-5937.20
,57930166,14/05/2025 10:40,16/05/2025 13:51,XAUUSD,Buy,1.000,0.00000,0.00000,3238.43000,3176.64000,0.0000,0.0000,-6179.0,-6179.00,-30.24,"[so 10.34%/128.19/1239.20]",0,02:03:11:28,,,,,,,,,,,,
,57585915,13/05/2025 19:02,16/05/2025 13:51,XAUUSD,Buy,1.000,0.00000,0.00000,3255.86000,3176.64000,0.0000,0.0000,-7922.0,-7922.00,-27.94,"[so 5.04%/128.19/2541.28]",0,02:18:49:04,,,,,,,,,,,,
,57317834,13/05/2025 11:49,16/05/2025 13:51,XAUUSD,Buy,1.000,0.00000,0.00000,3254.53000,3176.64000,0.0000,0.0000,-7789.0,-7789.00,-21.55,"[so 6.78%/128.19/1890.10]",0,03:02:02:35,,,,,,,,,,,,
,57273228,13/05/2025 09:52,16/05/2025 13:51,XAUUSD,Buy,1.000,0.00000,0.00000,3263.40000,3177.86000,0.0000,0.0000,-8554.0,-8554.00,-19.14,"[so 15.39%/542.99/3527.97]",0,03:03:59:26,,,,,,,,,,,,
,56140856,12/05/2025 01:45,16/05/2025 13:51,XAUUSD,Buy,1.000,0.00000,0.00000,3269.61000,3178.44000,0.0000,0.0000,-9117.0,-9117.00,-16.94,"[so 19.78%/827.19/4181.89]",0,04:12:06:00,0.0,0s,9117.0,10000.00,0.0,0.0,-9117.0,-9117.0,0.0,0.0,-9117.00,-9117.00
,55953986,09/05/2025 18:24,16/05/2025 13:51,XAUUSD,Buy,0.500,0.00000,0.00000,3340.11000,3177.86000,0.0000,0.0000,-16225.0,-8112.50,-13.10,"[so 18.88%/542.99/2875.29]",0,06:19:27:35,0.0,0s,16225.0,0.00,0.0,0.0,-16225.0,-8112.5,0.0,0.0,-16225.00,-8112.50
,54793388,08/05/2025 08:15,16/05/2025 13:51,XAUUSD,Buy,0.500,0.00000,0.00000,3375.40000,3178.44000,0.0000,0.0000,-19696.0,-9848.00,-13.72,"[so 18.30%/827.19/4519.43]",0,08:05:35:56,0.0,0s,19696.0,0.00,0.0,0.0,-19696.0,-9848.0,0.0,0.0,-19696.00,-9848.00
,54793387,08/05/2025 08:15,16/05/2025 13:51,XAUUSD,Buy,0.500,0.00000,0.00000,3375.40000,3178.59000,0.0000,0.0000,-19681.0,-9840.50,-12.06,"[so 19.26%/935.69/4856.97]",0,08:05:35:55,0.0,0s,19681.0,0.00,0.0,0.0,-19681.0,-9840.5,0.0,0.0,-19681.00,-9840.50
,54793386,08/05/2025 08:15,16/05/2025 13:51,XAUUSD,Buy,0.500,0.00000,0.00000,3375.40000,3178.59000,0.0000,0.0000,-19681.0,-9840.50,-10.76,"[so 18.01%/935.69/5194.51]",0,08:05:35:55,0.0,0s,19681.0,0.00,0.0,0.0,-19681.0,-9840.5,0.0,0.0,-19681.00,-9840.50
,54793394,08/05/2025 08:16,16/05/2025 13:51,XAUUSD,Buy,0.500,0.00000,0.00000,3375.41000,3178.81000,0.0000,0.0000,-19660.0,-9830.00,-9.71,"[so 19.86%/1098.49/5532.05]",0,08:05:35:53,0.0,0s,19660.0,0.00,0.0,0.0,-19660.0,-9830.0,0.0,0.0,-19660.00,-9830.00
,54793393,08/05/2025 08:15,16/05/2025 13:51,XAUUSD,Buy,0.500,0.00000,0.00000,3375.41000,3178.85000,0.0000,0.0000,-19656.0,-9828.00,-8.85,"[so 19.25%/1130.09/5869.59]",0,08:05:35:54,0.0,0s,19656.0,0.00,0.0,0.0,-19656.0,-9828.0,0.0,0.0,-19656.00,-9828.00
,54793392,08/05/2025 08:15,16/05/2025 13:51,XAUUSD,Buy,0.500,0.00000,0.00000,3375.41000,3178.94000,0.0000,0.0000,-19647.0,-9823.50,-8.12,"[so 19.42%/1205.69/6207.13]",0,08:05:35:49,0.0,0s,19647.0,0.00,0.0,0.0,-19647.0,-9823.5,0.0,0.0,-19647.00,-9823.50
,54793391,08/05/2025 08:15,16/05/2025 13:51,XAUUSD,Buy,0.500,0.00000,0.00000,3375.41000,3179.05000,0.0000,0.0000,-19636.0,-9818.00,-7.51,"[so 19.92%/1303.59/6544.67]",0,08:05:35:49,0.0,0s,19636.0,0.00,0.0,0.0,-19636.0,-9818.0,0.0,0.0,-19636.00,-9818.00
,54793390,08/05/2025 08:15,16/05/2025 13:51,XAUUSD,Buy,0.500,0.00000,0.00000,3375.41000,3179.05000,0.0000,0.0000,-19636.0,-9818.00,-6.98,"[so 18.94%/1303.59/6882.21]",0,08:05:35:49,0.0,0s,19636.0,0.00,0.0,0.0,-19636.0,-9818.0,0.0,0.0,-19636.00,-9818.00
,54756880,08/05/2025 07:13,16/05/2025 13:51,XAUUSD,Buy,0.500,0.00000,0.00000,3392.27000,3179.05000,0.0000,0.0000,-21322.0,-10661.00,-7.05,"[so 18.05%/1303.59/7221.44]",0,08:06:37:49,0.0,0s,21322.0,0.00,0.0,0.0,-21322.0,-10661.0,0.0,0.0,-21322.00,-10661.00
,54756981,08/05/2025 07:14,16/05/2025 13:51,XAUUSD,Buy,0.500,0.00000,0.00000,3392.64000,3179.21000,0.0000,0.0000,-21343.0,-10671.50,-6.59,"[so 19.77%/1494.99/7560.71]",0,08:06:37:12,0.0,0s,21343.0,0.00,0.0,0.0,-21343.0,-10671.5,0.0,0.0,-21343.00,-10671.50
,54756976,08/05/2025 07:14,16/05/2025 13:51,XAUUSD,Buy,0.500,0.00000,0.00000,3392.64000,3179.27000,0.0000,0.0000,-21337.0,-10668.50,-6.18,"[so 19.75%/1560.39/7899.97]",0,08:06:37:12,0.0,0s,21337.0,0.00,0.0,0.0,-21337.0,-10668.5,0.0,0.0,-21337.00,-10668.50
,54756982,08/05/2025 07:14,16/05/2025 13:51,XAUUSD,Buy,0.500,0.00000,0.00000,3392.75000,3179.32000,0.0000,0.0000,-21343.0,-10671.50,-5.82,"[so 19.48%/1604.89/8239.24]",0,08:06:37:06,0.0,0s,21343.0,0.00,0.0,0.0,-21343.0,-10671.5,0.0,0.0,-21343.00,-10671.50
,54716777,08/05/2025 06:06,16/05/2025 13:51,XAUUSD,Buy,0.500,0.00000,0.00000,3400.99000,3179.32000,0.0000,0.0000,-22167.0,-11083.50,-5.70,"[so 18.71%/1604.89/8579.34]",0,08:07:44:36,0.0,0s,22167.0,0.00,0.0,0.0,-22167.0,-11083.5,0.0,0.0,-22167.00,-11083.50
,54691585,08/05/2025 05:18,16/05/2025 13:51,XAUUSD,Buy,0.500,0.00000,0.00000,3413.07000,3179.32000,0.0000,0.0000,-23375.0,-11687.50,-5.67,"[so 17.33%/1604.89/9261.19]",0,08:08:32:40,0.0,0s,23375.0,0.00,0.0,0.0,-23375.0,-11687.5,0.0,0.0,-23375.00,-11687.50
,53737936,07/05/2025 01:20,16/05/2025 13:51,XAUUSD,Buy,0.500,0.00000,0.00000,3405.37000,3179.32000,0.0000,0.0000,-22605.0,-11302.50,-5.20,"[so 17.99%/1604.89/8919.88]",0,09:12:31:00,0.0,0s,22605.0,0.00,0.0,0.0,-22605.0,-11302.5,0.0,0.0,-22605.00,-11302.50
,53714226,07/05/2025 01:03,16/05/2025 13:51,XAUUSD,Buy,0.500,0.00000,0.00000,3421.96000,3179.32000,0.0000,0.0000,-24264.0,-12132.00,-5.29,"[so 16.71%/1604.89/9603.38]",0,09:12:48:29,0.0,0s,24264.0,0.00,0.0,0.0,-24264.0,-12132.0,0.0,0.0,-24264.00,-12132.00
,53710550,07/05/2025 01:01,16/05/2025 13:51,XAUUSD,Buy,0.500,0.00000,0.00000,3427.83000,3179.32000,0.0000,0.0000,-24851.0,-12425.50,-5.14,"[so 16.14%/1604.89/9946.17]",0,09:12:49:38,0.0,0s,24851.0,0.00,0.0,0.0,-24851.0,-12425.5,0.0,0.0,-24851.00,-12425.50
,55217178,08/05/2025 18:26,16/05/2025 13:51,XAUUSD,Buy,1.000,0.00000,0.00000,3341.20000,3179.66000,0.0000,0.0000,-16154.0,-16154.00,-6.26,"[so 19.73%/2094.49/10614.41]",0,07:19:25:07,0.0,0s,16154.0,0.00,0.0,0.0,-16154.0,-16154.0,0.0,0.0,-16154.00,-16154.00
,55217156,08/05/2025 18:26,16/05/2025 13:51,XAUUSD,Buy,1.000,0.00000,0.00000,3341.26000,3179.74000,0.0000,0.0000,-16152.0,-16152.00,-5.89,"[so 19.54%/2205.19/11282.66]",0,07:19:25:08,0.0,0s,16152.0,0.00,0.0,0.0,-16152.0,-16152.0,0.0,0.0,-16152.00,-16152.00
,59375410,16/05/2025 10:42,16/05/2025 13:51,XAUUSD,Buy,5.000,0.00000,0.00000,3214.67000,3179.94000,0.0000,0.0000,-3473.0,-17365.00,-5.96,"[so 17.47%/2533.19/14497.33]",0,00:03:08:33,,,,,,,,,,,,
,55157896,08/05/2025 17:10,16/05/2025 13:51,XAUUSD,Buy,1.000,0.00000,0.00000,3361.47000,3179.94000,0.0000,0.0000,-18153.0,-18153.00,-5.86,"[so 15.34%/2533.19/16513.27]",0,07:20:41:13,0.0,0s,18153.0,0.00,0.0,0.0,-18153.0,-18153.0,0.0,0.0,-18153.00,-18153.00
,55157895,08/05/2025 17:10,16/05/2025 13:51,XAUUSD,Buy,1.000,0.00000,0.00000,3361.47000,3179.94000,0.0000,0.0000,-18153.0,-18153.00,-5.54,"[so 14.74%/2533.19/17185.57]",0,07:20:41:13,0.0,0s,18153.0,0.00,0.0,0.0,-18153.0,-18153.0,0.0,0.0,-18153.00,-18153.00
,55155153,08/05/2025 17:06,16/05/2025 13:51,XAUUSD,Buy,1.000,0.00000,0.00000,3357.12000,3179.94000,0.0000,0.0000,-17718.0,-17718.00,-5.13,"[so 16.70%/2533.19/15168.75]",0,07:20:44:56,0.0,0s,17718.0,0.00,0.0,0.0,-17718.0,-17718.0,0.0,0.0,-17718.00,-17718.00
,55142942,08/05/2025 16:52,16/05/2025 13:51,XAUUSD,Buy,1.000,0.00000,0.00000,3361.13000,3179.94000,0.0000,0.0000,-18119.0,-18119.00,-4.98,"[so 15.99%/2533.19/15840.98]",0,07:20:58:57,0.0,0s,18119.0,0.00,0.0,0.0,-18119.0,-18119.0,0.0,0.0,-18119.00,-18119.00
,59165830,16/05/2025 03:53,16/05/2025 13:51,XAUUSD,Buy,5.000,0.00000,0.00000,3240.39000,3180.53000,0.0000,0.0000,-5986.0,-29930.00,-7.60,"[so 19.74%/4031.79/20425.96]",0,00:09:58:12,,,,,,,,,,,,
,59460753,16/05/2025 13:36,16/05/2025 13:51,XAUUSD,Buy,20.000,0.00000,0.00000,3198.35000,3181.17000,0.0000,0.0000,-1718.0,-34360.00,-8.03,"[so 17.99%/5977.39/33219.36]",0,00:00:14:39,,,,,,,,,,,,
,59394742,16/05/2025 11:14,16/05/2025 13:51,XAUUSD,Buy,20.000,0.00000,0.00000,3199.72000,3181.31000,0.0000,0.0000,-1841.0,-36820.00,-7.92,"[so 14.52%/6682.99/46018.24]",0,00:02:37:05,,,,,,,,,,,,
,55967184,09/05/2025 18:58,16/05/2025 13:51,XAUUSD,Buy,5.000,0.00000,0.00000,3344.81000,3181.31000,0.0000,0.0000,-16350.0,-81750.00,-14.96,"[so 13.54%/6682.99/49363.05]",0,06:18:52:57,0.0,0s,16350.0,0.00,0.0,0.0,-16350.0,-81750.0,0.0,0.0,-16350.00,-81750.00
,59388132,16/05/2025 11:06,16/05/2025 13:49,XAUUSD,Buy,20.000,3187.56000,0.00000,3207.99000,3187.65000,0.0000,0.0000,-2034.0,-40680.00,-6.93,"[sl 3187.56]",0,00:02:43:09,,,,,,,,,,,,
,59386153,16/05/2025 11:02,16/05/2025 11:05,XAUUSD,Sell,20.000,3207.88000,0.00000,3205.44000,3208.43000,0.0000,0.0000,-299.0,-5980.00,-1.01,"[sl 3207.88]",0,00:00:03:23,,,,,,,,,,,,
,59184408,16/05/2025 04:20,16/05/2025 10:32,XAUUSD,Sell,20.000,0.00000,0.00000,3223.39000,3209.30000,0.0000,0.0000,1409.0,28180.00,4.99,"",0,00:06:12:43,,,,,,,,,,,,
,59198812,16/05/2025 04:46,16/05/2025 10:32,XAUUSD,Sell,20.000,0.00000,0.00000,3219.09000,3209.39000,0.0000,0.0000,970.0,19400.00,3.56,"",0,00:05:46:18,,,,,,,,,,,,
,59183639,16/05/2025 04:19,16/05/2025 10:32,XAUUSD,Sell,20.000,0.00000,0.00000,3226.06000,3209.40000,0.0000,0.0000,1666.0,33320.00,6.50,"",0,00:06:13:18,,,,,,,,,,,,
,59181187,16/05/2025 04:16,16/05/2025 04:18,XAUUSD,Sell,20.000,0.00000,0.00000,3227.73000,3226.12000,0.0000,0.0000,161.0,3220.00,0.63,"",0,00:00:01:49,,,,,,,,,,,,
,59147810,16/05/2025 03:13,16/05/2025 03:52,XAUUSD,Sell,20.000,0.00000,0.00000,3235.97000,3238.35000,0.0000,0.0000,-238.0,-4760.00,-0.93,"",0,00:00:39:11,,,,,,,,,,,,
,56141307,12/05/2025 01:46,16/05/2025 03:52,XAUUSD,Buy,1.000,0.00000,0.00000,3271.91000,3237.51000,0.0000,0.0000,-3440.0,-3440.00,-0.67,"",0,04:02:05:49,0.0,0s,8582.0,10000.00,0.0,0.0,-8582.0,-8582.0,0.0,59.9,-3440.00,-3440.00
,53738188,07/05/2025 01:21,16/05/2025 03:51,XAUUSD,Buy,0.200,0.00000,0.00000,3407.43000,3237.52000,0.0000,0.0000,-16991.0,-3398.20,-0.65,"",0,09:02:30:43,0.0,0s,22134.0,0.00,0.0,0.0,-22134.0,-4426.8,0.0,23.2,-16991.00,-3398.20
,45856335,23/04/2025 12:39,16/05/2025 03:51,USOUSD,Buy,1.000,0.00000,0.00000,64.92800,61.66100,0.0000,0.0000,-326.7,-3267.00,-0.62,"",0,22:15:12:02,,,,,,,,,,,,
,59128837,16/05/2025 02:19,16/05/2025 03:51,XAUUSD,Sell,20.000,0.00000,0.00000,3244.50000,3237.62000,0.0000,0.0000,688.0,13760.00,2.70,"",0,00:01:32:26,,,,,,,,,,,,
,58893072,15/05/2025 16:15,16/05/2025 02:13,XAUUSD,Sell,5.000,0.00000,0.00000,3197.45000,3248.18000,0.0000,0.0000,-5073.0,-25365.00,-4.74,"",0,00:09:58:04,,,,,,,,,,,,
,58893020,15/05/2025 16:10,16/05/2025 02:13,XAUUSD,Sell,5.000,0.00000,0.00000,3193.33000,3248.19000,0.0000,0.0000,-5486.0,-27430.00,-4.87,"",0,00:10:02:46,,,,,,,,,,,,
,59008806,15/05/2025 18:54,16/05/2025 02:13,XAUUSD,Sell,10.000,0.00000,0.00000,3217.66000,3248.17000,0.0000,0.0000,-3051.0,-30510.00,-5.14,"",0,00:07:19:09,,,,,,,,,,,,
,58995155,15/05/2025 18:26,16/05/2025 02:13,XAUUSD,Sell,10.000,0.00000,0.00000,3215.64000,3247.98000,0.0000,0.0000,-3234.0,-32340.00,-5.17,"",0,00:07:47:21,,,,,,,,,,,,
,58854566,15/05/2025 15:59,16/05/2025 02:13,XAUUSD,Sell,10.000,0.00000,0.00000,3189.65000,3247.74000,0.0000,0.0000,-5809.0,-58090.00,-8.49,"",0,00:10:14:04,,,,,,,,,,,,
,58844954,15/05/2025 15:09,16/05/2025 02:13,XAUUSD,Sell,10.000,0.00000,0.00000,3181.57000,3247.71000,0.0000,0.0000,-6614.0,-66140.00,-8.82,"",0,00:11:04:04,,,,,,,,,,,,
,58792632,15/05/2025 13:11,16/05/2025 02:12,XAUUSD,Sell,10.000,0.00000,0.00000,3172.41000,3246.95000,0.0000,0.0000,-7454.0,-74540.00,-9.04,"",0,00:13:01:21,,,,,,,,,,,,
,58744802,15/05/2025 12:20,16/05/2025 02:12,XAUUSD,Sell,10.000,0.00000,0.00000,3170.34000,3246.15000,0.0000,0.0000,-7581.0,-75810.00,-8.42,"",0,00:13:51:32,,,,,,,,,,,,
,58803491,15/05/2025 13:32,16/05/2025 02:12,XAUUSD,Sell,20.000,0.00000,0.00000,3177.46000,3246.14000,0.0000,0.0000,-6868.0,-137360.00,-13.24,"",0,00:12:39:35,,,,,,,,,,,,
,58716362,15/05/2025 11:06,16/05/2025 02:12,XAUUSD,Sell,20.000,0.00000,0.00000,3146.89000,3245.95000,0.0000,0.0000,-9906.0,-198120.00,-16.03,"",0,00:15:05:58,,,,,,,,,,,,
,58684555,15/05/2025 10:28,16/05/2025 02:12,XAUUSD,Sell,20.000,0.00000,0.00000,3142.03000,3246.15000,0.0000,0.0000,-10412.0,-208240.00,-14.42,"",0,00:15:43:29,,,,,,,,,,,,
,58705644,15/05/2025 10:51,16/05/2025 02:11,XAUUSD,Sell,20.000,0.00000,0.00000,3138.30000,3246.01000,0.0000,0.0000,-10771.0,-215420.00,-12.98,"",0,00:15:20:07,,,,,,,,,,,,
,58522535,15/05/2025 09:56,16/05/2025 02:10,USOUSD,Buy,1.000,0.00000,0.00000,61.06900,61.70600,0.0000,0.0000,63.7,637.00,0.04,"",0,00:16:14:24,,,,,,,,,,,,
,57947646,14/05/2025 11:07,16/05/2025 02:10,XAUUSD,Buy,5.000,0.00000,0.00000,3242.41000,3244.41000,0.0000,0.0000,200.0,1000.00,0.06,"",0,01:15:03:08,,,,,,,,,,,,
,57867705,14/05/2025 08:56,16/05/2025 02:10,XAUUSD,Buy,1.000,0.00000,0.00000,3232.92000,3244.56000,0.0000,0.0000,1164.0,1164.00,0.07,"",0,01:17:14:03,,,,,,,,,,,,
,58026973,14/05/2025 13:38,16/05/2025 02:10,XAUUSD,Buy,2.000,0.00000,0.00000,3232.29000,3244.62000,0.0000,0.0000,1233.0,2466.00,0.15,"",0,01:12:31:53,,,,,,,,,,,,
,58060405,14/05/2025 14:54,16/05/2025 02:10,XAUUSD,Buy,2.000,0.00000,0.00000,3226.84000,3244.88000,0.0000,0.0000,1804.0,3608.00,0.22,"",0,01:11:16:11,,,,,,,,,,,,
,58062685,14/05/2025 14:56,16/05/2025 02:10,XAUUSD,Buy,5.000,0.00000,0.00000,3224.34000,3245.06000,0.0000,0.0000,2072.0,10360.00,0.63,"",0,01:11:14:32,,,,,,,,,,,,
,58024862,14/05/2025 15:02,15/05/2025 20:18,XAUUSD,Buy,5.000,0.00000,0.00000,3216.91000,3225.25000,0.0000,0.0000,834.0,4170.00,0.25,"",0,01:05:16:22,,,,,,,,,,,,
,58971428,15/05/2025 17:50,15/05/2025 18:25,XAUUSD,Buy,10.000,0.00000,0.00000,3203.81000,3215.99000,0.0000,0.0000,1218.0,12180.00,0.75,"",0,00:00:34:59,,,,,,,,,,,,
,57391920,14/05/2025 15:45,15/05/2025 17:42,XAUUSD,Buy,10.000,0.00000,0.00000,3198.90000,3203.68000,0.0000,0.0000,478.0,4780.00,0.30,"",0,01:01:56:21,,,,,,,,,,,,
,52991753,15/05/2025 17:17,,,Deposit,0.000,0.00000,0.00000,0.00000,0.00000,0.0000,0.0000,0.0,300000.00,0,"Deposit-TH-QR-CPS-APP",0,00:00:00:00,,,,,,,,,,,,
,58893117,15/05/2025 16:10,15/05/2025 16:22,XAUUSD,Buy,5.000,0.00000,0.00000,3192.61000,3197.05000,0.0000,0.0000,444.0,2220.00,0.18,"",0,00:00:11:47,,,,,,,,,,,,
,58130808,14/05/2025 15:57,15/05/2025 16:10,XAUUSD,Buy,5.000,0.00000,0.00000,3186.63000,3193.86000,0.0000,0.0000,723.0,3615.00,0.29,"",0,01:00:12:51,,,,,,,,,,,,
,58764172,15/05/2025 12:21,15/05/2025 15:28,XAUUSD,Buy,1.000,0.00000,0.00000,3169.15000,3181.14000,0.0000,0.0000,1199.0,1199.00,0.10,"",0,00:03:07:36,,,,,,,,,,,,
,58755437,15/05/2025 12:09,15/05/2025 12:21,XAUUSD,Buy,1.000,0.00000,0.00000,3164.66000,3169.77000,0.0000,0.0000,511.0,511.00,0.04,"",0,00:00:11:07,,,,,,,,,,,,
,58499731,15/05/2025 05:38,15/05/2025 12:08,XAUUSD,Buy,1.000,0.00000,0.00000,3160.21000,3163.26000,0.0000,0.0000,305.0,305.00,0.02,"",0,00:06:29:12,,,,,,,,,,,,
,58739356,15/05/2025 11:41,15/05/2025 12:04,XAUUSD,Buy,2.000,0.00000,0.00000,3158.40000,3160.52000,0.0000,0.0000,212.0,424.00,0.03,"",0,00:00:22:53,,,,,,,,,,,,
,58635522,15/05/2025 09:23,15/05/2025 09:39,XAUUSD,Buy,1.000,0.00000,0.00000,3135.64000,3147.41000,0.0000,0.0000,1177.0,1177.00,0.09,"",0,00:00:15:31,,,,,,,,,,,,
,52638482,15/05/2025 08:37,,,Deposit,0.000,0.00000,0.00000,0.00000,0.00000,0.0000,0.0000,0.0,200000.00,0,"Deposit-TH-QR-CPS-APP",0,00:00:00:00,,,,,,,,,,,,
,58563539,15/05/2025 07:44,15/05/2025 07:45,XAUUSD,Sell,5.000,0.00000,0.00000,3143.84000,3142.87000,0.0000,0.0000,97.0,485.00,0.05,"",0,00:00:01:29,,,,,,,,,,,,
,58522882,15/05/2025 06:12,15/05/2025 07:40,XAUUSD,Sell,5.000,0.00000,0.00000,3151.67000,3147.21000,0.0000,0.0000,446.0,2230.00,0.22,"",0,00:01:27:27,,,,,,,,,,,,
,58529103,15/05/2025 06:21,15/05/2025 07:40,XAUUSD,Sell,5.000,0.00000,0.00000,3149.11000,3147.14000,0.0000,0.0000,197.0,985.00,0.10,"",0,00:01:18:33,,,,,,,,,,,,
,56912609,12/05/2025 19:21,15/05/2025 06:19,VIX.R,Buy,0.100,0.00000,0.00000,19.10700,18.83400,0.0000,0.0000,-0.3,-2730.00,-0.27,"",0,02:10:58:14,,,,,,,,,,,,
,56913802,13/05/2025 16:14,15/05/2025 06:19,VIX.R,Buy,0.100,0.00000,0.00000,18.20700,18.83400,0.0000,0.0000,0.6,6270.00,0.63,"",0,01:14:04:24,,,,,,,,,,,,
,58511239,15/05/2025 05:50,15/05/2025 05:52,XAUUSD,Buy,5.000,0.00000,0.00000,3150.61000,3155.34000,0.0000,0.0000,473.0,2365.00,0.24,"",0,00:00:01:30,,,,,,,,,,,,
,52549292,15/05/2025 05:43,,,Deposit,0.000,0.00000,0.00000,0.00000,0.00000,0.0000,0.0000,0.0,200000.00,0,"Deposit-TH-QR-CPS-APP",0,00:00:00:00,,,,,,,,,,,,
,57497041,13/05/2025 16:46,14/05/2025 16:14,USOUSD,Buy,0.500,0.00000,0.00000,62.75200,63.20600,0.0000,0.0000,45.4,227.00,0.03,"",0,00:23:28:22,,,,,,,,,,,,
,52183084,14/05/2025 16:00,,,Deposit,0.000,0.00000,0.00000,0.00000,0.00000,0.0000,0.0000,0.0,100000.00,0,"Deposit-TH-QR-CPS-APP",0,00:00:00:00,,,,,,,,,,,,
,52155604,14/05/2025 15:41,,,Deposit,0.000,0.00000,0.00000,0.00000,0.00000,0.0000,0.0000,0.0,100000.00,0,"Deposit-TH-QR-CPS-APP",0,00:00:00:00,,,,,,,,,,,,
,57930812,14/05/2025 10:41,14/05/2025 13:32,XAUUSD,Sell,5.000,0.00000,0.00000,3238.35000,3234.50000,0.0000,0.0000,385.0,1925.00,0.37,"",0,00:02:50:31,,,,,,,,,,,,
,57949560,14/05/2025 11:08,14/05/2025 13:32,XAUUSD,Sell,5.000,0.00000,0.00000,3242.57000,3234.17000,0.0000,0.0000,840.0,4200.00,0.82,"",0,00:02:23:16,,,,,,,,,,,,
,57856987,14/05/2025 08:53,14/05/2025 10:40,XAUUSD,Sell,1.000,0.00000,0.00000,3233.92000,3238.27000,0.0000,0.0000,-435.0,-435.00,-0.08,"",0,00:01:46:36,,,,,,,,,,,,
,57835528,14/05/2025 07:54,14/05/2025 10:39,XAUUSD,Sell,1.000,3238.40000,0.00000,3224.41000,3238.47000,0.0000,0.0000,-1406.0,-1406.00,-0.27,"[sl 3238.40]",0,00:02:44:35,,,,,,,,,,,,
,57861347,14/05/2025 08:46,14/05/2025 10:39,XAUUSD,Sell,1.000,3238.13000,0.00000,3230.59000,3238.33000,0.0000,0.0000,-774.0,-774.00,-0.15,"[sl 3238.13]",0,00:01:52:44,,,,,,,,,,,,
,57810694,14/05/2025 06:59,14/05/2025 08:56,XAUUSD,Buy,1.000,0.00000,0.00000,3227.75000,3233.14000,0.0000,0.0000,539.0,539.00,0.10,"",0,00:01:57:09,,,,,,,,,,,,
,57689272,14/05/2025 03:12,14/05/2025 07:31,XAUUSD,Sell,1.000,0.00000,0.00000,3245.13000,3227.09000,0.0000,0.0000,1804.0,1804.00,0.35,"",0,00:04:19:00,,,,,,,,,,,,
,57543106,13/05/2025 17:41,14/05/2025 03:09,XAUUSD,Buy,1.000,0.00000,0.00000,3246.04000,3246.92000,0.0000,0.0000,88.0,88.00,0.02,"",0,00:09:27:58,,,,,,,,,,,,
,57517234,13/05/2025 17:08,13/05/2025 17:40,XAUUSD,Buy,1.000,0.00000,0.00000,3232.83000,3241.75000,0.0000,0.0000,892.0,892.00,0.17,"",0,00:00:32:10,,,,,,,,,,,,
,56548992,12/05/2025 11:24,13/05/2025 16:13,USOUSD,Buy,0.500,0.00000,0.00000,62.40300,62.74300,0.0000,0.0000,34.0,170.00,0.03,"",0,01:04:49:56,,,,,,,,,,,,
,57274465,13/05/2025 09:56,13/05/2025 16:13,USOUSD,Buy,0.500,0.00000,0.00000,62.08200,62.75300,0.0000,0.0000,67.1,335.50,0.07,"",0,00:06:17:48,,,,,,,,,,,,
,57418939,13/05/2025 15:31,13/05/2025 16:03,XAUUSD,Buy,1.000,0.00000,0.00000,3243.06000,3244.18000,0.0000,0.0000,112.0,112.00,0.02,"",0,00:00:32:13,,,,,,,,,,,,
,57294566,13/05/2025 10:44,13/05/2025 11:19,XAUUSD,Buy,1.000,0.00000,0.00000,3256.49000,3258.28000,0.0000,0.0000,179.0,179.00,0.03,"",0,00:00:34:46,,,,,,,,,,,,
,56914936,12/05/2025 19:24,13/05/2025 09:52,XAUUSD,Buy,1.000,0.00000,0.00000,3226.45000,3262.81000,0.0000,0.0000,3636.0,3636.00,0.71,"",0,00:14:27:53,,,,,,,,,,,,
,56756531,12/05/2025 16:11,13/05/2025 09:52,XAUUSD,Buy,5.000,0.00000,0.00000,3241.00000,3262.69000,0.0000,0.0000,2169.0,10845.00,2.18,"",0,00:17:41:03,,,,,,,,,,,,
,56451983,12/05/2025 10:09,13/05/2025 09:52,XAUUSD,Buy,10.000,0.00000,0.00000,3246.87000,3262.56000,0.0000,0.0000,1569.0,15690.00,3.25,"",0,00:23:42:26,,,,,,,,,,,,
,56609541,12/05/2025 12:58,13/05/2025 09:52,XAUUSD,Buy,5.000,0.00000,0.00000,3216.30000,3262.56000,0.0000,0.0000,4626.0,23130.00,5.04,"",0,00:20:53:19,,,,,,,,,,,,
,56903213,12/05/2025 19:03,12/05/2025 19:18,VIX.R,Buy,1.000,19.09400,0.00000,19.30700,19.09400,0.0000,0.0000,-0.2,-21300.00,-4.43,"[sl 19.094]",0,00:00:14:47,,,,,,,,,,,,
,56529794,12/05/2025 11:01,12/05/2025 11:58,XAUUSD,Buy,5.000,0.00000,0.00000,3224.64000,3230.66000,0.0000,0.0000,602.0,3010.00,0.63,"",0,00:00:57:06,,,,,,,,,,,,
,48849078,28/04/2025 17:27,12/05/2025 10:09,USOUSD,Buy,0.500,0.00000,0.00000,62.66600,63.04900,0.0000,0.0000,38.3,191.50,0.04,"",0,13:16:41:52,,,,,,,,,,,,
,49366640,29/04/2025 09:52,12/05/2025 10:09,USOUSD,Buy,0.500,0.00000,0.00000,61.75000,63.06900,0.0000,0.0000,131.9,659.50,0.14,"",0,13:00:16:08,,,,,,,,,,,,
,49679020,29/04/2025 17:13,12/05/2025 10:08,USOUSD,Buy,0.500,0.00000,0.00000,61.04000,63.11400,0.0000,0.0000,207.4,1037.00,0.22,"",0,12:16:55:14,,,,,,,,,,,,
,55870045,09/05/2025 16:30,12/05/2025 10:08,USOUSD,Buy,0.500,0.00000,0.00000,60.57700,63.13400,0.0000,0.0000,255.7,1278.50,0.27,"",0,02:17:38:03,,,,,,,,,,,,
,55800306,09/05/2025 14:29,12/05/2025 01:45,XAUUSD,Sell,0.500,0.00000,0.00000,3334.67000,3267.95000,0.0000,0.0000,6672.0,3336.00,0.71,"",0,02:11:16:05,,,,,,,,,,,,
,55929937,09/05/2025 17:37,12/05/2025 01:45,XAUUSD,Sell,5.000,0.00000,0.00000,3338.96000,3267.31000,0.0000,0.0000,7165.0,35825.00,8.24,"",0,02:08:07:21,,,,,,,,,,,,
,55961013,09/05/2025 18:39,12/05/2025 01:45,XAUUSD,Sell,5.000,0.00000,0.00000,3344.63000,3269.29000,0.0000,0.0000,7534.0,37670.00,9.48,"",0,02:07:06:14,,,,,,,,,,,,
,55869454,09/05/2025 16:30,12/05/2025 01:01,XAUUSD,Sell,10.000,0.00000,3280.48000,3339.26000,3289.10000,0.0000,0.0000,5016.0,50160.00,14.45,"[tp 3280.48]",0,02:08:30:58,,,,,,,,,,,,
,55800276,09/05/2025 14:29,12/05/2025 01:01,XAUUSD,Sell,0.500,0.00000,3280.48000,3334.75000,3289.10000,0.0000,0.0000,4565.0,2282.50,0.66,"[tp 3280.48]",0,02:10:31:51,,,,,,,,,,,,
,55800299,09/05/2025 14:29,12/05/2025 01:01,XAUUSD,Sell,0.500,0.00000,3282.11000,3334.65000,3280.82000,0.0000,0.0000,5383.0,2691.50,0.79,"[tp 3282.11]",0,02:10:31:43,,,,,,,,,,,,
,55600586,09/05/2025 08:01,12/05/2025 01:01,XAUUSD,Sell,10.000,0.00000,3281.65000,3327.42000,3280.82000,0.0000,0.0000,4660.0,46600.00,15.77,"[tp 3281.65]",0,02:16:59:49,,,,,,,,,,,,
,55587800,09/05/2025 07:39,12/05/2025 01:01,XAUUSD,Sell,10.000,0.00000,3282.70000,3314.71000,3280.82000,0.0000,0.0000,3389.0,33890.00,12.95,"[tp 3282.70]",0,02:17:21:27,,,,,,,,,,,,
,55864169,09/05/2025 16:23,09/05/2025 18:23,XAUUSD,Buy,1.000,0.00000,0.00000,3336.46000,3340.28000,0.0000,0.0000,382.0,382.00,0.15,"",0,00:01:59:51,,,,,,,,,,,,
,55239285,08/05/2025 18:46,09/05/2025 18:23,XAUUSD,Buy,1.000,0.00000,0.00000,3335.26000,3340.17000,0.0000,0.0000,491.0,491.00,0.19,"",0,00:23:37:12,,,,,,,,,,,,
,55246927,08/05/2025 18:52,09/05/2025 14:30,XAUUSD,Buy,1.000,0.00000,0.00000,3328.70000,3334.82000,0.0000,0.0000,612.0,612.00,0.24,"",0,00:19:37:47,,,,,,,,,,,,
,55600689,09/05/2025 08:01,09/05/2025 14:30,XAUUSD,Buy,1.000,0.00000,0.00000,3327.23000,3335.10000,0.0000,0.0000,787.0,787.00,0.30,"",0,00:06:28:42,,,,,,,,,,,,
,55600688,09/05/2025 08:01,09/05/2025 14:30,XAUUSD,Buy,1.000,0.00000,0.00000,3327.19000,3334.79000,0.0000,0.0000,760.0,760.00,0.29,"",0,00:06:28:40,,,,,,,,,,,,
,49862323,30/04/2025 02:21,09/05/2025 14:25,USOUSD,Buy,0.500,0.00000,0.00000,60.52400,61.32800,0.0000,0.0000,80.4,402.00,0.16,"",0,09:12:04:14,,,,,,,,,,,,
,49862313,30/04/2025 02:21,09/05/2025 14:25,USOUSD,Buy,0.500,0.00000,0.00000,60.52400,61.32800,0.0000,0.0000,80.4,402.00,0.16,"",0,09:12:04:19,,,,,,,,,,,,
,49840438,30/04/2025 01:00,09/05/2025 14:25,USOUSD,Buy,0.500,0.00000,0.00000,60.42400,61.32800,0.0000,0.0000,90.4,452.00,0.18,"",0,09:13:24:41,,,,,,,,,,,,
,51636064,02/05/2025 08:08,09/05/2025 14:25,USOUSD,Buy,0.500,0.00000,0.00000,59.84600,61.32800,0.0000,0.0000,148.2,741.00,0.29,"",0,07:06:17:03,,,,,,,,,,,,
,53738769,07/05/2025 01:21,09/05/2025 14:25,USOUSD,Buy,0.500,0.00000,0.00000,59.82400,61.32800,0.0000,0.0000,150.4,752.00,0.29,"",0,02:13:03:57,,,,,,,,,,,,
,53989114,07/05/2025 06:39,09/05/2025 14:25,USOUSD,Buy,0.500,0.00000,0.00000,59.70900,61.32800,0.0000,0.0000,161.9,809.50,0.32,"",0,02:07:46:08,,,,,,,,,,,,
,54222662,07/05/2025 13:43,09/05/2025 14:25,USOUSD,Buy,0.500,0.00000,0.00000,59.46900,61.31800,0.0000,0.0000,184.9,924.50,0.36,"",0,02:00:41:58,,,,,,,,,,,,
,54899745,08/05/2025 19:11,09/05/2025 08:01,XAUUSD,Buy,1.000,0.00000,0.00000,3319.84000,3327.05000,0.0000,0.0000,721.0,721.00,0.28,"",0,00:12:49:59,,,,,,,,,,,,
,55588208,09/05/2025 07:40,09/05/2025 08:01,XAUUSD,Buy,1.000,0.00000,0.00000,3315.16000,3327.51000,0.0000,0.0000,1235.0,1235.00,0.49,"",0,00:00:20:55,,,,,,,,,,,,
,55266491,08/05/2025 19:14,09/05/2025 07:40,XAUUSD,Buy,1.000,0.00000,0.00000,3311.88000,3314.93000,0.0000,0.0000,305.0,305.00,0.12,"",0,00:12:25:34,,,,,,,,,,,,
,55266496,08/05/2025 19:14,09/05/2025 07:40,XAUUSD,Buy,1.000,0.00000,0.00000,3311.83000,3315.19000,0.0000,0.0000,336.0,336.00,0.13,"",0,00:12:25:32,,,,,,,,,,,,
,55266501,08/05/2025 19:14,09/05/2025 07:40,XAUUSD,Buy,1.000,0.00000,0.00000,3311.81000,3315.00000,0.0000,0.0000,319.0,319.00,0.13,"",0,00:12:25:29,,,,,,,,,,,,
,55275378,08/05/2025 19:21,09/05/2025 07:39,XAUUSD,Buy,1.000,0.00000,0.00000,3306.17000,3315.19000,0.0000,0.0000,902.0,902.00,0.36,"",0,00:12:18:47,,,,,,,,,,,,
,55551824,09/05/2025 06:11,09/05/2025 07:04,XAUUSD,Sell,10.000,3313.81000,0.00000,3304.75000,3313.97000,0.0000,0.0000,-922.0,-9220.00,-3.55,"[sl 3313.81]",0,00:00:52:39,,,,,,,,,,,,
,55483706,09/05/2025 04:38,09/05/2025 05:43,XAUUSD,Buy,1.000,0.00000,0.00000,3288.60000,3291.46000,0.0000,0.0000,286.0,286.00,0.11,"",0,00:01:04:44,,,,,,,,,,,,
,55483711,09/05/2025 04:38,09/05/2025 05:43,XAUUSD,Buy,1.000,0.00000,0.00000,3288.56000,3291.55000,0.0000,0.0000,299.0,299.00,0.12,"",0,00:01:04:41,,,,,,,,,,,,
,55483712,09/05/2025 04:38,09/05/2025 05:43,XAUUSD,Buy,1.000,0.00000,0.00000,3288.54000,3291.36000,0.0000,0.0000,282.0,282.00,0.11,"",0,00:01:04:40,,,,,,,,,,,,
,55483713,09/05/2025 04:38,09/05/2025 05:43,XAUUSD,Buy,1.000,0.00000,0.00000,3288.50000,3291.77000,0.0000,0.0000,327.0,327.00,0.13,"",0,00:01:04:38,,,,,,,,,,,,
,54292599,07/05/2025 15:59,08/05/2025 16:53,USOUSD,Buy,0.500,0.00000,0.00000,59.29900,59.51900,0.0000,0.0000,22.0,110.00,0.04,"",0,01:00:54:46,,,,,,,,,,,,
,54351160,07/05/2025 17:07,08/05/2025 16:53,USOUSD,Buy,0.500,0.00000,0.00000,59.13400,59.51400,0.0000,0.0000,38.0,190.00,0.07,"",0,00:23:46:37,,,,,,,,,,,,
,54372697,07/05/2025 17:31,08/05/2025 16:53,USOUSD,Buy,0.500,0.00000,0.00000,58.83900,59.51400,0.0000,0.0000,67.5,337.50,0.13,"",0,00:23:22:35,,,,,,,,,,,,
,54407532,07/05/2025 18:30,08/05/2025 16:53,USOUSD,Buy,0.500,0.00000,0.00000,58.59900,59.51400,0.0000,0.0000,91.5,457.50,0.18,"",0,00:22:22:47,,,,,,,,,,,,
,54429615,07/05/2025 19:27,08/05/2025 16:53,USOUSD,Buy,0.500,0.00000,0.00000,58.42900,59.50400,0.0000,0.0000,107.5,537.50,0.21,"",0,00:21:26:00,,,,,,,,,,,,
,54472071,07/05/2025 21:07,08/05/2025 16:53,USOUSD,Buy,0.500,0.00000,0.00000,58.19900,59.50400,0.0000,0.0000,130.5,652.50,0.25,"",0,00:19:46:30,,,,,,,,,,,,
,54837698,08/05/2025 09:05,08/05/2025 16:52,XAUUSD,Buy,0.500,0.00000,0.00000,3358.14000,3360.35000,0.0000,0.0000,221.0,110.50,0.04,"",0,00:07:46:21,,,,,,,,,,,,
,54837697,08/05/2025 09:05,08/05/2025 16:51,XAUUSD,Buy,0.500,0.00000,0.00000,3358.14000,3359.59000,0.0000,0.0000,145.0,72.50,0.03,"",0,00:07:46:20,,,,,,,,,,,,
,54837714,08/05/2025 09:05,08/05/2025 16:51,XAUUSD,Buy,0.500,0.00000,0.00000,3358.12000,3359.15000,0.0000,0.0000,103.0,51.50,0.02,"",0,00:07:46:17,,,,,,,,,,,,
,54837713,08/05/2025 09:05,08/05/2025 16:51,XAUUSD,Buy,0.500,0.00000,0.00000,3358.12000,3359.14000,0.0000,0.0000,102.0,51.00,0.02,"",0,00:07:46:16,,,,,,,,,,,,
,54837712,08/05/2025 09:05,08/05/2025 16:51,XAUUSD,Buy,0.500,0.00000,0.00000,3358.12000,3359.22000,0.0000,0.0000,110.0,55.00,0.02,"",0,00:07:46:14,,,,,,,,,,,,
,54837711,08/05/2025 09:05,08/05/2025 16:51,XAUUSD,Buy,0.500,0.00000,0.00000,3358.12000,3359.40000,0.0000,0.0000,128.0,64.00,0.03,"",0,00:07:46:12,,,,,,,,,,,,
,54837710,08/05/2025 09:05,08/05/2025 16:51,XAUUSD,Buy,0.500,0.00000,0.00000,3358.12000,3359.35000,0.0000,0.0000,123.0,61.50,0.02,"",0,00:07:46:10,,,,,,,,,,,,
,54837724,08/05/2025 09:05,08/05/2025 16:51,XAUUSD,Buy,0.500,0.00000,0.00000,3357.76000,3359.30000,0.0000,0.0000,154.0,77.00,0.03,"",0,00:07:46:08,,,,,,,,,,,,
,54837723,08/05/2025 09:05,08/05/2025 16:51,XAUUSD,Buy,0.500,0.00000,0.00000,3357.76000,3359.15000,0.0000,0.0000,139.0,69.50,0.03,"",0,00:07:46:07,,,,,,,,,,,,
,54559903,08/05/2025 08:59,08/05/2025 16:51,XAUUSD,Buy,0.500,0.00000,0.00000,3355.46000,3358.91000,0.0000,0.0000,345.0,172.50,0.07,"",0,00:07:52:10,,,,,,,,,,,,
,54865317,08/05/2025 09:27,08/05/2025 16:51,XAUUSD,Buy,1.000,0.00000,0.00000,3341.69000,3358.80000,0.0000,0.0000,1711.0,1711.00,0.67,"",0,00:07:23:40,,,,,,,,,,,,
,54865301,08/05/2025 09:27,08/05/2025 16:51,XAUUSD,Buy,1.000,0.00000,0.00000,3341.40000,3359.03000,0.0000,0.0000,1763.0,1763.00,0.70,"",0,00:07:23:40,,,,,,,,,,,,
,54875297,08/05/2025 09:34,08/05/2025 16:51,XAUUSD,Buy,1.000,0.00000,0.00000,3331.78000,3359.04000,0.0000,0.0000,2726.0,2726.00,1.09,"",0,00:07:17:01,,,,,,,,,,,,
,54884853,08/05/2025 09:46,08/05/2025 16:51,XAUUSD,Buy,1.000,0.00000,0.00000,3330.15000,3359.19000,0.0000,0.0000,2904.0,2904.00,1.18,"",0,00:07:05:09,,,,,,,,,,,,
,54887212,08/05/2025 09:48,08/05/2025 16:51,XAUUSD,Buy,1.000,0.00000,0.00000,3325.19000,3359.29000,0.0000,0.0000,3410.0,3410.00,1.40,"",0,00:07:03:06,,,,,,,,,,,,
,54708234,08/05/2025 05:48,08/05/2025 06:06,XAUUSD,Sell,0.500,0.00000,0.00000,3403.02000,3400.73000,0.0000,0.0000,229.0,114.50,0.05,"",0,00:00:17:48,,,,,,,,,,,,
,54693160,08/05/2025 05:21,08/05/2025 06:06,XAUUSD,Sell,0.500,0.00000,0.00000,3408.83000,3400.49000,0.0000,0.0000,834.0,417.00,0.17,"",0,00:00:45:08,,,,,,,,,,,,
,54480858,07/05/2025 21:13,08/05/2025 05:01,USOUSD,Buy,0.500,0.00000,0.00000,58.06900,58.55400,0.0000,0.0000,48.5,242.50,0.10,"",0,00:07:47:35,,,,,,,,,,,,
,53743914,07/05/2025 01:27,08/05/2025 05:00,XAUUSD,Buy,0.500,0.00000,0.00000,3398.49000,3409.79000,0.0000,0.0000,1130.0,565.00,0.23,"",0,01:03:32:33,,,,,,,,,,,,
,53743912,07/05/2025 01:27,08/05/2025 05:00,XAUUSD,Buy,0.500,0.00000,0.00000,3398.46000,3410.15000,0.0000,0.0000,1169.0,584.50,0.24,"",0,01:03:32:26,,,,,,,,,,,,
,53947494,07/05/2025 05:25,08/05/2025 05:00,XAUUSD,Buy,0.500,0.00000,0.00000,3392.57000,3410.07000,0.0000,0.0000,1750.0,875.00,0.36,"",0,00:23:34:25,,,,,,,,,,,,
,54210363,07/05/2025 13:18,08/05/2025 05:00,XAUUSD,Buy,0.500,0.00000,0.00000,3388.72000,3410.15000,0.0000,0.0000,2143.0,1071.50,0.45,"",0,00:15:41:45,,,,,,,,,,,,
,53946397,07/05/2025 05:24,08/05/2025 05:00,XAUUSD,Buy,0.500,0.00000,0.00000,3388.53000,3409.77000,0.0000,0.0000,2124.0,1062.00,0.45,"",0,00:23:35:26,,,,,,,,,,,,
,54210361,07/05/2025 13:18,08/05/2025 05:00,XAUUSD,Buy,0.500,0.00000,0.00000,3388.72000,3408.69000,0.0000,0.0000,1997.0,998.50,0.42,"",0,00:15:41:40,,,,,,,,,,,,
,53750251,07/05/2025 01:30,08/05/2025 04:59,XAUUSD,Buy,0.500,0.00000,0.00000,3388.24000,3409.16000,0.0000,0.0000,2092.0,1046.00,0.44,"",0,01:03:29:18,,,,,,,,,,,,
,53750275,07/05/2025 01:30,08/05/2025 04:59,XAUUSD,Buy,0.500,0.00000,0.00000,3387.98000,3409.23000,0.0000,0.0000,2125.0,1062.50,0.45,"",0,01:03:29:16,,,,,,,,,,,,
,54008759,07/05/2025 07:20,08/05/2025 04:59,XAUUSD,Buy,0.500,0.00000,0.00000,3386.95000,3409.09000,0.0000,0.0000,2214.0,1107.00,0.47,"",0,00:21:39:46,,,,,,,,,,,,
,54365856,07/05/2025 17:22,08/05/2025 04:59,XAUUSD,Buy,0.500,0.00000,0.00000,3381.43000,3409.15000,0.0000,0.0000,2772.0,1386.00,0.60,"",0,00:11:37:49,,,,,,,,,,,,
,54371935,07/05/2025 22:11,08/05/2025 04:59,XAUUSD,Buy,0.500,0.00000,0.00000,3373.96000,3409.14000,0.0000,0.0000,3518.0,1759.00,0.76,"",0,00:06:47:56,,,,,,,,,,,,
,54559612,07/05/2025 23:22,08/05/2025 04:59,XAUUSD,Buy,0.500,0.00000,0.00000,3368.21000,3409.42000,0.0000,0.0000,4121.0,2060.50,0.90,"",0,00:05:37:32,,,,,,,,,,,,
,54559611,07/05/2025 23:22,08/05/2025 04:59,XAUUSD,Buy,0.500,0.00000,0.00000,3368.21000,3409.49000,0.0000,0.0000,4128.0,2064.00,0.91,"",0,00:05:37:30,,,,,,,,,,,,
,54559610,07/05/2025 23:22,08/05/2025 04:59,XAUUSD,Buy,0.500,0.00000,0.00000,3368.21000,3408.95000,0.0000,0.0000,4074.0,2037.00,0.91,"",0,00:05:37:29,,,,,,,,,,,,
,54559614,07/05/2025 23:22,08/05/2025 04:59,XAUUSD,Buy,0.500,0.00000,0.00000,3368.12000,3408.92000,0.0000,0.0000,4080.0,2040.00,0.92,"",0,00:05:37:27,,,,,,,,,,,,
,54559609,07/05/2025 23:22,08/05/2025 04:59,XAUUSD,Buy,0.500,0.00000,0.00000,3368.21000,3408.92000,0.0000,0.0000,4071.0,2035.50,0.92,"",0,00:05:37:26,,,,,,,,,,,,
,54559613,07/05/2025 23:22,08/05/2025 04:59,XAUUSD,Buy,0.500,0.00000,0.00000,3368.12000,3409.41000,0.0000,0.0000,4129.0,2064.50,0.95,"",0,00:05:37:23,,,,,,,,,,,,
,54559618,07/05/2025 23:22,08/05/2025 04:59,XAUUSD,Buy,0.500,0.00000,0.00000,3368.03000,3409.51000,0.0000,0.0000,4148.0,2074.00,0.96,"",0,00:05:37:19,,,,,,,,,,,,
,54559617,07/05/2025 23:22,08/05/2025 04:59,XAUUSD,Buy,0.500,0.00000,0.00000,3368.03000,3409.48000,0.0000,0.0000,4145.0,2072.50,0.97,"",0,00:05:37:17,,,,,,,,,,,,
,54193715,07/05/2025 13:01,07/05/2025 13:18,XAUUSD,Buy,0.500,0.00000,0.00000,3371.16000,3388.53000,0.0000,0.0000,1737.0,868.50,0.41,"",0,00:00:16:23,,,,,,,,,,,,
,54193714,07/05/2025 13:01,07/05/2025 13:18,XAUUSD,Buy,0.500,0.00000,0.00000,3371.16000,3388.53000,0.0000,0.0000,1737.0,868.50,0.41,"",0,00:00:16:21,,,,,,,,,,,,
,53989169,07/05/2025 06:39,07/05/2025 07:13,XAUUSD,Buy,0.500,0.00000,0.00000,3378.17000,3383.36000,0.0000,0.0000,519.0,259.50,0.12,"",0,00:00:34:16,,,,,,,,,,,,
,53984028,07/05/2025 06:30,07/05/2025 06:39,XAUUSD,Buy,0.500,0.00000,0.00000,3371.42000,3377.09000,0.0000,0.0000,567.0,283.50,0.13,"",0,00:00:09:04,,,,,,,,,,,,
,53984027,07/05/2025 06:30,07/05/2025 06:39,XAUUSD,Buy,0.500,0.00000,0.00000,3371.42000,3377.12000,0.0000,0.0000,570.0,285.00,0.13,"",0,00:00:09:03,,,,,,,,,,,,
,53738740,07/05/2025 01:21,07/05/2025 06:39,USOUSD,Buy,0.200,0.00000,0.00000,59.82400,59.68000,0.0000,0.0000,-14.4,-28.80,-0.01,"",0,00:05:17:40,,,,,,,,,,,,
,53984026,07/05/2025 06:30,07/05/2025 06:39,XAUUSD,Buy,0.500,0.00000,0.00000,3371.42000,3377.27000,0.0000,0.0000,585.0,292.50,0.14,"",0,00:00:09:01,,,,,,,,,,,,
,53911146,07/05/2025 04:39,07/05/2025 05:24,XAUUSD,Buy,0.500,0.00000,0.00000,3368.78000,3388.32000,0.0000,0.0000,1954.0,977.00,0.46,"",0,00:00:44:58,,,,,,,,,,,,
,53911145,07/05/2025 04:39,07/05/2025 05:24,XAUUSD,Buy,0.500,0.00000,0.00000,3368.75000,3388.24000,0.0000,0.0000,1949.0,974.50,0.47,"",0,00:00:44:55,,,,,,,,,,,,
,53239818,06/05/2025 10:19,07/05/2025 04:39,XAUUSD,Sell,0.500,0.00000,0.00000,3365.58000,3372.14000,0.0000,0.0000,-656.0,-328.00,-0.16,"",0,00:18:19:57,,,,,,,,,,,,
,53001415,06/05/2025 04:14,07/05/2025 04:39,XAUUSD,Sell,0.500,0.00000,0.00000,3363.74000,3372.14000,0.0000,0.0000,-840.0,-420.00,-0.20,"",0,01:00:24:31,,,,,,,,,,,,
,52994721,06/05/2025 04:10,07/05/2025 04:39,XAUUSD,Sell,0.500,0.00000,0.00000,3358.87000,3372.14000,0.0000,0.0000,-1327.0,-663.50,-0.31,"",0,01:00:28:58,,,,,,,,,,,,
,52994716,06/05/2025 04:10,07/05/2025 04:39,XAUUSD,Sell,0.500,0.00000,0.00000,3358.99000,3372.14000,0.0000,0.0000,-1315.0,-657.50,-0.31,"",0,01:00:28:59,,,,,,,,,,,,
,52994709,06/05/2025 04:10,07/05/2025 04:39,XAUUSD,Sell,0.500,0.00000,0.00000,3358.99000,3372.14000,0.0000,0.0000,-1315.0,-657.50,-0.31,"",0,01:00:28:59,,,,,,,,,,,,
,52735039,05/05/2025 17:07,07/05/2025 04:39,XAUUSD,Sell,0.500,0.00000,0.00000,3324.67000,3372.14000,0.0000,0.0000,-4747.0,-2373.50,-1.11,"",0,01:11:31:32,,,,,,,,,,,,
,52656785,05/05/2025 15:22,07/05/2025 04:39,XAUUSD,Sell,0.500,0.00000,0.00000,3318.35000,3372.14000,0.0000,0.0000,-5379.0,-2689.50,-1.24,"",0,01:13:17:04,,,,,,,,,,,,
,52590626,05/05/2025 13:04,07/05/2025 04:39,XAUUSD,Sell,0.500,0.00000,0.00000,3314.82000,3372.14000,0.0000,0.0000,-5732.0,-2866.00,-1.30,"",0,01:15:34:17,,,,,,,,,,,,
,52578564,05/05/2025 12:55,07/05/2025 04:39,XAUUSD,Sell,0.500,0.00000,0.00000,3305.32000,3372.14000,0.0000,0.0000,-6682.0,-3341.00,-1.50,"",0,01:15:43:39,,,,,,,,,,,,
,52552356,05/05/2025 12:19,07/05/2025 04:39,XAUUSD,Sell,0.500,0.00000,0.00000,3293.25000,3372.14000,0.0000,0.0000,-7889.0,-3944.50,-1.74,"",0,01:16:19:47,,,,,,,,,,,,
,52520093,05/05/2025 11:45,07/05/2025 04:39,XAUUSD,Sell,0.500,0.00000,0.00000,3277.64000,3372.14000,0.0000,0.0000,-9450.0,-4725.00,-2.04,"",0,01:16:54:13,,,,,,,,,,,,
,53755473,07/05/2025 01:34,07/05/2025 04:38,XAUUSD,Sell,0.500,0.00000,0.00000,3395.47000,3370.75000,0.0000,0.0000,2472.0,1236.00,0.54,"",0,00:03:04:26,,,,,,,,,,,,
,53754985,07/05/2025 01:33,07/05/2025 04:38,XAUUSD,Sell,0.500,0.00000,0.00000,3393.18000,3370.75000,0.0000,0.0000,2243.0,1121.50,0.49,"",0,00:03:04:39,,,,,,,,,,,,
,53750456,07/05/2025 01:30,07/05/2025 04:38,XAUUSD,Sell,0.500,0.00000,0.00000,3384.99000,3370.75000,0.0000,0.0000,1424.0,712.00,0.31,"",0,00:03:07:55,,,,,,,,,,,,
,53745288,07/05/2025 01:28,07/05/2025 04:38,XAUUSD,Sell,0.500,0.00000,0.00000,3391.08000,3370.75000,0.0000,0.0000,2033.0,1016.50,0.45,"",0,00:03:10:01,,,,,,,,,,,,
,53745280,07/05/2025 01:28,07/05/2025 04:38,XAUUSD,Sell,0.500,0.00000,0.00000,3391.10000,3370.75000,0.0000,0.0000,2035.0,1017.50,0.45,"",0,00:03:10:01,,,,,,,,,,,,
,53745262,07/05/2025 01:28,07/05/2025 04:38,XAUUSD,Sell,0.500,0.00000,0.00000,3390.92000,3370.75000,0.0000,0.0000,2017.0,1008.50,0.45,"",0,00:03:10:02,,,,,,,,,,,,
,53744047,07/05/2025 01:27,07/05/2025 04:38,XAUUSD,Sell,0.500,0.00000,0.00000,3396.63000,3370.75000,0.0000,0.0000,2588.0,1294.00,0.58,"",0,00:03:10:39,,,,,,,,,,,,
,53744046,07/05/2025 01:27,07/05/2025 04:38,XAUUSD,Sell,0.500,0.00000,0.00000,3396.63000,3370.75000,0.0000,0.0000,2588.0,1294.00,0.58,"",0,00:03:10:39,,,,,,,,,,,,
,53743724,07/05/2025 01:27,07/05/2025 04:38,XAUUSD,Sell,0.500,0.00000,0.00000,3398.13000,3370.75000,0.0000,0.0000,2738.0,1369.00,0.62,"",0,00:03:11:08,,,,,,,,,,,,
,53743723,07/05/2025 01:27,07/05/2025 04:38,XAUUSD,Sell,0.500,0.00000,0.00000,3398.13000,3370.75000,0.0000,0.0000,2738.0,1369.00,0.62,"",0,00:03:11:08,,,,,,,,,,,,
,53520690,06/05/2025 17:31,07/05/2025 04:38,XAUUSD,Sell,0.500,0.00000,0.00000,3384.62000,3370.75000,0.0000,0.0000,1387.0,693.50,0.32,"",0,00:11:07:03,,,,,,,,,,,,
,53520689,06/05/2025 17:31,07/05/2025 04:38,XAUUSD,Sell,0.500,0.00000,0.00000,3384.64000,3370.75000,0.0000,0.0000,1389.0,694.50,0.32,"",0,00:11:07:04,,,,,,,,,,,,
,53498045,06/05/2025 17:05,07/05/2025 04:38,XAUUSD,Sell,0.500,0.00000,0.00000,3395.96000,3370.75000,0.0000,0.0000,2521.0,1260.50,0.58,"",0,00:11:33:10,,,,,,,,,,,,
,53498036,06/05/2025 17:05,07/05/2025 04:38,XAUUSD,Sell,0.500,0.00000,0.00000,3395.76000,3370.75000,0.0000,0.0000,2501.0,1250.50,0.58,"",0,00:11:33:10,,,,,,,,,,,,
,53498031,06/05/2025 17:05,07/05/2025 04:38,XAUUSD,Sell,0.500,0.00000,0.00000,3395.85000,3370.75000,0.0000,0.0000,2510.0,1255.00,0.58,"",0,00:11:33:10,,,,,,,,,,,,
,53420718,06/05/2025 15:45,07/05/2025 04:38,XAUUSD,Sell,0.500,0.00000,0.00000,3386.89000,3370.75000,0.0000,0.0000,1614.0,807.00,0.38,"",0,00:12:52:50,,,,,,,,,,,,
,53419765,06/05/2025 15:44,07/05/2025 04:38,XAUUSD,Sell,0.500,0.00000,0.00000,3389.64000,3370.75000,0.0000,0.0000,1889.0,944.50,0.44,"",0,00:12:54:12,,,,,,,,,,,,
,53416795,06/05/2025 15:40,07/05/2025 04:38,XAUUSD,Sell,0.500,0.00000,0.00000,3390.74000,3370.75000,0.0000,0.0000,1999.0,999.50,0.47,"",0,00:12:57:40,,,,,,,,,,,,
,53416778,06/05/2025 15:40,07/05/2025 04:38,XAUUSD,Sell,0.500,0.00000,0.00000,3390.73000,3370.75000,0.0000,0.0000,1998.0,999.00,0.47,"",0,00:12:57:41,,,,,,,,,,,,
,53338435,06/05/2025 19:28,07/05/2025 04:38,XAUUSD,Sell,0.500,0.00000,0.00000,3404.64000,3370.75000,0.0000,0.0000,3389.0,1694.50,0.81,"",0,00:09:09:37,,,,,,,,,,,,
,53338315,06/05/2025 19:28,07/05/2025 04:38,XAUUSD,Sell,0.500,0.00000,0.00000,3404.03000,3370.75000,0.0000,0.0000,3328.0,1664.00,0.80,"",0,00:09:09:44,,,,,,,,,,,,
,53257005,06/05/2025 10:42,07/05/2025 04:38,XAUUSD,Sell,0.500,0.00000,0.00000,3378.44000,3370.75000,0.0000,0.0000,769.0,384.50,0.19,"",0,00:17:56:13,,,,,,,,,,,,
,53028663,06/05/2025 04:42,07/05/2025 04:38,XAUUSD,Sell,0.500,0.00000,0.00000,3381.37000,3370.75000,0.0000,0.0000,1062.0,531.00,0.26,"",0,00:23:55:56,,,,,,,,,,,,
,53028659,06/05/2025 04:42,07/05/2025 04:38,XAUUSD,Sell,0.500,0.00000,0.00000,3381.32000,3370.75000,0.0000,0.0000,1057.0,528.50,0.26,"",0,00:23:55:56,,,,,,,,,,,,
,53717636,07/05/2025 01:04,07/05/2025 01:21,XAUUSD,Sell,0.500,0.00000,0.00000,3421.27000,3405.50000,0.0000,0.0000,1577.0,788.50,0.38,"",0,00:00:16:29,,,,,,,,,,,,
,53715140,07/05/2025 01:03,07/05/2025 01:21,XAUUSD,Sell,0.500,0.00000,0.00000,3422.82000,3405.50000,0.0000,0.0000,1732.0,866.00,0.42,"",0,00:00:17:37,,,,,,,,,,,,
,53714952,07/05/2025 01:03,07/05/2025 01:21,XAUUSD,Sell,0.500,0.00000,0.00000,3416.86000,3405.50000,0.0000,0.0000,1136.0,568.00,0.28,"",0,00:00:17:46,,,,,,,,,,,,
,53710451,07/05/2025 01:01,07/05/2025 01:21,XAUUSD,Sell,0.500,0.00000,0.00000,3430.08000,3405.50000,0.0000,0.0000,2458.0,1229.00,0.60,"",0,00:00:19:23,,,,,,,,,,,,
,53710450,07/05/2025 01:01,07/05/2025 01:21,XAUUSD,Sell,0.500,0.00000,0.00000,3430.09000,3405.50000,0.0000,0.0000,2459.0,1229.50,0.61,"",0,00:00:19:23,,,,,,,,,,,,
,53710443,07/05/2025 01:01,07/05/2025 01:21,XAUUSD,Sell,0.500,0.00000,0.00000,3430.12000,3405.50000,0.0000,0.0000,2462.0,1231.00,0.61,"",0,00:00:19:24,,,,,,,,,,,,
,53710221,07/05/2025 01:01,07/05/2025 01:21,XAUUSD,Sell,0.200,0.00000,0.00000,3429.41000,3405.50000,0.0000,0.0000,2391.0,478.20,0.24,"",0,00:00:19:33,,,,,,,,,,,,
,53710220,07/05/2025 01:01,07/05/2025 01:21,XAUUSD,Sell,0.200,0.00000,0.00000,3429.41000,3405.50000,0.0000,0.0000,2391.0,478.20,0.24,"",0,00:00:19:33,,,,,,,,,,,,
,53710216,07/05/2025 01:01,07/05/2025 01:21,XAUUSD,Sell,0.200,0.00000,0.00000,3429.60000,3405.50000,0.0000,0.0000,2410.0,482.00,0.24,"",0,00:00:19:33,,,,,,,,,,,,
,53667974,06/05/2025 21:56,07/05/2025 01:21,XAUUSD,Sell,0.500,0.00000,0.00000,3414.86000,3405.50000,0.0000,0.0000,936.0,468.00,0.24,"",0,00:03:24:24,,,,,,,,,,,,
,53737931,07/05/2025 01:20,07/05/2025 01:21,XAUUSD,Buy,0.500,0.00000,0.00000,3405.08000,3405.28000,0.0000,0.0000,20.0,10.00,0.00,"",0,00:00:00:37,,,,,,,,,,,,
,53664847,06/05/2025 21:33,07/05/2025 01:01,XAUUSD,Buy,0.500,0.00000,0.00000,3415.69000,3429.74000,0.0000,0.0000,1405.0,702.50,0.35,"",0,00:03:28:01,,,,,,,,,,,,
,53664846,06/05/2025 21:33,07/05/2025 01:01,XAUUSD,Buy,0.500,0.00000,0.00000,3415.69000,3429.73000,0.0000,0.0000,1404.0,702.00,0.36,"",0,00:03:28:01,,,,,,,,,,,,
,53650569,06/05/2025 20:48,07/05/2025 01:01,XAUUSD,Buy,0.500,0.00000,0.00000,3415.12000,3429.73000,0.0000,0.0000,1461.0,730.50,0.37,"",0,00:04:12:41,,,,,,,,,,,,
,53642737,06/05/2025 20:33,07/05/2025 01:01,XAUUSD,Buy,0.500,0.00000,0.00000,3415.99000,3429.73000,0.0000,0.0000,1374.0,687.00,0.35,"",0,00:04:27:35,,,,,,,,,,,,
,53642736,06/05/2025 20:33,07/05/2025 01:01,XAUUSD,Buy,0.500,0.00000,0.00000,3415.99000,3429.74000,0.0000,0.0000,1375.0,687.50,0.35,"",0,00:04:27:35,,,,,,,,,,,,
,53555191,06/05/2025 18:06,07/05/2025 01:01,XAUUSD,Buy,0.500,0.00000,0.00000,3391.06000,3429.74000,0.0000,0.0000,3868.0,1934.00,1.00,"",0,00:06:54:55,,,,,,,,,,,,
,53498191,06/05/2025 17:05,07/05/2025 01:01,XAUUSD,Buy,0.500,0.00000,0.00000,3395.99000,3429.73000,0.0000,0.0000,3374.0,1687.00,0.88,"",0,00:07:55:36,,,,,,,,,,,,
,53498122,06/05/2025 17:05,07/05/2025 01:01,XAUUSD,Buy,0.500,0.00000,0.00000,3396.56000,3429.73000,0.0000,0.0000,3317.0,1658.50,0.87,"",0,00:07:55:45,,,,,,,,,,,,
,53498117,06/05/2025 17:05,07/05/2025 01:01,XAUUSD,Buy,0.500,0.00000,0.00000,3396.56000,3429.73000,0.0000,0.0000,3317.0,1658.50,0.88,"",0,00:07:55:45,,,,,,,,,,,,
,53498116,06/05/2025 17:05,07/05/2025 01:01,XAUUSD,Buy,0.500,0.00000,0.00000,3396.54000,3429.73000,0.0000,0.0000,3319.0,1659.50,0.89,"",0,00:07:55:46,,,,,,,,,,,,
,45180035,22/04/2025 19:21,07/05/2025 01:01,XAUUSD,Buy,0.500,0.00000,0.00000,3396.85000,3429.74000,0.0000,0.0000,3289.0,1644.50,0.89,"",0,14:05:40:16,13.4,1d 21h ,16600.0,5.05,3289.0,1644.5,-16600.0,-8300.0,16.5,100.0,0.00,0.00
,45157955,22/04/2025 18:53,07/05/2025 01:01,XAUUSD,Buy,0.200,0.00000,0.00000,3425.52000,3429.74000,0.0000,0.0000,422.0,84.40,0.05,"",0,14:06:07:57,6.7,22h 55m,19467.0,46.30,422.0,84.4,-19467.0,-3893.4,2.1,100.0,0.00,0.00
,45168671,22/04/2025 19:01,07/05/2025 01:01,XAUUSD,Buy,0.200,0.00000,0.00000,3415.70000,3426.71000,0.0000,0.0000,1101.0,220.20,0.12,"",0,14:05:59:59,6.7,22h 54m,18485.0,16.81,1101.0,220.20000000000002,-18485.0,-3697.0,5.6,100.0,0.00,0.00
,51745486,02/05/2025 11:45,07/05/2025 01:00,USOUSD,Buy,0.500,0.00000,0.00000,59.28100,59.26500,0.0000,0.0000,-1.6,-8.00,0.00,"",0,04:13:14:31,,,,,,,,,,,,
,53431467,06/05/2025 16:00,06/05/2025 17:05,XAUUSD,Buy,0.500,0.00000,0.00000,3391.94000,3395.62000,0.0000,0.0000,368.0,184.00,0.10,"",0,00:01:04:29,,,,,,,,,,,,
,45206025,22/04/2025 19:28,06/05/2025 17:05,XAUUSD,Buy,0.500,0.00000,0.00000,3389.31000,3395.52000,0.0000,0.0000,621.0,310.50,0.17,"",0,13:21:37:04,14.3,1d 23h ,15846.0,14.10,1125.0,562.5,-15846.0,-7923.0,6.6,97.0,-504.00,-252.00
,51771748,02/05/2025 12:45,06/05/2025 16:24,USOUSD,Buy,0.500,0.00000,0.00000,58.96600,59.44700,0.0000,0.0000,48.1,240.50,0.13,"",0,04:03:39:25,,,,,,,,,,,,
,53417447,06/05/2025 15:41,06/05/2025 16:24,XAUUSD,Buy,0.500,0.00000,0.00000,3391.08000,3396.33000,0.0000,0.0000,525.0,262.50,0.14,"",0,00:00:42:54,,,,,,,,,,,,
,51966469,02/05/2025 16:55,06/05/2025 16:24,USOUSD,Buy,0.500,0.00000,0.00000,58.66100,59.46700,0.0000,0.0000,80.6,403.00,0.22,"",0,03:23:28:33,,,,,,,,,,,,
,53206373,06/05/2025 09:17,06/05/2025 16:24,USOUSD,Buy,0.500,0.00000,0.00000,58.35100,59.47700,0.0000,0.0000,112.6,563.00,0.31,"",0,00:07:06:10,,,,,,,,,,,,
,53338252,06/05/2025 13:03,06/05/2025 15:41,XAUUSD,Buy,0.500,0.00000,0.00000,3383.89000,3390.77000,0.0000,0.0000,688.0,344.00,0.19,"",0,00:02:37:40,,,,,,,,,,,,
,53028927,06/05/2025 04:43,06/05/2025 15:41,XAUUSD,Buy,0.500,0.00000,0.00000,3380.80000,3390.95000,0.0000,0.0000,1015.0,507.50,0.28,"",0,00:10:58:15,,,,,,,,,,,,
,53256983,06/05/2025 10:42,06/05/2025 15:41,XAUUSD,Buy,0.500,0.00000,0.00000,3378.64000,3390.76000,0.0000,0.0000,1212.0,606.00,0.33,"",0,00:04:58:53,,,,,,,,,,,,
,53230142,06/05/2025 10:03,06/05/2025 10:42,XAUUSD,Buy,0.500,0.00000,0.00000,3368.47000,3378.33000,0.0000,0.0000,986.0,493.00,0.27,"",0,00:00:38:39,,,,,,,,,,,,
,52793007,05/05/2025 18:30,06/05/2025 09:17,USOUSD,Buy,0.500,0.00000,0.00000,56.86700,58.31700,0.0000,0.0000,145.0,725.00,0.40,"",0,00:14:47:32,,,,,,,,,,,,
,51978517,05/05/2025 01:00,06/05/2025 09:17,USOUSD,Buy,0.500,0.00000,0.00000,56.35700,58.31700,0.0000,0.0000,196.0,980.00,0.55,"",0,01:08:17:30,,,,,,,,,,,,
,51978399,05/05/2025 01:00,06/05/2025 09:17,USOUSD,Buy,0.500,0.00000,0.00000,56.35700,58.31700,0.0000,0.0000,196.0,980.00,0.55,"",0,01:08:17:29,,,,,,,,,,,,
,46480722,24/04/2025 04:39,06/05/2025 04:42,XAUUSD,Buy,0.500,0.00000,0.00000,3366.05000,3380.64000,0.0000,0.0000,1459.0,729.50,0.41,"",0,12:00:03:05,16.7,2d ,13520.0,3.92,3451.0,1725.5,-13520.0,-6760.0,20.3,88.3,-1992.00,-996.00
,53001425,06/05/2025 04:14,06/05/2025 04:42,XAUUSD,Buy,0.500,0.00000,0.00000,3364.65000,3381.02000,0.0000,0.0000,1637.0,818.50,0.46,"",0,00:00:28:06,,,,,,,,,,,,
,46474120,24/04/2025 04:34,06/05/2025 04:42,XAUUSD,Buy,0.500,0.00000,0.00000,3358.08000,3380.59000,0.0000,0.0000,2251.0,1125.50,0.64,"",0,12:00:08:37,16.7,2d ,12723.0,3.00,4248.0,2124.0,-12723.0,-6361.5,25.0,88.2,-1997.00,-998.50
,48877109,28/04/2025 17:46,06/05/2025 04:10,XAUUSD,Buy,0.500,0.00000,0.00000,3331.28000,3359.44000,0.0000,0.0000,2816.0,1408.00,0.81,"",0,07:10:23:35,37.5,2d 18h ,10043.0,1.45,6928.0,3464.0,-10043.0,-5021.5,40.8,75.8,-4112.00,-2056.00
,52735425,05/05/2025 17:08,06/05/2025 04:10,XAUUSD,Buy,0.500,0.00000,0.00000,3324.36000,3359.56000,0.0000,0.0000,3520.0,1760.00,1.02,"",0,00:11:02:00,,,,,,,,,,,,
,50368585,30/04/2025 16:39,05/05/2025 17:07,XAUUSD,Buy,0.500,0.00000,0.00000,3317.38000,3324.84000,0.0000,0.0000,746.0,373.00,0.22,"",0,05:00:28:28,40.0,2d ,8653.0,11.60,746.0,373.0,-8653.0,-4326.5,7.9,100.0,0.00,0.00
,50373727,30/04/2025 16:42,05/05/2025 17:07,XAUUSD,Buy,0.500,0.00000,0.00000,3314.09000,3324.57000,0.0000,0.0000,1048.0,524.00,0.31,"",0,05:00:25:18,40.0,2d ,8324.0,7.94,1048.0,524.0,-8324.0,-4162.0,11.2,100.0,0.00,0.00
,52560461,05/05/2025 12:27,05/05/2025 15:49,XAUUSD,Sell,0.500,3322.36000,0.00000,3298.75000,3322.36000,0.0000,0.0000,-2361.0,-1180.50,-0.68,"[sl 3322.36]",0,00:03:21:34,,,,,,,,,,,,
,50596796,30/04/2025 23:01,05/05/2025 12:59,XAUUSD,Buy,0.500,0.00000,0.00000,3294.01000,3308.44000,0.0000,0.0000,1443.0,721.50,0.42,"",0,04:13:58:30,40.0,1d 19h ,6316.0,1.57,4012.0,2006.0,-6316.0,-3158.0,38.8,75.1,-2569.00,-1284.50
,50456109,01/05/2025 01:19,05/05/2025 11:44,XAUUSD,Buy,0.500,0.00000,0.00000,3272.58000,3277.41000,0.0000,0.0000,483.0,241.50,0.14,"",0,04:10:25:22,50.0,2d 5h ,0.0,0.00,483.0,241.5,0.0,0.0,100.0,100.0,0.00,0.00
,50333737,01/05/2025 01:39,05/05/2025 11:44,XAUUSD,Buy,0.500,0.00000,0.00000,3271.99000,3277.64000,0.0000,0.0000,565.0,282.50,0.16,"",0,04:10:05:04,50.0,2d 5h ,0.0,0.00,565.0,282.5,0.0,0.0,100.0,100.0,0.00,0.00
,52024630,02/05/2025 17:58,05/05/2025 11:44,XAUUSD,Buy,0.500,0.00000,0.00000,3263.82000,3277.60000,0.0000,0.0000,1378.0,689.00,0.40,"",0,02:17:46:00,,,,,,,,,,,,
,51834952,02/05/2025 15:19,05/05/2025 11:44,XAUUSD,Buy,0.500,0.00000,0.00000,3261.50000,3277.58000,0.0000,0.0000,1608.0,804.00,0.47,"",0,02:20:25:20,,,,,,,,,,,,
,52058664,02/05/2025 18:41,05/05/2025 04:11,XAUUSD,Buy,0.500,0.00000,0.00000,3238.35000,3256.71000,0.0000,0.0000,1836.0,918.00,0.54,"",0,02:09:30:08,,,,,,,,,,,,
,52024593,02/05/2025 17:58,02/05/2025 18:52,XAUUSD,Sell,0.500,0.00000,0.00000,3264.07000,3230.86000,0.0000,0.0000,3321.0,1660.50,0.99,"",0,00:00:54:30,,,,,,,,,,,,
,51925926,02/05/2025 16:24,02/05/2025 18:52,XAUUSD,Sell,0.500,0.00000,0.00000,3256.97000,3230.86000,0.0000,0.0000,2611.0,1305.50,0.79,"",0,00:02:28:13,,,,,,,,,,,,
,51921177,02/05/2025 16:21,02/05/2025 18:52,XAUUSD,Sell,0.500,0.00000,0.00000,3250.58000,3230.85000,0.0000,0.0000,1973.0,986.50,0.60,"",0,00:02:31:22,,,,,,,,,,,,
,51919424,02/05/2025 16:19,02/05/2025 18:52,XAUUSD,Sell,0.500,0.00000,0.00000,3248.75000,3230.86000,0.0000,0.0000,1789.0,894.50,0.54,"",0,00:02:33:02,,,,,,,,,,,,
,51919251,02/05/2025 16:19,02/05/2025 18:52,XAUUSD,Sell,0.500,0.00000,0.00000,3248.07000,3230.86000,0.0000,0.0000,1721.0,860.50,0.53,"",0,00:02:33:08,,,,,,,,,,,,
,51916046,02/05/2025 16:17,02/05/2025 18:52,XAUUSD,Sell,0.500,0.00000,0.00000,3247.23000,3230.85000,0.0000,0.0000,1638.0,819.00,0.50,"",0,00:02:35:04,,,,,,,,,,,,
,51909519,02/05/2025 16:11,02/05/2025 18:52,XAUUSD,Sell,0.500,0.00000,0.00000,3239.93000,3230.86000,0.0000,0.0000,907.0,453.50,0.28,"",0,00:02:41:10,,,,,,,,,,,,
,51909516,02/05/2025 16:11,02/05/2025 18:52,XAUUSD,Sell,0.500,0.00000,0.00000,3239.94000,3230.85000,0.0000,0.0000,909.0,454.50,0.28,"",0,00:02:41:10,,,,,,,,,,,,
,51909506,02/05/2025 16:11,02/05/2025 18:52,XAUUSD,Sell,0.500,0.00000,0.00000,3239.92000,3230.85000,0.0000,0.0000,907.0,453.50,0.28,"",0,00:02:41:11,,,,,,,,,,,,
,51822181,02/05/2025 17:01,02/05/2025 18:52,USOUSD,Buy,0.500,0.00000,0.00000,58.35100,58.65200,0.0000,0.0000,30.1,150.50,0.09,"",0,00:01:51:47,,,,,,,,,,,,
,51856206,02/05/2025 15:35,02/05/2025 17:58,XAUUSD,Buy,0.500,0.00000,0.00000,3252.41000,3263.91000,0.0000,0.0000,1150.0,575.00,0.36,"",0,00:02:22:55,,,,,,,,,,,,
,51905231,02/05/2025 16:08,02/05/2025 16:20,XAUUSD,Buy,0.500,0.00000,0.00000,3242.31000,3248.93000,0.0000,0.0000,662.0,331.00,0.21,"",0,00:00:11:23,,,,,,,,,,,,
,51624924,02/05/2025 07:42,02/05/2025 16:08,XAUUSD,Sell,0.500,0.00000,0.00000,3253.54000,3241.77000,0.0000,0.0000,1177.0,588.50,0.37,"",0,00:08:25:53,,,,,,,,,,,,
,51624923,02/05/2025 07:42,02/05/2025 16:08,XAUUSD,Sell,0.500,0.00000,0.00000,3253.54000,3241.43000,0.0000,0.0000,1211.0,605.50,0.38,"",0,00:08:25:50,,,,,,,,,,,,
,51624922,02/05/2025 07:42,02/05/2025 16:08,XAUUSD,Sell,0.500,0.00000,0.00000,3253.54000,3240.99000,0.0000,0.0000,1255.0,627.50,0.40,"",0,00:08:25:48,,,,,,,,,,,,
,51669782,02/05/2025 09:25,02/05/2025 16:08,XAUUSD,Sell,0.500,0.00000,0.00000,3260.81000,3241.03000,0.0000,0.0000,1978.0,989.00,0.63,"",0,00:06:43:17,,,,,,,,,,,,
,51771910,02/05/2025 12:45,02/05/2025 16:08,XAUUSD,Sell,0.500,0.00000,0.00000,3266.27000,3240.67000,0.0000,0.0000,2560.0,1280.00,0.82,"",0,00:03:23:04,,,,,,,,,,,,
,50701035,01/05/2025 03:31,02/05/2025 12:45,XAUUSD,Buy,0.500,0.00000,0.00000,3253.04000,3266.20000,0.0000,0.0000,1316.0,658.00,0.42,"",0,01:09:14:10,,,,,,,,,,,,
,51564187,02/05/2025 05:19,02/05/2025 07:42,XAUUSD,Buy,0.500,0.00000,0.00000,3247.20000,3253.38000,0.0000,0.0000,618.0,309.00,0.20,"",0,00:02:23:06,,,,,,,,,,,,
,51542308,02/05/2025 04:36,02/05/2025 06:28,XAUUSD,Sell,0.500,3254.04000,0.00000,3232.73000,3254.11000,0.0000,0.0000,-2138.0,-1069.00,-0.68,"[sl 3254.04]",0,00:01:52:01,,,,,,,,,,,,
,51496049,02/05/2025 03:09,02/05/2025 06:27,XAUUSD,Sell,0.500,3252.87000,0.00000,3238.47000,3252.91000,0.0000,0.0000,-1444.0,-722.00,-0.46,"[sl 3252.87]",0,00:03:18:00,,,,,,,,,,,,
,51562976,02/05/2025 05:18,02/05/2025 06:18,XAUUSD,Sell,0.500,3252.34000,0.00000,3245.95000,3252.31000,0.0000,0.0000,-636.0,-318.00,-0.20,"[sl 3252.34]",0,00:00:59:32,,,,,,,,,,,,
,50502824,30/04/2025 18:50,02/05/2025 05:22,USOUSD,Buy,0.500,0.00000,0.00000,58.72400,59.98200,0.0000,0.0000,125.8,629.00,0.40,"",0,01:10:31:32,,,,,,,,,,,,
,50502823,30/04/2025 18:50,02/05/2025 05:22,USOUSD,Buy,0.500,0.00000,0.00000,58.72400,59.98200,0.0000,0.0000,125.8,629.00,0.40,"",0,01:10:31:29,,,,,,,,,,,,
,50502443,30/04/2025 18:50,02/05/2025 05:22,USOUSD,Buy,0.500,0.00000,0.00000,58.72400,59.97700,0.0000,0.0000,125.3,626.50,0.40,"",0,01:10:32:00,,,,,,,,,,,,
,50502849,30/04/2025 18:50,02/05/2025 05:22,USOUSD,Buy,0.500,0.00000,0.00000,58.71400,59.97200,0.0000,0.0000,125.8,629.00,0.41,"",0,01:10:31:24,,,,,,,,,,,,
,50504938,30/04/2025 18:52,02/05/2025 05:22,USOUSD,Buy,0.500,0.00000,0.00000,58.55400,59.97700,0.0000,0.0000,142.3,711.50,0.46,"",0,01:10:30:12,,,,,,,,,,,,
,50509998,01/05/2025 09:51,02/05/2025 05:22,USOUSD,Buy,0.500,0.00000,0.00000,58.04700,59.97200,0.0000,0.0000,192.5,962.50,0.63,"",0,00:19:31:03,,,,,,,,,,,,
,50506521,01/05/2025 09:51,02/05/2025 05:22,USOUSD,Buy,0.500,0.00000,0.00000,58.04700,59.97200,0.0000,0.0000,192.5,962.50,0.63,"",0,00:19:31:01,,,,,,,,,,,,
,51072635,01/05/2025 13:10,02/05/2025 05:22,USOUSD,Buy,0.500,0.00000,0.00000,56.75200,59.97200,0.0000,0.0000,322.0,1610.00,1.07,"",0,00:16:11:49,,,,,,,,,,,,
,50839841,01/05/2025 06:32,02/05/2025 05:18,XAUUSD,Buy,0.500,0.00000,0.00000,3234.98000,3245.62000,0.0000,0.0000,1064.0,532.00,0.35,"",0,00:22:45:41,,,,,,,,,,,,
,51335280,01/05/2025 18:34,01/05/2025 23:40,XAUUSD,Buy,0.500,0.00000,3237.29000,3210.47000,3237.32000,0.0000,0.0000,2685.0,1342.50,0.90,"[tp 3237.29]",0,00:05:05:40,,,,,,,,,,,,
,51326359,01/05/2025 18:22,01/05/2025 23:40,XAUUSD,Buy,0.500,0.00000,3237.06000,3217.81000,3237.32000,0.0000,0.0000,1951.0,975.50,0.66,"[tp 3237.06]",0,00:05:18:08,,,,,,,,,,,,
,51097717,01/05/2025 13:44,01/05/2025 23:40,XAUUSD,Buy,0.500,0.00000,3237.29000,3224.92000,3237.32000,0.0000,0.0000,1240.0,620.00,0.42,"[tp 3237.29]",0,00:09:55:27,,,,,,,,,,,,
,51372627,01/05/2025 19:27,01/05/2025 21:36,XAUUSD,Sell,0.500,3222.54000,0.00000,3209.77000,3222.63000,0.0000,0.0000,-1286.0,-643.00,-0.44,"[sl 3222.54]",0,00:02:08:45,,,,,,,,,,,,
,51145650,01/05/2025 15:00,01/05/2025 19:27,XAUUSD,Buy,0.500,0.00000,0.00000,3204.46000,3209.79000,0.0000,0.0000,533.0,266.50,0.18,"",0,00:04:26:18,,,,,,,,,,,,
,51120539,01/05/2025 14:37,01/05/2025 15:00,XAUUSD,Sell,0.500,0.00000,0.00000,3222.72000,3204.44000,0.0000,0.0000,1828.0,914.00,0.62,"",0,00:00:23:01,,,,,,,,,,,,
,51082909,01/05/2025 13:25,01/05/2025 13:44,XAUUSD,Buy,0.500,0.00000,0.00000,3215.49000,3224.60000,0.0000,0.0000,911.0,455.50,0.31,"",0,00:00:19:19,,,,,,,,,,,,
,45219746,01/05/2025 13:22,,,Deposit,0.000,0.00000,0.00000,0.00000,0.00000,0.0000,0.0000,0.0,20000.00,0,"Deposit-TH-QR-CPS-APP",0,00:00:00:00,,,,,,,,,,,,
,50858110,01/05/2025 06:57,01/05/2025 07:46,XAUUSD,Sell,0.500,0.00000,0.00000,3231.00000,3230.24000,0.0000,0.0000,76.0,38.00,0.03,"",0,00:00:49:02,,,,,,,,,,,,
,50843189,01/05/2025 06:38,01/05/2025 07:46,XAUUSD,Sell,0.500,0.00000,0.00000,3232.35000,3230.35000,0.0000,0.0000,200.0,100.00,0.08,"",0,00:01:07:51,,,,,,,,,,,,
,50843186,01/05/2025 06:38,01/05/2025 07:46,XAUUSD,Sell,0.500,0.00000,0.00000,3232.36000,3230.70000,0.0000,0.0000,166.0,83.00,0.07,"",0,00:01:07:49,,,,,,,,,,,,
,44996148,01/05/2025 06:53,,,Deposit,0.000,0.00000,0.00000,0.00000,0.00000,0.0000,0.0000,0.0,20000.00,0,"Deposit-TH-QR-CPS-APP",0,00:00:00:00,,,,,,,,,,,,
,50809222,01/05/2025 05:51,01/05/2025 06:32,XAUUSD,Sell,0.500,0.00000,0.00000,3239.70000,3235.89000,0.0000,0.0000,381.0,190.50,0.20,"",0,00:00:41:23,,,,,,,,,,,,
,50807897,01/05/2025 05:48,01/05/2025 06:32,XAUUSD,Sell,0.500,0.00000,0.00000,3240.52000,3236.21000,0.0000,0.0000,431.0,215.50,0.22,"",0,00:00:44:31,,,,,,,,,,,,
,50795859,01/05/2025 05:29,01/05/2025 06:32,XAUUSD,Sell,0.500,0.00000,0.00000,3246.71000,3236.21000,0.0000,0.0000,1050.0,525.00,0.54,"",0,00:01:03:49,,,,,,,,,,,,
,47929143,01/05/2025 04:06,01/05/2025 05:28,XAUUSD,Buy,0.500,0.00000,0.00000,3240.80000,3246.77000,0.0000,0.0000,597.0,298.50,0.31,"",0,00:01:22:53,,,,,,,,,,,,
,44909870,01/05/2025 04:53,,,Deposit,0.000,0.00000,0.00000,0.00000,0.00000,0.0000,0.0000,0.0,5500.00,0,"Transfer In from 143041",0,00:00:00:00,,,,,,,,,,,,
,49972575,30/04/2025 06:12,30/04/2025 18:21,USOUSD,Buy,0.500,0.00000,0.00000,60.11400,60.29500,0.0000,0.0000,18.1,90.50,0.10,"",0,00:12:08:33,,,,,,,,,,,,
,50436867,30/04/2025 17:36,30/04/2025 18:21,USOUSD,Buy,0.500,0.00000,0.00000,59.83400,60.28500,0.0000,0.0000,45.1,225.50,0.25,"",0,00:00:44:21,,,,,,,,,,,,
,50457408,30/04/2025 17:56,30/04/2025 18:21,USOUSD,Buy,0.500,0.00000,0.00000,59.58400,60.27500,0.0000,0.0000,69.1,345.50,0.38,"",0,00:00:24:51,,,,,,,,,,,,
,50455913,30/04/2025 17:55,30/04/2025 18:05,XAUUSD,Buy,0.500,0.00000,0.00000,3306.55000,3309.16000,0.0000,0.0000,261.0,130.50,0.14,"",0,00:00:10:18,,,,,,,,,,,,
,50431566,30/04/2025 17:33,30/04/2025 17:55,XAUUSD,Buy,0.500,0.00000,0.00000,3299.23000,3305.77000,0.0000,0.0000,654.0,327.00,0.36,"",0,00:00:22:03,,,,,,,,,,,,
,50433842,30/04/2025 17:34,30/04/2025 17:55,XAUUSD,Buy,0.500,0.00000,0.00000,3295.53000,3306.38000,0.0000,0.0000,1085.0,542.50,0.61,"",0,00:00:21:02,,,,,,,,,,,,
,50369424,30/04/2025 16:39,30/04/2025 17:34,XAUUSD,Sell,0.500,0.00000,0.00000,3319.49000,3295.65000,0.0000,0.0000,2384.0,1192.00,1.35,"",0,00:00:54:11,,,,,,,,,,,,
,50368767,30/04/2025 16:39,30/04/2025 17:34,XAUUSD,Sell,0.500,0.00000,0.00000,3318.47000,3295.65000,0.0000,0.0000,2282.0,1141.00,1.31,"",0,00:00:54:22,,,,,,,,,,,,
,50368766,30/04/2025 16:39,30/04/2025 17:34,XAUUSD,Sell,0.500,0.00000,0.00000,3318.47000,3295.65000,0.0000,0.0000,2282.0,1141.00,1.33,"",0,00:00:54:22,,,,,,,,,,,,
,50341205,30/04/2025 16:14,30/04/2025 17:34,XAUUSD,Sell,0.500,0.00000,0.00000,3307.13000,3295.65000,0.0000,0.0000,1148.0,574.00,0.67,"",0,00:01:19:40,,,,,,,,,,,,
,50324740,30/04/2025 15:57,30/04/2025 17:34,XAUUSD,Sell,0.500,0.00000,0.00000,3298.72000,3295.65000,0.0000,0.0000,307.0,153.50,0.18,"",0,00:01:36:08,,,,,,,,,,,,
,50368768,30/04/2025 16:39,30/04/2025 17:34,XAUUSD,Sell,0.500,0.00000,0.00000,3318.43000,3295.65000,0.0000,0.0000,2278.0,1139.00,1.36,"",0,00:00:54:21,,,,,,,,,,,,
,50368026,30/04/2025 16:38,30/04/2025 17:34,XAUUSD,Sell,0.500,0.00000,0.00000,3316.70000,3295.65000,0.0000,0.0000,2105.0,1052.50,1.27,"",0,00:00:55:19,,,,,,,,,,,,
,50315452,30/04/2025 15:48,30/04/2025 17:34,XAUUSD,Sell,0.500,0.00000,0.00000,3301.35000,3295.65000,0.0000,0.0000,570.0,285.00,0.34,"",0,00:01:45:38,,,,,,,,,,,,
,50136668,30/04/2025 11:21,30/04/2025 17:34,USOUSD,Buy,0.500,0.00000,0.00000,59.58400,59.91500,0.0000,0.0000,33.1,165.50,0.20,"",0,00:06:12:33,,,,,,,,,,,,
,50007996,30/04/2025 07:45,30/04/2025 17:34,USOUSD,Buy,0.500,0.00000,0.00000,59.85400,59.91500,0.0000,0.0000,6.1,30.50,0.04,"",0,00:09:48:45,,,,,,,,,,,,
,50096788,30/04/2025 10:44,30/04/2025 16:39,XAUUSD,Buy,0.500,0.00000,0.00000,3314.20000,3317.04000,0.0000,0.0000,284.0,142.00,0.17,"",0,00:05:54:43,,,,,,,,,,,,
,50341347,30/04/2025 16:14,30/04/2025 16:39,XAUUSD,Buy,0.500,0.00000,0.00000,3308.28000,3316.70000,0.0000,0.0000,842.0,421.00,0.51,"",0,00:00:24:46,,,,,,,,,,,,
,50284665,30/04/2025 15:22,30/04/2025 16:38,XAUUSD,Sell,0.500,3318.64000,0.00000,3288.28000,3318.65000,0.0000,0.0000,-3037.0,-1518.50,-1.82,"[sl 3318.64]",0,00:01:15:45,,,,,,,,,,,,
,50282454,30/04/2025 15:20,30/04/2025 16:38,XAUUSD,Sell,0.500,3318.43000,0.00000,3285.86000,3318.32000,0.0000,0.0000,-3246.0,-1623.00,-1.91,"[sl 3318.43]",0,00:01:17:32,,,,,,,,,,,,
,50286454,30/04/2025 15:23,30/04/2025 16:37,XAUUSD,Sell,0.500,3317.23000,0.00000,3289.24000,3317.96000,0.0000,0.0000,-2872.0,-1436.00,-1.66,"[sl 3317.23]",0,00:01:14:02,,,,,,,,,,,,
,50333527,30/04/2025 16:07,30/04/2025 16:14,XAUUSD,Buy,0.500,0.00000,0.00000,3300.66000,3307.35000,0.0000,0.0000,669.0,334.50,0.39,"",0,00:00:07:06,,,,,,,,,,,,
,50308906,30/04/2025 15:45,30/04/2025 15:48,USOUSD,Sell,0.500,0.00000,0.00000,59.74500,59.72400,0.0000,0.0000,2.1,10.50,0.01,"",0,00:00:03:23,,,,,,,,,,,,
,49546823,30/04/2025 11:14,30/04/2025 15:48,XAUUSD,Buy,0.500,0.00000,0.00000,3292.47000,3302.73000,0.0000,0.0000,1026.0,513.00,0.60,"",0,00:04:34:09,,,,,,,,,,,,
,50129841,30/04/2025 11:15,30/04/2025 15:48,XAUUSD,Buy,0.500,0.00000,0.00000,3287.73000,3302.80000,0.0000,0.0000,1507.0,753.50,0.89,"",0,00:04:32:49,,,,,,,,,,,,
,50276332,30/04/2025 15:15,30/04/2025 15:20,XAUUSD,Buy,0.500,0.00000,0.00000,3279.12000,3285.79000,0.0000,0.0000,667.0,333.50,0.39,"",0,00:00:04:35,,,,,,,,,,,,
,50210092,30/04/2025 13:25,30/04/2025 15:20,XAUUSD,Buy,0.500,0.00000,0.00000,3276.40000,3285.70000,0.0000,0.0000,930.0,465.00,0.55,"",0,00:01:55:02,,,,,,,,,,,,
,50254377,30/04/2025 14:52,30/04/2025 15:06,XAUUSD,Sell,0.500,0.00000,0.00000,3274.92000,3272.77000,0.0000,0.0000,215.0,107.50,0.13,"",0,00:00:14:14,,,,,,,,,,,,
,50204644,30/04/2025 14:02,30/04/2025 14:21,XAUUSD,Buy,0.500,0.00000,0.00000,3269.84000,3275.34000,0.0000,0.0000,550.0,275.00,0.33,"",0,00:00:18:52,,,,,,,,,,,,
,50145446,30/04/2025 11:28,30/04/2025 13:34,XAUUSD,Sell,0.500,0.00000,0.00000,3281.33000,3280.21000,0.0000,0.0000,112.0,56.00,0.07,"",0,00:02:06:11,,,,,,,,,,,,
,50145449,30/04/2025 11:28,30/04/2025 13:34,XAUUSD,Sell,0.500,0.00000,0.00000,3281.35000,3280.29000,0.0000,0.0000,106.0,53.00,0.06,"",0,00:02:06:09,,,,,,,,,,,,
,50032659,30/04/2025 08:36,30/04/2025 11:15,XAUUSD,Sell,0.500,0.00000,0.00000,3311.01000,3285.58000,0.0000,0.0000,2543.0,1271.50,1.54,"",0,00:02:38:51,,,,,,,,,,,,
,49861637,30/04/2025 02:20,30/04/2025 11:15,XAUUSD,Sell,0.500,0.00000,0.00000,3314.63000,3285.11000,0.0000,0.0000,2952.0,1476.00,1.83,"",0,00:08:54:53,,,,,,,,,,,,
,49913260,30/04/2025 04:20,30/04/2025 10:43,XAUUSD,Sell,0.500,3314.61000,0.00000,3317.82000,3314.70000,0.0000,0.0000,312.0,156.00,0.19,"[sl 3314.61]",0,00:06:23:08,,,,,,,,,,,,
,49410372,29/04/2025 10:55,30/04/2025 03:13,XAUUSD,Buy,0.500,0.00000,3327.87000,3322.57000,3327.86000,0.0000,0.0000,529.0,264.50,0.33,"[tp 3327.87]",0,00:16:18:26,,,,,,,,,,,,
,49235635,29/04/2025 06:17,30/04/2025 01:27,XAUUSD,Buy,0.500,0.00000,0.00000,3313.72000,3319.11000,0.0000,0.0000,539.0,269.50,0.34,"",0,00:19:10:06,,,,,,,,,,,,
,49651347,29/04/2025 16:50,29/04/2025 18:45,XAUUSD,Buy,0.500,0.00000,0.00000,3301.89000,3306.23000,0.0000,0.0000,434.0,217.00,0.27,"",0,00:01:55:01,,,,,,,,,,,,
,48930315,28/04/2025 18:42,28/04/2025 18:49,XAUUSD,Buy,0.500,0.00000,0.00000,3320.40000,3326.70000,0.0000,0.0000,630.0,315.00,0.40,"",0,00:00:06:52,,,,,,,,,,,,
,48858967,28/04/2025 17:34,28/04/2025 18:42,XAUUSD,Sell,0.500,0.00000,0.00000,3320.26000,3319.91000,0.0000,0.0000,35.0,17.50,0.02,"",0,00:01:08:25,,,,,,,,,,,,
,48864576,28/04/2025 17:37,28/04/2025 18:42,XAUUSD,Sell,0.500,0.00000,0.00000,3323.71000,3319.84000,0.0000,0.0000,387.0,193.50,0.24,"",0,00:01:05:04,,,,,,,,,,,,
,48868573,28/04/2025 17:39,28/04/2025 18:42,XAUUSD,Sell,0.500,0.00000,0.00000,3327.70000,3319.91000,0.0000,0.0000,779.0,389.50,0.49,"",0,00:01:02:57,,,,,,,,,,,,
,48877057,28/04/2025 17:46,28/04/2025 18:42,XAUUSD,Sell,0.500,0.00000,0.00000,3330.60000,3319.95000,0.0000,0.0000,1065.0,532.50,0.68,"",0,00:00:56:09,,,,,,,,,,,,
,48868668,28/04/2025 17:39,28/04/2025 17:46,XAUUSD,Buy,0.500,0.00000,0.00000,3327.02000,3330.02000,0.0000,0.0000,300.0,150.00,0.19,"",0,00:00:06:31,,,,,,,,,,,,
,48859228,28/04/2025 17:34,28/04/2025 17:37,XAUUSD,Buy,0.500,0.00000,0.00000,3320.98000,3323.84000,0.0000,0.0000,286.0,143.00,0.18,"",0,00:00:02:41,,,,,,,,,,,,
,48849039,28/04/2025 17:27,28/04/2025 17:34,XAUUSD,Buy,0.500,0.00000,0.00000,3313.70000,3320.33000,0.0000,0.0000,663.0,331.50,0.43,"",0,00:00:07:09,,,,,,,,,,,,
,48849172,28/04/2025 17:27,28/04/2025 17:34,XAUUSD,Buy,0.500,0.00000,0.00000,3315.01000,3320.39000,0.0000,0.0000,538.0,269.00,0.35,"",0,00:00:06:53,,,,,,,,,,,,
,47721476,25/04/2025 13:38,28/04/2025 17:27,XAUUSD,Buy,0.500,0.00000,0.00000,3304.91000,3313.80000,0.0000,0.0000,889.0,444.50,0.58,"",0,03:03:48:33,,,,,,,,,,,,
,48283825,28/04/2025 04:36,28/04/2025 17:27,XAUUSD,Buy,0.500,0.00000,0.00000,3287.16000,3314.11000,0.0000,0.0000,2695.0,1347.50,1.78,"",0,00:12:51:00,,,,,,,,,,,,
,48510467,28/04/2025 09:58,28/04/2025 17:27,XAUUSD,Buy,0.500,0.00000,0.00000,3282.71000,3314.18000,0.0000,0.0000,3147.0,1573.50,2.12,"",0,00:07:28:41,,,,,,,,,,,,
,48309827,28/04/2025 05:03,28/04/2025 17:26,XAUUSD,Buy,0.500,0.00000,0.00000,3276.04000,3314.65000,0.0000,0.0000,3861.0,1930.50,2.67,"",0,00:12:23:55,,,,,,,,,,,,
,47862041,25/04/2025 16:21,25/04/2025 22:24,USOUSD,Buy,0.500,0.00000,63.63200,62.59000,63.64100,0.0000,0.0000,105.1,525.50,0.73,"[tp 63.632]",0,00:06:03:04,,,,,,,,,,,,
,46729683,24/04/2025 11:12,25/04/2025 22:23,USOUSD,Buy,1.000,0.00000,63.60500,63.26200,63.60600,0.0000,0.0000,34.4,344.00,0.48,"[tp 63.605]",0,01:11:11:17,,,,,,,,,,,,
,47995012,25/04/2025 20:20,25/04/2025 21:08,XAUUSD,Sell,0.500,3296.94000,0.00000,3290.48000,3296.99000,0.0000,0.0000,-651.0,-325.50,-0.45,"[sl 3296.94]",0,00:00:48:05,,,,,,,,,,,,
,47925500,25/04/2025 17:18,25/04/2025 21:06,XAUUSD,Sell,0.500,3295.67000,0.00000,3279.98000,3296.01000,0.0000,0.0000,-1603.0,-801.50,-1.10,"[sl 3295.67]",0,00:03:48:48,,,,,,,,,,,,
,47860375,25/04/2025 16:19,25/04/2025 17:15,XAUUSD,Buy,0.500,0.00000,0.00000,3277.06000,3281.61000,0.0000,0.0000,455.0,227.50,0.31,"",0,00:00:56:15,,,,,,,,,,,,
,47869027,25/04/2025 16:28,25/04/2025 17:15,XAUUSD,Buy,0.500,0.00000,0.00000,3269.40000,3281.61000,0.0000,0.0000,1221.0,610.50,0.85,"",0,00:00:47:13,,,,,,,,,,,,
,47797302,25/04/2025 15:20,25/04/2025 16:18,XAUUSD,Sell,0.500,0.00000,3272.02000,3293.43000,3271.79000,0.0000,0.0000,2164.0,1082.00,1.53,"[tp 3272.02]",0,00:00:58:12,,,,,,,,,,,,
,47536231,25/04/2025 09:21,25/04/2025 13:38,XAUUSD,Buy,0.500,0.00000,0.00000,3298.04000,3304.70000,0.0000,0.0000,666.0,333.00,0.47,"",0,00:04:16:40,,,,,,,,,,,,
,47679892,25/04/2025 12:43,25/04/2025 13:33,XAUUSD,Sell,0.500,0.00000,0.00000,3298.81000,3304.78000,0.0000,0.0000,-597.0,-298.50,-0.42,"",0,00:00:50:11,,,,,,,,,,,,
,47086668,24/04/2025 19:30,25/04/2025 09:22,XAUUSD,Sell,0.500,0.00000,0.00000,3328.35000,3296.81000,0.0000,0.0000,3154.0,1577.00,2.28,"",0,00:13:52:15,,,,,,,,,,,,
,46730033,24/04/2025 11:13,25/04/2025 09:22,XAUUSD,Sell,0.500,0.00000,0.00000,3330.58000,3297.01000,0.0000,0.0000,3357.0,1678.50,2.49,"",0,00:22:08:27,,,,,,,,,,,,
,46836778,24/04/2025 14:20,25/04/2025 09:22,XAUUSD,Sell,0.500,0.00000,0.00000,3337.49000,3296.82000,0.0000,0.0000,4067.0,2033.50,3.11,"",0,00:19:01:53,,,,,,,,,,,,
,47275214,25/04/2025 03:23,25/04/2025 09:22,XAUUSD,Sell,0.500,0.00000,0.00000,3358.28000,3296.87000,0.0000,0.0000,6141.0,3070.50,4.93,"",0,00:05:59:13,,,,,,,,,,,,
,46730195,24/04/2025 11:14,25/04/2025 08:54,XAUUSD,Sell,0.500,0.00000,3287.40000,3331.55000,3288.16000,0.0000,0.0000,4339.0,2169.50,3.61,"[tp 3287.40]",0,00:21:40:44,,,,,,,,,,,,
,47250274,25/04/2025 02:39,25/04/2025 03:31,XAUUSD,Buy,0.500,0.00000,0.00000,3351.80000,3358.73000,0.0000,0.0000,693.0,346.50,0.58,"",0,00:00:51:42,,,,,,,,,,,,
,47229980,25/04/2025 02:00,25/04/2025 02:39,XAUUSD,Sell,0.500,0.00000,0.00000,3363.47000,3351.51000,0.0000,0.0000,1196.0,598.00,1.01,"",0,00:00:39:03,,,,,,,,,,,,
,45587177,23/04/2025 06:06,25/04/2025 02:00,XAUUSD,Buy,0.500,0.00000,0.00000,3346.04000,3364.09000,0.0000,0.0000,1805.0,902.50,1.55,"",0,01:19:53:29,,,,,,,,,,,,
,46560747,24/04/2025 06:24,24/04/2025 14:17,XAUUSD,Buy,0.500,0.00000,0.00000,3328.51000,3337.65000,0.0000,0.0000,914.0,457.00,0.79,"",0,00:07:53:06,,,,,,,,,,,,
,46560767,24/04/2025 06:24,24/04/2025 11:12,USOUSD,Buy,0.500,0.00000,0.00000,62.58200,63.22300,0.0000,0.0000,64.1,320.50,0.56,"",0,00:04:47:21,,,,,,,,,,,,
,46110903,23/04/2025 17:11,24/04/2025 11:12,USOUSD,Buy,1.000,0.00000,0.00000,62.92300,63.22300,0.0000,0.0000,30.0,300.00,0.53,"",0,00:18:00:57,,,,,,,,,,,,
,46419954,24/04/2025 03:41,24/04/2025 04:34,XAUUSD,Sell,0.500,0.00000,0.00000,3330.46000,3357.72000,0.0000,0.0000,-2726.0,-1363.00,-2.33,"",0,00:00:53:00,,,,,,,,,,,,
,46419982,24/04/2025 03:41,24/04/2025 04:32,XAUUSD,Buy,0.500,0.00000,0.00000,3330.01000,3357.96000,0.0000,0.0000,2795.0,1397.50,2.45,"",0,00:00:51:08,,,,,,,,,,,,
,46039746,23/04/2025 16:35,24/04/2025 02:00,XAUUSD,Buy,0.500,0.00000,0.00000,3301.83000,3309.24000,0.0000,0.0000,741.0,370.50,0.65,"",0,00:09:25:02,,,,,,,,,,,,
,44012293,23/04/2025 17:14,24/04/2025 02:00,USOUSD,Buy,0.500,0.00000,0.00000,62.18800,62.55300,0.0000,0.0000,36.5,182.50,0.32,"",0,00:08:45:53,,,,,,,,,,,,
,46077118,23/04/2025 16:51,24/04/2025 01:03,XAUUSD,Buy,0.500,0.00000,0.00000,3273.04000,3301.09000,0.0000,0.0000,2805.0,1402.50,2.54,"",0,00:08:11:54,,,,,,,,,,,,
,46095088,23/04/2025 17:01,24/04/2025 01:03,XAUUSD,Buy,0.500,0.00000,0.00000,3264.93000,3301.17000,0.0000,0.0000,3624.0,1812.00,3.40,"",0,00:08:01:48,,,,,,,,,,,,
,46063381,23/04/2025 17:01,24/04/2025 01:03,XAUUSD,Buy,0.500,0.00000,0.00000,3263.87000,3301.36000,0.0000,0.0000,3749.0,1874.50,3.64,"",0,00:08:01:51,,,,,,,,,,,,
,45144390,23/04/2025 15:09,23/04/2025 16:48,USOUSD,Buy,1.000,0.00000,0.00000,63.47300,64.08900,0.0000,0.0000,61.6,616.00,1.21,"",0,00:01:38:50,,,,,,,,,,,,
,46053148,23/04/2025 16:40,23/04/2025 16:41,XAUUSD,Sell,0.500,0.00000,0.00000,3286.09000,3286.21000,0.0000,0.0000,-12.0,-6.00,-0.01,"",0,00:00:00:49,,,,,,,,,,,,
,45795699,23/04/2025 11:13,23/04/2025 16:34,XAUUSD,Sell,0.500,0.00000,0.00000,3307.43000,3301.83000,0.0000,0.0000,560.0,280.00,0.55,"",0,00:05:21:01,,,,,,,,,,,,
,45828851,23/04/2025 12:07,23/04/2025 16:34,XAUUSD,Sell,0.500,0.00000,0.00000,3327.38000,3302.35000,0.0000,0.0000,2503.0,1251.50,2.54,"",0,00:04:27:44,,,,,,,,,,,,
,45808134,23/04/2025 12:20,23/04/2025 16:34,XAUUSD,Sell,0.500,0.00000,0.00000,3339.06000,3302.45000,0.0000,0.0000,3661.0,1830.50,3.85,"",0,00:04:14:35,,,,,,,,,,,,
,45741623,23/04/2025 09:56,23/04/2025 11:13,XAUUSD,Buy,0.500,0.00000,0.00000,3295.30000,3307.64000,0.0000,0.0000,1234.0,617.00,1.32,"",0,00:01:17:21,,,,,,,,,,,,
,45708144,23/04/2025 09:18,23/04/2025 09:56,XAUUSD,Sell,0.500,0.00000,0.00000,3322.36000,3293.21000,0.0000,0.0000,2915.0,1457.50,3.21,"",0,00:00:37:13,,,,,,,,,,,,
,45638927,23/04/2025 07:44,23/04/2025 09:56,XAUUSD,Sell,0.500,0.00000,0.00000,3344.95000,3293.15000,0.0000,0.0000,5180.0,2590.00,6.05,"",0,00:02:11:35,,,,,,,,,,,,
,42963844,17/04/2025 19:30,23/04/2025 09:27,USOUSD,Buy,0.100,0.00000,0.00000,64.55600,65.12400,0.0000,0.0000,56.8,56.80,0.13,"",0,05:13:56:52,,,,,,,,,,,,
,45220750,22/04/2025 19:36,23/04/2025 09:27,USOUSD,Buy,1.000,0.00000,0.00000,64.61400,65.11400,0.0000,0.0000,50.0,500.00,1.18,"",0,00:13:50:36,,,,,,,,,,,,
,45430683,23/04/2025 02:56,23/04/2025 06:15,XAUUSD,Sell,0.500,0.00000,0.00000,3332.83000,3332.74000,0.0000,0.0000,9.0,4.50,0.01,"",0,00:03:18:48,,,,,,,,,,,,
,45524898,23/04/2025 04:47,23/04/2025 06:06,XAUUSD,Sell,0.500,0.00000,0.00000,3382.78000,3346.14000,0.0000,0.0000,3664.0,1832.00,4.53,"",0,00:01:19:16,,,,,,,,,,,,
,44017222,22/04/2025 19:38,23/04/2025 04:51,XAUUSD,Buy,0.100,0.00000,0.00000,3373.15000,3384.02000,0.0000,0.0000,1087.0,108.70,0.27,"",0,00:09:12:11,,,,,,,,,,,,
,45224575,22/04/2025 19:38,23/04/2025 04:51,XAUUSD,Buy,0.500,0.00000,0.00000,3375.23000,3383.19000,0.0000,0.0000,796.0,398.00,1.00,"",0,00:09:12:23,,,,,,,,,,,,
,45418856,23/04/2025 02:33,23/04/2025 04:45,XAUUSD,Buy,0.500,0.00000,0.00000,3339.50000,3384.08000,0.0000,0.0000,4458.0,2229.00,5.91,"",0,00:02:12:20,,,,,,,,,,,,
,45144403,22/04/2025 20:32,23/04/2025 02:32,USOUSD,Buy,1.000,0.00000,0.00000,63.97400,64.67400,0.0000,0.0000,70.0,700.00,1.89,"",0,00:06:00:44,,,,,,,,,,,,
,45173019,22/04/2025 19:02,22/04/2025 19:21,XAUUSD,Sell,0.500,0.00000,0.00000,3405.91000,3393.89000,0.0000,0.0000,1202.0,601.00,1.65,"",0,00:00:19:09,,,,,,,,,,,,
,45177947,22/04/2025 19:05,22/04/2025 19:21,XAUUSD,Sell,0.500,0.00000,0.00000,3414.39000,3393.44000,0.0000,0.0000,2095.0,1047.50,2.96,"",0,00:00:16:24,,,,,,,,,,,,
,45136915,22/04/2025 18:29,22/04/2025 18:53,XAUUSD,Buy,0.200,0.00000,0.00000,3414.02000,3424.79000,0.0000,0.0000,1077.0,215.40,0.61,"",0,00:00:23:21,,,,,,,,,,,,
,45138249,22/04/2025 18:30,22/04/2025 18:35,USOUSD,Buy,1.000,0.00000,0.00000,64.15400,64.16500,0.0000,0.0000,1.1,11.00,0.03,"",0,00:00:04:49,,,,,,,,,,,,
,45104606,22/04/2025 17:46,22/04/2025 18:30,USOUSD,Buy,0.500,0.00000,0.00000,63.70400,64.08500,0.0000,0.0000,38.1,190.50,0.55,"",0,00:00:43:34,,,,,,,,,,,,
,45043996,22/04/2025 16:46,22/04/2025 17:46,USOUSD,Buy,0.500,0.00000,0.00000,63.47400,63.67500,0.0000,0.0000,20.1,100.50,0.29,"",0,00:00:59:54,,,,,,,,,,,,
,44770466,22/04/2025 16:40,22/04/2025 17:33,XAUUSD,Buy,0.500,0.00000,0.00000,3416.01000,3436.48000,0.0000,0.0000,2047.0,1023.50,3.03,"",0,00:00:53:04,,,,,,,,,,,,
,43925406,21/04/2025 15:56,22/04/2025 16:42,XAUUSD,Sell,0.500,0.00000,0.00000,3412.58000,3416.95000,0.0000,0.0000,-437.0,-218.50,-0.64,"",0,01:00:45:24,,,,,,,,,,,,
,43820059,21/04/2025 13:39,22/04/2025 16:41,XAUUSD,Sell,0.100,0.00000,0.00000,3393.60000,3415.17000,0.0000,0.0000,-2157.0,-215.70,-0.63,"",0,01:03:02:31,,,,,,,,,,,,
,43737492,21/04/2025 10:54,22/04/2025 16:41,XAUUSD,Sell,0.100,0.00000,0.00000,3382.07000,3415.26000,0.0000,0.0000,-3319.0,-331.90,-0.96,"",0,01:05:47:24,,,,,,,,,,,,
,43535095,21/04/2025 05:05,22/04/2025 16:41,XAUUSD,Sell,0.100,0.00000,0.00000,3380.08000,3415.16000,0.0000,0.0000,-3508.0,-350.80,-1.00,"",0,01:11:36:04,,,,,,,,,,,,
,43485492,21/04/2025 03:54,22/04/2025 16:41,XAUUSD,Sell,0.100,0.00000,0.00000,3366.98000,3416.64000,0.0000,0.0000,-4966.0,-496.60,-1.40,"",0,01:12:47:38,,,,,,,,,,,,
,44313482,22/04/2025 03:18,22/04/2025 16:40,XAUUSD,Sell,0.500,0.00000,0.00000,3423.53000,3420.87000,0.0000,0.0000,266.0,133.00,0.38,"",0,00:13:21:59,,,,,,,,,,,,
,44992858,22/04/2025 16:09,22/04/2025 16:40,XAUUSD,Sell,0.200,0.00000,0.00000,3436.69000,3421.20000,0.0000,0.0000,1549.0,309.80,0.89,"",0,00:00:30:59,,,,,,,,,,,,
,44016625,21/04/2025 17:10,22/04/2025 16:40,XAUUSD,Sell,0.500,0.00000,0.00000,3429.05000,3421.44000,0.0000,0.0000,761.0,380.50,1.10,"",0,00:23:30:01,,,,,,,,,,,,
,45009728,22/04/2025 16:25,22/04/2025 16:40,XAUUSD,Sell,0.620,0.00000,0.00000,3446.61000,3421.50000,0.0000,0.0000,2511.0,1556.82,4.71,"",0,00:00:15:07,,,,,,,,,,,,
,44987802,22/04/2025 16:06,22/04/2025 16:09,XAUUSD,Buy,0.200,0.00000,0.00000,3430.79000,3437.28000,0.0000,0.0000,649.0,129.80,0.39,"",0,00:00:02:50,,,,,,,,,,,,
,44776013,22/04/2025 11:50,22/04/2025 16:05,XAUUSD,Sell,0.500,0.00000,3424.06000,3453.58000,3423.42000,0.0000,0.0000,3016.0,1508.00,4.80,"[tp 3424.06]",0,00:04:14:44,,,,,,,,,,,,
,44756383,22/04/2025 11:31,22/04/2025 13:01,USOUSD,Buy,0.500,0.00000,0.00000,63.59400,63.88500,0.0000,0.0000,29.1,145.50,0.47,"",0,00:01:30:41,,,,,,,,,,,,
,44788273,22/04/2025 12:01,22/04/2025 12:35,XAUUSD,Buy,0.200,0.00000,0.00000,3448.72000,3452.34000,0.0000,0.0000,362.0,72.40,0.23,"",0,00:00:34:10,,,,,,,,,,,,
,44773702,22/04/2025 11:47,22/04/2025 11:50,XAUUSD,Buy,0.500,0.00000,0.00000,3450.14000,3452.55000,0.0000,0.0000,241.0,120.50,0.39,"",0,00:00:02:25,,,,,,,,,,,,
,44398013,22/04/2025 04:54,22/04/2025 11:47,XAUUSD,Sell,0.500,0.00000,0.00000,3452.55000,3450.28000,0.0000,0.0000,227.0,113.50,0.37,"",0,00:06:53:13,,,,,,,,,,,,
,44505974,22/04/2025 06:37,22/04/2025 11:47,XAUUSD,Sell,0.500,0.00000,0.00000,3487.09000,3449.93000,0.0000,0.0000,3716.0,1858.00,6.39,"",0,00:05:09:50,,,,,,,,,,,,
,44591485,22/04/2025 08:45,22/04/2025 11:47,XAUUSD,Sell,0.500,0.00000,0.00000,3489.97000,3450.20000,0.0000,0.0000,3977.0,1988.50,7.34,"",0,00:03:01:52,,,,,,,,,,,,
,44314475,22/04/2025 03:19,22/04/2025 11:04,USOUSD,Buy,0.500,0.00000,0.00000,63.47400,63.90500,0.0000,0.0000,43.1,215.50,0.80,"",0,00:07:45:35,,,,,,,,,,,,
,44730933,22/04/2025 10:49,22/04/2025 11:04,USOUSD,Buy,0.500,0.00000,63.88900,63.59900,63.90500,0.0000,0.0000,30.6,153.00,0.57,"[tp 63.889]",0,00:00:14:58,,,,,,,,,,,,
,44592319,22/04/2025 08:46,22/04/2025 10:15,USOUSD,Buy,1.000,0.00000,0.00000,63.20000,63.45500,0.0000,0.0000,25.5,255.00,0.96,"",0,00:01:29:11,,,,,,,,,,,,
,44591372,22/04/2025 08:45,22/04/2025 08:45,XAUUSD,Buy,0.500,0.00000,0.00000,3489.88000,3489.87000,0.0000,0.0000,-1.0,-0.50,0.00,"",0,00:00:00:04,,,,,,,,,,,,
,44480583,22/04/2025 06:16,22/04/2025 06:30,XAUUSD,Buy,0.500,0.00000,3490.43000,3478.28000,3490.92000,0.0000,0.0000,1264.0,632.00,2.44,"[tp 3490.43]",0,00:00:14:10,,,,,,,,,,,,
,44441261,22/04/2025 05:38,22/04/2025 05:52,XAUUSD,Buy,0.500,0.00000,0.00000,3463.04000,3468.39000,0.0000,0.0000,535.0,267.50,1.05,"",0,00:00:14:18,,,,,,,,,,,,
,44395601,22/04/2025 04:52,22/04/2025 04:54,XAUUSD,Buy,0.500,0.00000,0.00000,3451.04000,3452.67000,0.0000,0.0000,163.0,81.50,0.32,"",0,00:00:02:03,,,,,,,,,,,,
,43536106,21/04/2025 05:09,22/04/2025 03:19,USOUSD,Buy,0.200,0.00000,0.00000,63.29500,63.44500,0.0000,0.0000,15.0,30.00,0.12,"",0,00:22:10:04,,,,,,,,,,,,
,43767318,21/04/2025 11:54,22/04/2025 03:19,USOUSD,Buy,0.200,0.00000,0.00000,63.02000,63.44500,0.0000,0.0000,42.5,85.00,0.33,"",0,00:15:24:45,,,,,,,,,,,,
,43835250,21/04/2025 14:10,22/04/2025 03:02,USOUSD,Buy,0.500,0.00000,0.00000,62.92000,63.41000,0.0000,0.0000,49.0,245.00,0.97,"",0,00:12:52:04,,,,,,,,,,,,
,44057641,21/04/2025 17:52,22/04/2025 03:02,USOUSD,Buy,0.500,0.00000,0.00000,62.63000,63.41000,0.0000,0.0000,78.0,390.00,1.58,"",0,00:09:09:34,,,,,,,,,,,,
,44085359,21/04/2025 18:24,22/04/2025 02:18,XAUUSD,Buy,0.200,0.00000,3440.32000,3419.10000,3440.00000,0.0000,0.0000,2090.0,418.00,1.72,"[tp 3440.32]",0,00:07:53:27,,,,,,,,,,,,
,43783763,21/04/2025 12:28,21/04/2025 17:39,USOUSD,Buy,0.200,0.00000,0.00000,62.72000,62.81600,0.0000,0.0000,9.6,19.20,0.08,"",0,00:05:11:18,,,,,,,,,,,,
,43767339,21/04/2025 12:41,21/04/2025 17:39,USOUSD,Buy,0.200,0.00000,0.00000,62.59000,62.82100,0.0000,0.0000,23.1,46.20,0.19,"",0,00:04:58:06,,,,,,,,,,,,
,44004957,21/04/2025 16:58,21/04/2025 17:10,XAUUSD,Buy,0.100,0.00000,0.00000,3423.74000,3429.33000,0.0000,0.0000,559.0,55.90,0.23,"",0,00:00:12:33,,,,,,,,,,,,
,43929478,21/04/2025 15:58,21/04/2025 16:08,XAUUSD,Buy,0.100,0.00000,3424.21000,3414.92000,3424.46000,0.0000,0.0000,954.0,95.40,0.40,"[tp 3424.21]",0,00:00:09:33,,,,,,,,,,,,
,43708934,21/04/2025 10:01,21/04/2025 15:57,XAUUSD,Buy,0.100,0.00000,0.00000,3393.60000,3412.65000,0.0000,0.0000,1905.0,190.50,0.80,"",0,00:05:55:29,,,,,,,,,,,,
,43561631,21/04/2025 05:55,21/04/2025 10:01,XAUUSD,Buy,0.100,0.00000,0.00000,3384.13000,3393.38000,0.0000,0.0000,925.0,92.50,0.39,"",0,00:04:05:54,,,,,,,,,,,,
,43485300,21/04/2025 03:53,21/04/2025 05:05,XAUUSD,Buy,0.100,0.00000,0.00000,3367.60000,3380.11000,0.0000,0.0000,1251.0,125.10,0.53,"",0,00:01:11:55,,,,,,,,,,,,
,42925121,17/04/2025 18:21,21/04/2025 04:13,USOUSD,Sell,1.000,0.00000,0.00000,63.73700,63.32000,0.0000,0.0000,41.7,417.00,1.79,"",0,03:09:51:40,,,,,,,,,,,,
,42264919,17/04/2025 02:20,21/04/2025 03:51,XAUUSD,Buy,0.050,0.00000,0.00000,3351.67000,3367.39000,0.0000,0.0000,1572.0,78.60,0.34,"",0,04:01:30:53,50.0,2d ,0.0,0.00,1572.0,78.60000000000001,0.0,0.0,100.0,100.0,0.00,0.00
,42452575,17/04/2025 07:04,21/04/2025 03:51,XAUUSD,Buy,0.050,0.00000,0.00000,3341.68000,3366.94000,0.0000,0.0000,2526.0,126.30,0.55,"",0,03:20:46:52,,,,,,,,,,,,
,42828732,17/04/2025 16:52,21/04/2025 03:51,XAUUSD,Buy,0.050,0.00000,0.00000,3319.03000,3366.80000,0.0000,0.0000,4777.0,238.85,1.05,"",0,03:10:59:29,,,,,,,,,,,,
,42757445,17/04/2025 15:27,21/04/2025 03:06,XAUUSD,Buy,0.050,0.00000,3354.83000,3326.58000,3354.93000,0.0000,0.0000,2835.0,141.75,0.62,"[tp 3354.83]",0,03:11:39:22,,,,,,,,,,,,
,42976632,17/04/2025 19:51,21/04/2025 01:18,XAUUSD,Sell,0.300,3348.28000,0.00000,3316.65000,3348.80000,0.0000,0.0000,-3215.0,-964.50,-4.07,"[sl 3348.28]",0,03:05:27:23,,,,,,,,,,,,
,42977055,21/04/2025 01:01,21/04/2025 01:17,XAUUSD,Sell,0.980,3345.55000,0.00000,3332.14000,3345.60000,0.0000,0.0000,-1346.0,-1319.08,-5.28,"[sl 3345.55]",0,00:00:16:47,,,,,,,,,,,,
,42838532,17/04/2025 16:58,17/04/2025 20:06,XAUUSD,Buy,0.050,0.00000,0.00000,3312.51000,3318.21000,0.0000,0.0000,570.0,28.50,0.11,"",0,00:03:07:17,,,,,,,,,,,,
,42943684,17/04/2025 18:51,17/04/2025 19:30,USOUSD,Buy,0.100,0.00000,0.00000,64.17600,64.52700,0.0000,0.0000,35.1,35.10,0.14,"",0,00:00:39:02,,,,,,,,,,,,
,42934102,17/04/2025 18:36,17/04/2025 19:23,XAUUSD,Buy,0.100,0.00000,0.00000,3294.40000,3307.41000,0.0000,0.0000,1301.0,130.10,0.52,"",0,00:00:47:14,,,,,,,,,,,,
,42922301,17/04/2025 18:16,17/04/2025 18:30,USOUSD,Buy,0.100,0.00000,0.00000,63.75600,64.02700,0.0000,0.0000,27.1,27.10,0.11,"",0,00:00:13:50,,,,,,,,,,,,
,42888938,17/04/2025 17:36,17/04/2025 18:16,XAUUSD,Buy,0.100,0.00000,0.00000,3287.00000,3301.70000,0.0000,0.0000,1470.0,147.00,0.60,"",0,00:00:39:46,,,,,,,,,,,,
,42888777,17/04/2025 17:36,17/04/2025 18:16,XAUUSD,Buy,0.100,0.00000,0.00000,3286.96000,3301.87000,0.0000,0.0000,1491.0,149.10,0.61,"",0,00:00:39:56,,,,,,,,,,,,
,42489959,17/04/2025 08:30,17/04/2025 18:16,USOUSD,Buy,0.050,0.00000,0.00000,63.13600,63.70700,0.0000,0.0000,57.1,28.55,0.12,"",0,00:09:45:41,,,,,,,,,,,,
,42524466,17/04/2025 09:19,17/04/2025 18:16,USOUSD,Buy,0.100,0.00000,0.00000,62.98100,63.70700,0.0000,0.0000,72.6,72.60,0.30,"",0,00:08:56:45,,,,,,,,,,,,
,42747661,17/04/2025 15:17,17/04/2025 15:26,XAUUSD,Sell,0.050,0.00000,0.00000,3336.72000,3325.72000,0.0000,0.0000,1100.0,55.00,0.23,"",0,00:00:09:07,,,,,,,,,,,,
,42515412,17/04/2025 09:06,17/04/2025 15:16,XAUUSD,Buy,0.050,0.00000,0.00000,3328.88000,3335.78000,0.0000,0.0000,690.0,34.50,0.14,"",0,00:06:10:18,,,,,,,,,,,,
,42568870,17/04/2025 10:18,17/04/2025 15:16,XAUUSD,Buy,0.050,0.00000,0.00000,3316.67000,3335.92000,0.0000,0.0000,1925.0,96.25,0.40,"",0,00:04:57:39,,,,,,,,,,,,
,42386533,17/04/2025 05:11,17/04/2025 07:03,USOUSD,Buy,0.050,0.00000,0.00000,62.74600,62.93700,0.0000,0.0000,19.1,9.55,0.04,"",0,00:01:51:59,,,,,,,,,,,,
,42372257,17/04/2025 04:58,17/04/2025 05:58,XAUUSD,Buy,0.050,0.00000,3340.24000,3324.99000,3340.27000,0.0000,0.0000,1528.0,76.40,0.32,"[tp 3340.24]",0,00:01:00:18,,,,,,,,,,,,
,42263734,17/04/2025 02:18,17/04/2025 04:38,XAUUSD,Sell,0.050,0.00000,0.00000,3350.39000,3342.25000,0.0000,0.0000,814.0,40.70,0.17,"",0,00:02:20:16,,,,,,,,,,,,
,42078575,16/04/2025 18:30,17/04/2025 02:18,USOUSD,Buy,0.050,0.00000,0.00000,62.39700,62.71200,0.0000,0.0000,31.5,15.75,0.07,"",0,00:07:47:54,,,,,,,,,,,,
,42081077,16/04/2025 18:33,16/04/2025 18:52,XAUUSD,Buy,0.050,0.00000,3325.82000,3317.36000,3325.99000,0.0000,0.0000,863.0,43.15,0.18,"[tp 3325.82]",0,00:00:19:04,,,,,,,,,,,,
,36990465,16/04/2025 18:29,,,Deposit,0.000,0.00000,0.00000,0.00000,0.00000,0.0000,0.0000,0.0,20000.00,0,"Deposit-TH-QR-CPS-APP",0,00:00:00:00,,,,,,,,,,,,
,36631918,08/04/2025 07:07,09/04/2025 01:39,XAUUSD,Buy,0.010,0.00000,0.00000,2999.76000,2982.45000,0.0000,0.0000,-1731.0,-17.31,-94.54,"[so 19.00%/1.14/6.00]",0,00:18:32:18,,,,,,,,,,,,
,36324924,07/04/2025 18:01,09/04/2025 01:37,USOUSD,Buy,0.010,0.00000,0.00000,61.26800,57.70500,0.0000,0.0000,-356.3,-35.63,-66.05,"[so 19.50%/1.41/7.23]",0,01:07:36:46,,,,,,,,,,,,
,36288412,07/04/2025 17:25,09/04/2025 01:37,USOUSD,Buy,0.010,0.00000,0.00000,62.05300,57.72000,0.0000,0.0000,-433.3,-43.33,-44.55,"[so 18.42%/1.56/8.47]",0,01:08:12:27,,,,,,,,,,,,
,36089552,08/04/2025 22:07,09/04/2025 01:36,USOUSD,Buy,0.050,0.00000,0.00000,58.92900,57.78000,0.0000,0.0000,-114.9,-57.45,-37.13,"[so 11.49%/1.65/14.36]",0,00:03:29:01,,,,,,,,,,,,
,36089388,08/04/2025 21:42,09/04/2025 01:36,USOUSD,Buy,0.050,0.00000,0.00000,59.34400,57.77500,0.0000,0.0000,-156.9,-78.45,-33.64,"[so 15.03%/3.05/20.29]",0,00:03:54:23,,,,,,,,,,,,
,36288573,07/04/2025 18:14,08/04/2025 06:25,USOUSD,Buy,0.020,0.00000,0.00000,60.43300,61.52000,0.0000,0.0000,108.7,21.74,10.28,"",0,00:12:10:36,,,,,,,,,,,,
,36434125,07/04/2025 20:43,08/04/2025 06:25,XAUUSD,Buy,0.010,0.00000,0.00000,2969.00000,2997.45000,0.0000,0.0000,2845.0,28.45,15.55,"",0,00:09:42:03,,,,,,,,,,,,
,36352700,07/04/2025 18:30,08/04/2025 06:25,XAUUSD,Buy,0.010,0.00000,0.00000,2986.82000,2997.90000,0.0000,0.0000,1108.0,11.08,6.45,"",0,00:11:54:51,,,,,,,,,,,,
,36089116,07/04/2025 13:27,07/04/2025 16:27,USOUSD,Buy,0.010,0.00000,0.00000,60.13800,60.63400,0.0000,0.0000,49.6,4.96,2.97,"",0,00:03:00:33,,,,,,,,,,,,
,35968679,07/04/2025 10:17,07/04/2025 13:27,USOUSD,Buy,0.030,0.00000,0.00000,59.51800,60.12400,0.0000,0.0000,60.6,18.18,12.22,"",0,00:03:10:18,,,,,,,,,,,,
,35968198,07/04/2025 10:16,07/04/2025 13:27,USOUSD,Buy,0.010,0.00000,0.00000,59.54800,60.12400,0.0000,0.0000,57.6,5.76,4.03,"",0,00:03:10:52,,,,,,,,,,,,
,30789190,05/04/2025 14:30,,,Deposit,0.000,0.00000,0.00000,0.00000,0.00000,0.0000,0.0000,0.0,143.00,0,"Transfer In from 143041",0,00:00:00:00,,,,,,,,,,,,
,23241871,14/03/2025 16:36,,,Deposit,0.000,0.00000,0.00000,0.00000,0.00000,0.0000,0.0000,0.0,163.78,0,"Cash Adjustment - Debt W/O",0,00:00:00:00,,,,,,,,,,,,
,24459747,14/03/2025 03:50,14/03/2025 16:33,VIX.R,Buy,0.100,0.00000,0.00000,22.26700,21.74400,0.0000,0.0000,-0.5,-5230.00,-103.23,"[so -36.78%/-163.78/445.34]",0,00:12:42:46,,,,,,,,,,,,
,24459099,14/03/2025 03:48,14/03/2025 12:37,USOUSD,Buy,0.030,0.00000,0.00000,66.87000,67.26100,0.0000,0.0000,39.1,11.73,0.23,"",0,00:08:48:37,,,,,,,,,,,,
,24543668,14/03/2025 06:48,14/03/2025 12:37,USOUSD,Buy,0.050,0.00000,0.00000,67.02000,67.27100,0.0000,0.0000,25.1,12.55,0.25,"",0,00:05:48:23,,,,,,,,,,,,
,24546685,14/03/2025 06:53,14/03/2025 12:37,XAUUSD,Buy,0.050,0.00000,0.00000,2990.49000,2997.78000,0.0000,0.0000,729.0,36.45,0.73,"",0,00:05:43:57,,,,,,,,,,,,
,24493535,14/03/2025 04:42,14/03/2025 06:48,XAUUSD,Buy,0.030,0.00000,0.00000,2987.22000,2989.05000,0.0000,0.0000,183.0,5.49,0.11,"",0,00:02:06:32,,,,,,,,,,,,
,23025098,14/03/2025 03:48,,,Deposit,0.000,0.00000,0.00000,0.00000,0.00000,0.0000,0.0000,0.0,5000.00,0,"Transfer In from 143041",0,00:00:00:00,,,,,,,,,,,,

