Tags,Ticket,Open Date,Close Date,Symbol,Action,Units/Lots,SL,TP,Open Price,Close Price,Commission,Swap,Pips,Profit,Gain,Comment,Magic Number,Duration (DD:HH:MM:SS),Profitable(%),Profitable(time duration),Drawdown,Risk:Reward,Max(pips),Max(USD),Min(pips),Min(USD),Entry Accuracy(%),Exit Accuracy(%),ProfitMissed(pips),ProfitMissed(USD)
,129979107,01/10/2025 16:33,,,Deposit,0.000,0.00000,0.00000,0.00000,0.00000,0.0000,0.0000,0.0,2.98,0,"Cash Adjustment-Debt W/O",0,00:00:00:00,,,,,,,,,,,,
,122424792,01/10/2025 16:25,01/10/2025 16:30,USOUSD,Buy,0.020,0.00000,0.00000,61.80000,61.65000,0.0000,0.0000,-15.0,-2.98,-1.66,"",0,00:00:04:52,,,,,,,,,,,,
,123263138,23/09/2025 11:46,,,Deposit,0.000,0.00000,0.00000,0.00000,0.00000,0.0000,0.0000,0.0,17.90,0,"Cash Adjustment-Debt W/O",0,00:00:00:00,,,,,,,,,,,,
,132669990,22/09/2025 20:40,23/09/2025 11:44,XAUUSD,Sell,0.010,0.00000,0.00000,3745.84000,3769.88000,0.0000,0.0000,-2404.0,-24.04,-12.92,"",0,00:15:04:37,24.1,3h 38m,4131.0,4.54,746.0,7.46,-3385.0,-33.85,18.1,23.7,-3150.00,-31.50
,132726969,22/09/2025 20:12,23/09/2025 11:44,XAUUSD,Sell,0.010,0.00000,0.00000,3739.75000,3770.11000,0.0000,0.0000,-3036.0,-30.36,-18.01,"",0,00:15:31:12,1.7,15m,4131.0,29.15,137.0,1.37,-3994.0,-39.94,3.3,23.2,-3173.00,-31.73
,132092215,22/09/2025 09:28,23/09/2025 11:44,XAUUSD,Sell,0.010,0.00000,0.00000,3705.53000,3770.11000,0.0000,0.0000,-6458.0,-64.58,-27.70,"",0,01:02:15:46,0.0,0s,7416.0,10000.00,0.0,0.0,-7416.0,-74.16,0.0,12.9,-6458.00,-64.58
,132743845,22/09/2025 20:45,23/09/2025 11:44,XAUUSD,Buy,0.020,0.00000,0.00000,3745.82000,3769.80000,0.0000,0.0000,2398.0,47.96,34.71,"",0,00:14:59:00,75.9,11h 22m,2018.0,0.22,3387.0,67.74,-744.0,-14.88,82.0,76.1,-989.00,-19.78
,131876031,22/09/2025 04:16,23/09/2025 11:44,XAUUSD,Sell,0.010,0.00000,0.00000,3695.98000,3770.12000,0.0000,0.0000,-7414.0,-74.14,-29.91,"",0,01:07:27:45,2.7,50m,8871.0,16.75,500.0,5.0,-8371.0,-83.71000000000001,5.6,10.8,-7914.00,-79.14
,131836164,22/09/2025 03:48,23/09/2025 11:44,XAUUSD,Sell,0.010,0.00000,0.00000,3689.28000,3770.12000,0.0000,0.0000,-8084.0,-80.84,-24.59,"",0,01:07:55:37,0.0,0s,9041.0,10000.00,0.0,0.0,-9041.0,-90.41,0.0,10.6,-8084.00,-80.84
,131478855,19/09/2025 17:53,23/09/2025 11:44,XAUUSD,Sell,0.010,0.00000,0.00000,3666.49000,3770.07000,0.0000,0.0000,-10358.0,-103.58,-23.96,"",0,03:17:50:10,0.0,0s,11320.0,0.00,0.0,0.0,-11320.0,-113.2,0.0,8.5,-10358.00,-103.58
,132727041,22/09/2025 20:13,23/09/2025 11:44,XAUUSD,Buy,0.020,0.00000,0.00000,3740.18000,3769.88000,0.0000,0.0000,2970.0,59.40,34.19,"",0,00:15:30:57,97.0,15h 3m,2018.0,0.05,3951.0,79.02,-180.0,-3.6,95.6,76.3,-981.00,-19.62
,133055121,23/09/2025 08:35,23/09/2025 11:44,XAUUSD,Buy,0.020,0.00000,0.00000,3754.70000,3769.87000,0.0000,0.0000,1517.0,30.34,7.55,"",0,00:03:08:57,100.0,3h 8m,982.0,0.00,2499.0,49.980000000000004,0.0,0.0,100.0,60.7,-982.00,-19.64
,129692751,22/09/2025 09:40,23/09/2025 11:39,XAUUSD,Sell,0.020,0.00000,0.00000,3715.47000,3767.26000,0.0000,0.0000,-5179.0,-103.58,-20.49,"",0,01:01:59:21,1.3,20m,6614.0,33.56,192.0,3.84,-6422.0,-128.44,2.9,18.8,-5371.00,-107.42
,131253976,19/09/2025 13:30,23/09/2025 11:38,XAUUSD,Sell,0.010,0.00000,0.00000,3657.86000,3766.61000,0.0000,0.0000,-10875.0,-108.75,-17.70,"",0,03:22:08:03,0.3,16m,12297.0,107.53,114.0,1.1400000000000001,-12183.0,-121.83,0.9,10.6,-10989.00,-109.89
,130716629,18/09/2025 17:36,23/09/2025 11:38,XAUUSD,Sell,0.010,0.00000,0.00000,3639.88000,3766.50000,0.0000,0.0000,-12662.0,-126.62,-17.09,"",0,04:18:02:03,1.4,1h 35m,14275.0,47.62,294.0,2.94,-13981.0,-139.81,2.1,9.2,-12956.00,-129.56
,132894741,23/09/2025 04:36,23/09/2025 04:41,XAUUSD,Buy,0.020,0.00000,0.00000,3752.02000,3757.55000,0.0000,0.0000,553.0,11.06,1.52,"",0,00:00:04:38,20.0,55s,0.0,0.00,553.0,11.06,0.0,0.0,100.0,100.0,0.00,0.00
,132274535,22/09/2025 12:21,22/09/2025 20:12,XAUUSD,Buy,0.020,0.00000,0.00000,3724.08000,3739.54000,0.0000,0.0000,1546.0,30.92,4.42,"",0,00:07:51:09,69.5,5h 27m,1060.0,0.64,1655.0,33.1,-1054.0,-21.080000000000002,61.1,96.0,-109.00,-2.18
,132641261,22/09/2025 18:30,22/09/2025 20:12,XAUUSD,Buy,0.020,0.00000,0.00000,3732.24000,3739.50000,0.0000,0.0000,726.0,14.52,2.12,"",0,00:01:42:31,1.0,1m,0.0,0.00,726.0,14.52,0.0,0.0,100.0,100.0,0.00,0.00
,129662136,17/09/2025 21:04,22/09/2025 09:40,XAUUSD,Buy,0.010,0.00000,0.00000,3697.97000,3715.37000,0.0000,0.0000,1740.0,17.40,2.61,"",0,04:12:35:51,3.8,4h 7m,6364.0,3.66,1740.0,17.400000000000002,-6364.0,-63.64,21.5,100.0,0.00,0.00
,128896606,17/09/2025 02:42,22/09/2025 09:38,XAUUSD,Buy,0.010,0.00000,0.00000,3694.11000,3713.44000,0.0000,0.0000,1933.0,19.33,2.98,"",0,05:06:55:08,4.2,5h 19m,7103.0,3.08,1942.0,19.42,-5978.0,-59.78,24.5,99.9,-9.00,-0.09
,129728628,17/09/2025 21:28,22/09/2025 04:15,XAUUSD,Buy,0.010,0.00000,0.00000,3682.33000,3695.79000,0.0000,0.0000,1346.0,13.46,2.12,"",0,04:06:46:45,55.8,2d 9h ,4800.0,3.57,1346.0,13.46,-4800.0,-48.0,21.9,100.0,0.00,0.00
,130386919,18/09/2025 12:24,22/09/2025 04:14,XAUUSD,Buy,0.010,0.00000,0.00000,3671.88000,3695.29000,0.0000,0.0000,2341.0,23.41,3.83,"",0,03:15:49:43,67.4,2d 11h ,3755.0,1.60,2341.0,23.41,-3755.0,-37.550000000000004,38.4,100.0,0.00,0.00
,130580522,18/09/2025 16:30,19/09/2025 17:54,XAUUSD,Buy,0.010,0.00000,0.00000,3651.90000,3667.19000,0.0000,0.0000,1529.0,15.29,2.57,"",0,01:01:23:03,46.1,11h 42m,1496.0,0.98,1529.0,15.290000000000001,-1496.0,-14.96,50.5,100.0,0.00,0.00
,130536472,18/09/2025 16:39,19/09/2025 13:30,XAUUSD,Buy,0.010,0.00000,0.00000,3640.93000,3657.82000,0.0000,0.0000,1689.0,16.89,2.92,"",0,00:20:51:32,89.7,18h 42m,1464.0,0.21,1914.0,19.14,-399.0,-3.99,82.7,90.3,-225.00,-2.25
,130275795,18/09/2025 10:20,18/09/2025 16:39,XAUUSD,Sell,0.010,0.00000,0.00000,3648.46000,3640.93000,0.0000,0.0000,753.0,7.53,1.32,"",0,00:06:18:49,49.4,3h 7m,2377.0,3.16,753.0,7.53,-2377.0,-23.77,24.1,100.0,0.00,0.00
,130375228,18/09/2025 12:14,18/09/2025 16:30,XAUUSD,Sell,0.010,0.00000,0.00000,3667.53000,3652.17000,0.0000,0.0000,1536.0,15.36,2.76,"",0,00:04:16:03,88.3,3h 46m,470.0,0.31,1540.0,15.4,-470.0,-4.7,76.6,99.8,-4.00,-0.04
,130000757,18/09/2025 04:17,18/09/2025 12:22,XAUUSD,Buy,0.010,0.00000,0.00000,3657.40000,3670.90000,0.0000,0.0000,1350.0,13.50,2.49,"",0,00:08:05:10,57.4,4h 38m,2448.0,1.70,1350.0,13.5,-2300.0,-23.0,37.0,100.0,0.00,0.00
,130231289,18/09/2025 09:31,18/09/2025 12:14,XAUUSD,Buy,0.010,0.00000,0.00000,3636.66000,3667.58000,0.0000,0.0000,3092.0,30.92,6.05,"",0,00:02:43:38,0.7,1m,0.0,0.00,3092.0,30.92,0.0,0.0,100.0,100.0,0.00,0.00
,130050798,18/09/2025 05:20,18/09/2025 09:31,XAUUSD,Sell,0.010,0.00000,0.00000,3662.34000,3636.92000,0.0000,0.0000,2542.0,25.42,5.23,"",0,00:04:11:01,100.0,4h 11m,455.0,0.00,2794.0,27.94,0.0,0.0,100.0,91.0,-252.00,-2.52
,129639999,17/09/2025 21:01,18/09/2025 09:10,XAUUSD,Sell,0.010,0.00000,0.00000,3672.05000,3636.55000,0.0000,0.0000,3550.0,35.50,7.88,"",0,00:12:09:05,92.1,11h 11m,1448.0,0.00,3611.0,36.11,0.0,0.0,100.0,98.3,-61.00,-0.61
,129121404,17/09/2025 21:51,18/09/2025 02:53,XAUUSD,Buy,0.010,0.00000,0.00000,3650.07000,3669.84000,0.0000,0.0000,1977.0,19.77,4.59,"",0,00:05:02:13,97.4,4h 54m,354.0,0.00,2183.0,21.830000000000002,0.0,0.0,100.0,90.6,-206.00,-2.06
,129659332,17/09/2025 21:04,17/09/2025 21:28,XAUUSD,Sell,0.010,0.00000,0.00000,3695.97000,3682.27000,0.0000,0.0000,1370.0,13.70,3.29,"",0,00:00:24:22,4.2,1m,0.0,0.00,1370.0,13.700000000000001,0.0,0.0,100.0,100.0,0.00,0.00
,129549389,17/09/2025 18:37,17/09/2025 21:08,XAUUSD,Buy,0.010,0.00000,0.00000,3687.26000,3699.03000,0.0000,0.0000,1177.0,11.77,2.91,"",0,00:02:31:16,0.7,1m,0.0,0.00,1177.0,11.77,0.0,0.0,100.0,100.0,0.00,0.00
,129640616,17/09/2025 21:01,17/09/2025 21:02,XAUUSD,Buy,0.010,0.00000,0.00000,3675.13000,3685.49000,0.0000,0.0000,1036.0,10.36,2.62,"",0,00:00:01:04,,,,,,,,,,,,
,129637202,17/09/2025 21:01,17/09/2025 21:01,XAUUSD,Buy,0.010,0.00000,0.00000,3662.18000,3674.05000,0.0000,0.0000,1187.0,11.87,3.10,"",0,00:00:00:10,,,,,,,,,,,,
,129272612,17/09/2025 12:24,17/09/2025 21:01,XAUUSD,Sell,0.010,0.00000,0.00000,3669.55000,3658.89000,0.0000,0.0000,1066.0,10.66,2.86,"",0,00:08:36:26,0.2,1m,2132.0,2.00,1066.0,10.66,-2132.0,-21.32,33.3,100.0,0.00,0.00
,129543836,17/09/2025 18:21,17/09/2025 21:01,XAUUSD,Sell,0.010,0.00000,0.00000,3685.87000,3655.75000,0.0000,0.0000,3012.0,30.12,8.80,"",0,00:02:39:47,0.7,1m,0.0,0.00,3012.0,30.12,0.0,0.0,100.0,100.0,0.00,0.00
,128963233,17/09/2025 04:45,17/09/2025 18:21,XAUUSD,Buy,0.010,0.00000,0.00000,3678.04000,3685.83000,0.0000,0.0000,779.0,7.79,2.33,"",0,00:13:35:59,44.5,6h 3m,2588.0,2.11,858.0,8.58,-1809.0,-18.09,32.2,97.0,-79.00,-0.79
,129196846,17/09/2025 10:49,17/09/2025 15:50,XAUUSD,Buy,0.010,0.00000,0.00000,3669.24000,3676.70000,0.0000,0.0000,746.0,7.46,2.28,"",0,00:05:00:32,75.8,3h 47m,929.0,1.17,796.0,7.96,-929.0,-9.290000000000001,46.1,97.1,-50.00,-0.50
,129121271,17/09/2025 09:35,17/09/2025 10:49,XAUUSD,Sell,0.020,0.00000,0.00000,3675.40000,3669.06000,0.0000,0.0000,634.0,12.68,4.04,"",0,00:01:14:17,1.4,1m,0.0,0.00,634.0,12.68,0.0,0.0,100.0,100.0,0.00,0.00
,128978211,17/09/2025 05:06,17/09/2025 09:12,XAUUSD,Sell,0.010,0.00000,0.00000,3678.19000,3676.16000,0.0000,0.0000,203.0,2.03,0.65,"",0,00:04:05:59,82.2,3h 22m,764.0,2.45,312.0,3.12,-764.0,-7.640000000000001,29.0,89.9,-109.00,-1.09
,128720254,16/09/2025 17:53,17/09/2025 04:45,XAUUSD,Sell,0.010,0.00000,0.00000,3688.52000,3678.09000,0.0000,0.0000,1043.0,10.43,3.46,"",0,00:10:52:00,36.6,3h 58m,822.0,0.58,1125.0,11.25,-652.0,-6.5200000000000005,63.3,95.4,-82.00,-0.82
,128718910,16/09/2025 17:52,17/09/2025 02:42,XAUUSD,Buy,0.010,0.00000,0.00000,3687.88000,3693.90000,0.0000,0.0000,602.0,6.02,2.04,"",0,00:08:50:33,97.0,8h 34m,413.0,0.15,707.0,7.07,-106.0,-1.06,87.0,87.1,-105.00,-1.05
,128675915,16/09/2025 17:26,16/09/2025 18:06,USOUSD,Buy,0.020,0.00000,0.00000,64.19000,64.41000,0.0000,0.0000,22.0,4.52,1.55,"",0,00:00:39:46,,,,,,,,,,,,
,128670204,16/09/2025 17:22,16/09/2025 17:53,XAUUSD,Sell,0.010,0.00000,0.00000,3700.18000,3688.98000,0.0000,0.0000,1120.0,11.20,4.00,"",0,00:00:31:23,3.2,1m,0.0,0.00,1120.0,11.200000000000001,0.0,0.0,100.0,100.0,0.00,0.00
,118680745,16/09/2025 17:21,,,Deposit,0.000,0.00000,0.00000,0.00000,0.00000,0.0000,0.0000,0.0,100.00,0,"Deposit-TH-QR-CPS-APP",0,00:00:00:00,,,,,,,,,,,,
,118306955,16/09/2025 10:07,,,Deposit,0.000,0.00000,0.00000,0.00000,0.00000,0.0000,0.0000,0.0,19.17,0,"Cash Adjustment-Debt W/O",0,00:00:00:00,,,,,,,,,,,,
,127912218,15/09/2025 19:02,16/09/2025 10:05,XAUUSD,Sell,0.010,0.00000,0.00000,3679.02000,3692.84000,0.0000,0.0000,-1382.0,-13.82,-10.22,"",0,00:15:02:24,24.6,3h 41m,1797.0,4.55,324.0,3.24,-1473.0,-14.73,18.0,5.1,-1706.00,-17.06
,127880004,15/09/2025 18:47,16/09/2025 10:05,XAUUSD,Sell,0.020,0.00000,0.00000,3669.62000,3692.84000,0.0000,0.0000,-2322.0,-46.44,-25.57,"",0,00:15:17:49,0.0,0s,2413.0,2500.00,0.0,0.0,-2413.0,-48.26,0.0,3.8,-2322.00,-46.44
,124361083,15/09/2025 18:48,16/09/2025 10:05,XAUUSD,Sell,0.010,0.00000,0.00000,3670.25000,3692.84000,0.0000,0.0000,-2259.0,-22.59,-11.06,"",0,00:15:16:32,0.0,0s,2350.0,2500.00,0.0,0.0,-2350.0,-23.5,0.0,3.9,-2259.00,-22.59
,128047301,16/09/2025 03:16,16/09/2025 10:05,XAUUSD,Buy,0.020,0.00000,0.00000,3680.41000,3692.61000,0.0000,0.0000,1220.0,24.40,17.88,"",0,00:06:49:05,99.8,6h 48m,455.0,0.01,1334.0,26.68,-11.0,-0.22,99.2,91.5,-114.00,-2.28
,127998125,15/09/2025 21:54,16/09/2025 10:05,XAUUSD,Buy,0.020,0.00000,0.00000,3676.10000,3692.61000,0.0000,0.0000,1651.0,33.02,31.93,"",0,00:12:10:36,99.1,12h 4m,1090.0,0.02,1765.0,35.300000000000004,-32.0,-0.64,98.2,93.7,-114.00,-2.28
,125622969,11/09/2025 11:50,16/09/2025 10:05,USOUSD,Buy,0.020,0.00000,0.00000,63.44000,63.18000,0.0000,0.0000,-26.0,-5.20,-4.79,"",0,04:22:14:43,,,,,,,,,,,,
,125141625,10/09/2025 18:09,16/09/2025 10:05,USOUSD,Buy,0.020,0.00000,0.00000,63.82000,63.18000,0.0000,0.0000,-64.0,-12.78,-10.53,"",0,05:15:55:24,,,,,,,,,,,,
,127845457,15/09/2025 17:54,16/09/2025 09:53,XAUUSD,Sell,0.020,0.00000,0.00000,3662.90000,3690.05000,0.0000,0.0000,-2715.0,-54.30,-21.00,"",0,00:15:59:15,0.0,0s,2954.0,3333.33,0.0,0.0,-2954.0,-59.08,0.0,8.1,-2715.00,-54.30
,125888726,11/09/2025 16:02,16/09/2025 09:47,XAUUSD,Sell,0.010,0.00000,0.00000,3632.03000,3692.71000,0.0000,0.0000,-6068.0,-60.68,-19.01,"",0,04:17:45:29,1.4,1h 35m,6408.0,17.86,340.0,3.4,-6068.0,-60.68,5.3,0.0,-6408.00,-64.08
,127808810,15/09/2025 17:06,16/09/2025 09:47,XAUUSD,Sell,0.020,0.00000,0.00000,3658.56000,3691.73000,0.0000,0.0000,-3317.0,-66.34,-17.21,"",0,00:16:40:50,0.0,0s,3317.0,3333.33,0.0,0.0,-3317.0,-66.34,0.0,0.0,-3317.00,-66.34
,125673026,11/09/2025 12:34,16/09/2025 09:47,XAUUSD,Sell,0.010,0.00000,0.00000,3620.72000,3691.49000,0.0000,0.0000,-7077.0,-70.77,-15.51,"",0,04:21:12:50,0.0,0s,7077.0,10000.00,0.0,0.0,-7077.0,-70.77,0.0,0.0,-7077.00,-70.77
,125668825,11/09/2025 15:30,16/09/2025 09:46,XAUUSD,Sell,0.030,0.00000,3583.40000,3615.37000,3690.78000,0.0000,0.0000,-7541.0,-226.23,-33.14,"",0,04:18:16:04,0.0,0s,7541.0,10000.00,0.0,0.0,-7541.0,-226.23,0.0,0.0,-7541.00,-226.23
,127845476,15/09/2025 17:54,15/09/2025 18:06,XAUUSD,Buy,0.020,0.00000,0.00000,3663.15000,3664.84000,0.0000,0.0000,169.0,3.38,0.50,"",0,00:00:11:21,8.4,57s,0.0,0.01,169.0,3.38,0.0,0.0,100.0,100.0,0.00,0.00
,127835391,15/09/2025 17:39,15/09/2025 17:54,XAUUSD,Buy,0.020,0.00000,0.00000,3662.01000,3662.27000,0.0000,0.0000,26.0,0.52,0.08,"",0,00:00:15:13,6.7,1m,0.0,0.04,26.0,0.52,0.0,0.0,100.0,100.0,0.00,0.00
,127802180,15/09/2025 17:03,15/09/2025 17:06,XAUUSD,Buy,0.020,0.00000,0.00000,3656.87000,3658.78000,0.0000,0.0000,191.0,3.82,0.57,"",0,00:00:03:26,,,,,,,,,,,,
,127782621,15/09/2025 16:49,15/09/2025 17:03,XAUUSD,Sell,0.020,0.00000,0.00000,3660.19000,3657.36000,0.0000,0.0000,283.0,5.66,0.85,"",0,00:00:14:04,7.2,1m,0.0,0.00,283.0,5.66,0.0,0.0,100.0,100.0,0.00,0.00
,127413139,15/09/2025 10:13,15/09/2025 16:58,USOUSD,Buy,0.020,0.00000,0.00000,62.98000,63.42000,0.0000,0.0000,44.0,8.82,1.34,"",0,00:06:44:20,,,,,,,,,,,,
,127783418,15/09/2025 16:50,15/09/2025 16:52,XAUUSD,Buy,0.020,0.00000,0.00000,3661.39000,3661.36000,0.0000,0.0000,-3.0,-0.06,-0.01,"",0,00:00:02:31,,,,,,,,,,,,
,126367382,15/09/2025 16:37,15/09/2025 16:49,XAUUSD,Buy,0.040,0.00000,0.00000,3657.41000,3660.46000,0.0000,0.0000,305.0,12.20,1.88,"",0,00:00:11:55,8.4,1m,0.0,0.00,305.0,12.200000000000001,0.0,0.0,100.0,100.0,0.00,0.00
,127716915,15/09/2025 16:06,15/09/2025 16:49,XAUUSD,Buy,0.020,0.00000,0.00000,3650.05000,3660.36000,0.0000,0.0000,1031.0,20.62,3.29,"",0,00:00:42:47,2.4,1m,0.0,0.00,1031.0,20.62,0.0,0.0,100.0,100.0,0.00,0.00
,126606798,12/09/2025 15:02,15/09/2025 16:37,XAUUSD,Buy,0.020,0.00000,0.00000,3648.38000,3658.62000,0.0000,0.0000,1024.0,20.48,3.37,"",0,03:01:34:55,7.5,5h 31m,2197.0,1.96,1024.0,20.48,-2006.0,-40.12,33.8,100.0,0.00,0.00
,127253108,15/09/2025 05:22,15/09/2025 15:51,XAUUSD,Buy,0.010,0.00000,0.00000,3642.99000,3649.76000,0.0000,0.0000,677.0,6.77,1.13,"",0,00:10:29:44,57.8,6h 3m,1133.0,1.20,743.0,7.43,-890.0,-8.9,45.5,96.0,-66.00,-0.66
,127410830,15/09/2025 10:10,15/09/2025 15:47,XAUUSD,Buy,0.010,0.00000,0.00000,3637.81000,3648.32000,0.0000,0.0000,1051.0,10.51,1.78,"",0,00:05:36:39,99.8,5h 35m,884.0,0.03,1051.0,10.51,-27.0,-0.27,97.5,100.0,0.00,0.00
,127410695,15/09/2025 10:10,15/09/2025 10:12,XAUUSD,Sell,0.010,0.00000,0.00000,3637.51000,3636.88000,0.0000,0.0000,63.0,0.63,0.11,"",0,00:00:01:11,,,,,,,,,,,,
,127260697,15/09/2025 05:31,15/09/2025 10:10,XAUUSD,Sell,0.010,0.00000,0.00000,3642.65000,3637.64000,0.0000,0.0000,501.0,5.01,0.86,"",0,00:04:39:30,85.0,3h 57m,300.0,0.32,801.0,8.01,-256.0,-2.56,75.8,71.6,-300.00,-3.00
,126889121,12/09/2025 21:54,15/09/2025 10:10,USOUSD,Buy,0.020,0.00000,0.00000,62.72000,62.98000,0.0000,0.0000,26.0,5.18,0.89,"",0,02:12:15:39,,,,,,,,,,,,
,127128849,15/09/2025 02:44,15/09/2025 05:22,XAUUSD,Buy,0.010,0.00000,0.00000,3638.22000,3642.72000,0.0000,0.0000,450.0,4.50,0.78,"",0,00:02:38:01,0.7,1m,0.0,0.00,450.0,4.5,0.0,0.0,100.0,100.0,0.00,0.00
,127167480,15/09/2025 03:50,15/09/2025 05:22,XAUUSD,Buy,0.010,0.00000,0.00000,3633.78000,3642.73000,0.0000,0.0000,895.0,8.95,1.58,"",0,00:01:31:19,1.1,1m,0.0,0.00,895.0,8.950000000000001,0.0,0.0,100.0,100.0,0.00,0.00
,125885129,11/09/2025 19:11,15/09/2025 03:41,XAUUSD,Sell,0.010,0.00000,0.00000,3639.99000,3634.72000,0.0000,0.0000,527.0,5.27,0.94,"",0,03:08:30:19,13.4,10h 47m,2522.0,1.88,876.0,8.76,-1646.0,-16.46,34.7,86.2,-349.00,-3.49
,126301648,12/09/2025 05:53,15/09/2025 02:19,XAUUSD,Sell,0.010,0.00000,0.00000,3649.97000,3639.74000,0.0000,0.0000,1023.0,10.23,1.86,"",0,02:20:25:57,95.2,2d 17h ,1592.0,0.38,1206.0,12.06,-462.0,-4.62,72.3,89.0,-183.00,-1.83
,126496050,12/09/2025 11:57,12/09/2025 14:27,XAUUSD,Buy,0.010,0.00000,0.00000,3640.22000,3648.44000,0.0000,0.0000,822.0,8.22,1.52,"",0,00:02:30:06,0.7,1m,0.0,0.00,822.0,8.22,0.0,0.0,100.0,100.0,0.00,0.00
,125886640,11/09/2025 16:01,12/09/2025 14:18,USOUSD,Buy,0.020,0.00000,0.00000,62.83000,63.23000,0.0000,0.0000,40.0,7.84,1.47,"",0,00:22:17:02,,,,,,,,,,,,
,126308251,12/09/2025 06:03,12/09/2025 11:57,USOUSD,Buy,0.020,0.00000,0.00000,61.95000,62.50000,0.0000,0.0000,55.0,11.02,2.11,"",0,00:05:54:18,,,,,,,,,,,,
,124195930,09/09/2025 17:09,12/09/2025 08:29,XAUUSD,Buy,0.010,0.00000,0.00000,3649.08000,3653.59000,0.0000,0.0000,451.0,4.51,0.87,"",0,02:15:19:24,15.6,9h 52m,4130.0,4.14,804.0,8.040000000000001,-3326.0,-33.26,19.5,91.5,-353.00,-3.53
,126333736,12/09/2025 06:58,12/09/2025 08:29,XAUUSD,Buy,0.040,0.00000,0.00000,3653.25000,3654.01000,0.0000,0.0000,76.0,3.04,0.59,"",0,00:01:30:50,1.1,59s,0.0,0.01,76.0,3.04,0.0,0.0,100.0,100.0,0.00,0.00
,124638264,10/09/2025 07:08,12/09/2025 05:53,XAUUSD,Buy,0.010,0.00000,0.00000,3641.01000,3650.12000,0.0000,0.0000,911.0,9.11,1.80,"",0,01:22:44:14,43.4,20h 17m,4130.0,1.56,1611.0,16.11,-2519.0,-25.19,39.0,83.1,-700.00,-7.00
,125867473,11/09/2025 15:51,11/09/2025 16:02,XAUUSD,Buy,0.010,0.00000,0.00000,3627.79000,3631.86000,0.0000,0.0000,407.0,4.07,0.81,"",0,00:00:11:04,9.1,1m,0.0,0.00,407.0,4.07,0.0,0.0,100.0,100.0,0.00,0.00
,125828873,11/09/2025 15:35,11/09/2025 15:51,XAUUSD,Sell,0.010,0.00000,0.00000,3638.23000,3628.45000,0.0000,0.0000,978.0,9.78,1.99,"",0,00:00:16:27,6.3,1m,0.0,0.00,978.0,9.78,0.0,0.0,100.0,100.0,0.00,0.00
,125432368,11/09/2025 08:32,11/09/2025 15:35,XAUUSD,Buy,0.010,0.00000,0.00000,3626.02000,3639.34000,0.0000,0.0000,1332.0,13.32,2.78,"",0,00:07:02:38,50.2,3h 32m,1505.0,0.80,1332.0,13.32,-1067.0,-10.67,55.5,100.0,0.00,0.00
,125657627,11/09/2025 12:16,11/09/2025 15:35,XAUUSD,Buy,0.010,0.00000,0.00000,3615.16000,3639.05000,0.0000,0.0000,2389.0,23.89,5.25,"",0,00:03:18:30,100.0,3h 18m,185.0,0.00,2400.0,24.0,0.0,0.0,100.0,99.5,-11.00,-0.11
,124638267,10/09/2025 07:08,11/09/2025 07:23,XAUUSD,Sell,0.010,0.00000,0.00000,3640.77000,3634.04000,0.0000,0.0000,673.0,6.73,1.50,"",0,01:00:15:03,34.1,8h 16m,1635.0,1.70,964.0,9.64,-1635.0,-16.35,37.1,88.8,-291.00,-2.91
,124296053,09/09/2025 18:10,10/09/2025 18:09,USOUSD,Buy,0.010,0.00000,0.00000,63.55000,63.77000,0.0000,0.0000,22.0,2.22,0.50,"",0,00:23:58:35,,,,,,,,,,,,
,123068442,08/09/2025 12:23,10/09/2025 18:09,USOUSD,Buy,0.020,0.00000,0.00000,63.39000,63.80000,0.0000,0.0000,41.0,8.24,1.88,"",0,02:05:46:08,,,,,,,,,,,,
,124513458,10/09/2025 03:33,10/09/2025 07:08,XAUUSD,Buy,0.010,0.00000,0.00000,3628.60000,3640.32000,0.0000,0.0000,1172.0,11.72,2.75,"",0,00:03:34:32,100.0,3h 34m,102.0,0.00,1172.0,11.72,0.0,0.0,100.0,100.0,0.00,0.00
,124304853,09/09/2025 18:15,09/09/2025 19:00,XAUUSD,Buy,0.010,0.00000,0.00000,3632.25000,3646.10000,0.0000,0.0000,1385.0,13.85,3.36,"",0,00:00:45:09,2.3,1m,0.0,0.00,1385.0,13.85,0.0,0.0,100.0,100.0,0.00,0.00
,124269728,09/09/2025 17:44,09/09/2025 18:15,XAUUSD,Sell,0.010,0.00000,0.00000,3645.66000,3634.15000,0.0000,0.0000,1151.0,11.51,2.87,"",0,00:00:31:11,3.3,1m,0.0,0.00,1151.0,11.51,0.0,0.0,100.0,100.0,0.00,0.00
,124252583,09/09/2025 17:36,09/09/2025 17:44,XAUUSD,Buy,0.010,0.00000,0.00000,3639.21000,3645.37000,0.0000,0.0000,616.0,6.16,1.56,"",0,00:00:08:01,12.5,1m,0.0,0.00,616.0,6.16,0.0,0.0,100.0,100.0,0.00,0.00
,123832392,09/09/2025 10:05,09/09/2025 17:36,XAUUSD,Sell,0.010,0.00000,0.00000,3646.46000,3639.59000,0.0000,0.0000,687.0,6.87,1.77,"",0,00:07:30:40,2.5,11m,2685.0,3.57,687.0,6.87,-2449.0,-24.490000000000002,21.9,100.0,0.00,0.00
,124104361,09/09/2025 16:29,09/09/2025 17:12,XAUUSD,Sell,0.010,0.00000,0.00000,3660.40000,3649.91000,0.0000,0.0000,1049.0,10.49,2.78,"",0,00:00:42:29,2.4,1m,0.0,0.00,1049.0,10.49,0.0,0.0,100.0,100.0,0.00,0.00
,123743823,09/09/2025 17:00,09/09/2025 17:11,XAUUSD,Sell,0.010,0.00000,0.00000,3669.05000,3648.92000,0.0000,0.0000,2013.0,20.13,5.63,"",0,00:00:11:58,9.1,1m,0.0,0.00,2013.0,20.13,0.0,0.0,100.0,100.0,0.00,0.00
,123742748,09/09/2025 08:40,09/09/2025 16:59,XAUUSD,Buy,0.010,0.00000,0.00000,3658.42000,3665.71000,0.0000,0.0000,729.0,7.29,2.08,"",0,00:08:19:21,42.9,3h 34m,1432.0,1.55,925.0,9.25,-1432.0,-14.32,39.2,91.7,-196.00,-1.96
,123623898,09/09/2025 05:25,09/09/2025 16:29,XAUUSD,Buy,0.010,0.00000,0.00000,3653.64000,3660.50000,0.0000,0.0000,686.0,6.86,2.00,"",0,00:11:03:47,41.3,4h 34m,2161.0,2.20,743.0,7.43,-1632.0,-16.32,31.3,97.6,-57.00,-0.57
,124051142,09/09/2025 15:47,09/09/2025 16:29,XAUUSD,Buy,0.010,0.00000,0.00000,3645.31000,3660.93000,0.0000,0.0000,1562.0,15.62,4.77,"",0,00:00:42:20,2.4,1m,0.0,0.00,1562.0,15.620000000000001,0.0,0.0,100.0,100.0,0.00,0.00
,123279582,08/09/2025 16:46,09/09/2025 09:44,USOUSD,Buy,0.020,0.00000,0.00000,62.60000,63.00000,0.0000,0.0000,40.0,8.04,2.52,"",0,00:16:57:59,,,,,,,,,,,,
,123769165,09/09/2025 09:06,09/09/2025 09:44,XAUUSD,Buy,0.010,0.00000,0.00000,3643.20000,3649.00000,0.0000,0.0000,580.0,5.80,1.85,"",0,00:00:37:57,2.7,1m,0.0,0.00,580.0,5.8,0.0,0.0,100.0,100.0,0.00,0.00
,123777910,09/09/2025 09:28,09/09/2025 09:44,XAUUSD,Buy,0.010,0.00000,0.00000,3637.45000,3649.09000,0.0000,0.0000,1164.0,11.64,3.85,"",0,00:00:15:25,6.3,58s,0.0,0.00,1164.0,11.64,0.0,0.0,100.0,100.0,0.00,0.00
,123414991,09/09/2025 05:09,09/09/2025 09:06,XAUUSD,Sell,0.010,0.00000,0.00000,3650.29000,3645.14000,0.0000,0.0000,515.0,5.15,1.73,"",0,00:03:57:15,77.3,3h 3m,864.0,1.27,679.0,6.79,-864.0,-8.64,44.0,89.4,-164.00,-1.64
,123312805,08/09/2025 17:09,09/09/2025 05:25,XAUUSD,Sell,0.010,0.00000,0.00000,3637.02000,3653.81000,0.0000,0.0000,-1679.0,-16.79,-5.35,"",0,00:12:15:26,57.1,6h 59m,2508.0,2.03,829.0,8.290000000000001,-1679.0,-16.79,33.1,0.0,-2508.00,-25.08
,123111670,08/09/2025 13:35,08/09/2025 13:37,XAUUSD,Buy,0.010,0.00000,0.00000,3617.14000,3617.95000,0.0000,0.0000,81.0,0.81,0.26,"",0,00:00:01:59,,,,,,,,,,,,
,122993945,08/09/2025 10:38,08/09/2025 12:23,USOUSD,Buy,0.020,0.00000,0.00000,63.13000,63.36000,0.0000,0.0000,23.0,4.62,1.50,"",0,00:01:45:09,,,,,,,,,,,,
,122800028,08/09/2025 05:51,08/09/2025 09:42,USOUSD,Buy,0.020,0.00000,0.00000,62.89000,63.29000,0.0000,0.0000,40.0,8.12,2.70,"",0,00:03:51:01,,,,,,,,,,,,
,122833562,08/09/2025 06:56,08/09/2025 09:42,XAUUSD,Buy,0.010,0.00000,0.00000,3583.54000,3594.27000,0.0000,0.0000,1073.0,10.73,3.71,"",0,00:02:45:33,0.7,1m,0.0,0.00,1073.0,10.73,0.0,0.0,100.0,100.0,0.00,0.00
,122424497,05/09/2025 21:51,08/09/2025 05:49,USOUSD,Buy,0.020,0.00000,0.00000,62.40000,62.87000,0.0000,0.0000,47.0,9.46,3.38,"",0,02:07:57:19,,,,,,,,,,,,
,112370309,05/09/2025 21:51,,,Deposit,0.000,0.00000,0.00000,0.00000,0.00000,0.0000,0.0000,0.0,100.00,0,"Deposit-TH-QR-CPS-APP",0,00:00:00:00,,,,,,,,,,,,
,112006271,05/09/2025 15:43,,,Deposit,0.000,0.00000,0.00000,0.00000,0.00000,0.0000,0.0000,0.0,21.56,0,"Cash Adjustment-Debt W/O",0,00:00:00:00,,,,,,,,,,,,
,121921740,05/09/2025 15:11,05/09/2025 15:30,USOUSD,Buy,0.010,0.00000,0.00000,63.13000,63.02000,0.0000,0.0000,-11.0,-1.09,-0.68,"",0,00:00:18:25,,,,,,,,,,,,
,121617358,05/09/2025 06:43,05/09/2025 15:30,XAUUSD,Buy,0.010,0.00000,0.00000,3558.16000,3569.61000,0.0000,0.0000,1145.0,11.45,7.73,"",0,00:08:47:10,34.6,3h 2m,1307.0,1.14,1145.0,11.450000000000001,-1307.0,-13.07,46.7,100.0,0.00,0.00
,120756263,04/09/2025 09:59,05/09/2025 15:30,USOUSD,Buy,0.020,0.00000,0.00000,63.64000,63.04000,0.0000,0.0000,-60.0,-12.06,-7.53,"",0,01:05:30:58,,,,,,,,,,,,
,121305864,04/09/2025 19:05,05/09/2025 15:30,XAUUSD,Sell,0.010,0.00000,0.00000,3552.59000,3570.45000,0.0000,0.0000,-1786.0,-17.86,-10.03,"",0,00:20:24:54,59.7,12h 11m,3029.0,1.44,1243.0,12.43,-1786.0,-17.86,41.0,0.0,-3029.00,-30.29
,120651937,04/09/2025 07:48,05/09/2025 15:30,USOUSD,Buy,0.020,0.00000,0.00000,63.92000,63.04000,0.0000,0.0000,-88.0,-17.56,-8.98,"",0,01:07:41:43,,,,,,,,,,,,
,120243790,03/09/2025 21:14,05/09/2025 15:30,USOUSD,Buy,0.020,0.00000,0.00000,64.30000,63.05000,0.0000,0.0000,-125.0,-24.96,-11.32,"",0,01:18:15:32,,,,,,,,,,,,
,119811387,03/09/2025 14:25,05/09/2025 15:30,USOUSD,Buy,0.020,0.00000,0.00000,64.73000,63.08000,0.0000,0.0000,-165.0,-32.94,-13.00,"",0,02:01:04:44,,,,,,,,,,,,
,120659439,04/09/2025 08:01,05/09/2025 15:30,XAUUSD,Sell,0.010,0.00000,0.00000,3530.72000,3567.35000,0.0000,0.0000,-3663.0,-36.63,-12.63,"",0,01:07:28:27,0.0,0s,3663.0,5000.00,0.0,0.0,-3663.0,-36.63,0.0,0.0,-3663.00,-36.63
,121158838,04/09/2025 16:56,04/09/2025 19:05,XAUUSD,Buy,0.010,0.00000,0.00000,3546.93000,3552.60000,0.0000,0.0000,567.0,5.67,1.99,"",0,00:02:08:55,0.8,1m,0.0,0.00,567.0,5.67,0.0,0.0,100.0,100.0,0.00,0.00
,121185672,04/09/2025 17:09,04/09/2025 19:05,XAUUSD,Buy,0.010,0.00000,0.00000,3540.71000,3552.50000,0.0000,0.0000,1179.0,11.79,4.32,"",0,00:01:55:56,0.9,1m,0.0,0.00,1179.0,11.790000000000001,0.0,0.0,100.0,100.0,0.00,0.00
,121178098,04/09/2025 17:05,04/09/2025 19:05,XAUUSD,Buy,0.010,0.00000,0.00000,3537.68000,3552.59000,0.0000,0.0000,1491.0,14.91,5.79,"",0,00:02:00:00,0.9,1m,0.0,0.00,1491.0,14.91,0.0,0.0,100.0,100.0,0.00,0.00
,120984417,04/09/2025 14:47,04/09/2025 17:04,XAUUSD,Buy,0.020,0.00000,0.00000,3545.64000,3535.31000,0.0000,0.0000,-1033.0,-20.66,-7.42,"",0,00:02:16:53,0.0,0s,1033.0,1111.11,0.0,0.0,-1033.0,-20.66,0.0,0.0,-1033.00,-20.66
,120594302,04/09/2025 06:18,04/09/2025 07:58,XAUUSD,Buy,0.010,0.00000,0.00000,3521.14000,3532.20000,0.0000,0.0000,1106.0,11.06,4.14,"",0,00:01:39:54,1.0,59s,0.0,0.00,1106.0,11.06,0.0,0.0,100.0,100.0,0.00,0.00
,120440327,04/09/2025 04:27,04/09/2025 04:43,XAUUSD,Sell,0.010,0.00000,0.00000,3552.15000,3546.33000,0.0000,0.0000,582.0,5.82,2.23,"",0,00:00:16:19,6.3,1m,0.0,0.00,582.0,5.82,0.0,0.0,100.0,100.0,0.00,0.00
,120052341,03/09/2025 17:24,03/09/2025 19:43,XAUUSD,Sell,0.010,0.00000,0.00000,3564.98000,3569.09000,0.0000,0.0000,-411.0,-4.11,-1.55,"",0,00:02:19:19,0.0,0s,411.0,416.67,0.0,0.0,-411.0,-4.11,0.0,0.0,-411.00,-4.11
,119995527,03/09/2025 16:54,03/09/2025 19:31,XAUUSD,Sell,0.010,0.00000,0.00000,3554.32000,3568.71000,0.0000,0.0000,-1439.0,-14.39,-5.14,"",0,00:02:37:10,0.0,0s,1439.0,1666.67,0.0,0.0,-1439.0,-14.39,0.0,0.0,-1439.00,-14.39
,110203478,03/09/2025 14:25,,,Deposit,0.000,0.00000,0.00000,0.00000,0.00000,0.0000,0.0000,0.0,100.00,0,"Deposit-TH-QR-CPS-APP",0,00:00:00:00,,,,,,,,,,,,
,108514861,01/09/2025 16:56,,,Deposit,0.000,0.00000,0.00000,0.00000,0.00000,0.0000,0.0000,0.0,1.65,0,"Cash Adjustment-Debt W/O",0,00:00:00:00,,,,,,,,,,,,
,117579415,01/09/2025 12:18,01/09/2025 16:52,USOUSD,Sell,0.050,0.00000,0.00000,65.20000,65.35000,0.0000,0.0000,-15.0,-7.20,-3.88,"",0,00:04:34:01,,,,,,,,,,,,
,117471941,01/09/2025 10:14,01/09/2025 12:00,USOUSD,Buy,0.010,0.00000,0.00000,64.82000,65.00000,0.0000,0.0000,18.0,1.82,0.99,"",0,00:01:45:39,,,,,,,,,,,,
,117429003,01/09/2025 09:37,01/09/2025 10:14,USOUSD,Buy,0.010,0.00000,0.00000,64.58000,64.78000,0.0000,0.0000,20.0,2.02,1.11,"",0,00:00:36:25,,,,,,,,,,,,
,117394424,01/09/2025 09:02,01/09/2025 09:27,USOUSD,Buy,0.010,0.00000,0.00000,64.39000,64.56000,0.0000,0.0000,17.0,1.71,0.95,"",0,00:00:25:27,,,,,,,,,,,,
,107528126,29/08/2025 17:05,,,Deposit,0.000,0.00000,0.00000,0.00000,0.00000,0.0000,0.0000,0.0,27.28,0,"Cash Adjustment-Debt W/O",0,00:00:00:00,,,,,,,,,,,,
,116509987,29/08/2025 16:12,29/08/2025 16:58,XAUUSD,Sell,0.020,0.00000,0.00000,3417.52000,3428.57000,0.0000,0.0000,-1105.0,-22.10,-12.64,"",0,00:00:46:12,0.0,0s,1105.0,1111.11,0.0,0.0,-1105.0,-22.1,0.0,0.0,-1105.00,-22.10
,115800408,28/08/2025 19:14,29/08/2025 16:55,XAUUSD,Sell,0.020,0.00000,0.00000,3413.77000,3427.24000,0.0000,0.0000,-1347.0,-26.94,-13.35,"",0,00:21:40:18,55.6,12h 2m,2217.0,1.55,870.0,17.400000000000002,-1347.0,-26.94,39.2,0.0,-2217.00,-44.34
,115605508,28/08/2025 16:23,29/08/2025 16:51,XAUUSD,Sell,0.020,0.00000,0.00000,3405.03000,3426.71000,0.0000,0.0000,-2168.0,-43.36,-17.69,"",0,01:00:27:43,0.0,0s,2168.0,2500.00,0.0,0.0,-2168.0,-43.36,0.0,0.0,-2168.00,-43.36
,115341977,28/08/2025 11:49,29/08/2025 16:47,XAUUSD,Sell,0.020,0.00000,0.00000,3400.11000,3426.17000,0.0000,0.0000,-2606.0,-52.12,-17.53,"",0,01:04:58:01,1.5,26m,2948.0,7.62,342.0,6.84,-2606.0,-52.120000000000005,11.6,0.0,-2948.00,-58.96
,115151482,28/08/2025 06:24,29/08/2025 16:47,XAUUSD,Sell,0.020,0.00000,0.00000,3390.36000,3425.85000,0.0000,0.0000,-3549.0,-70.98,-19.28,"",0,01:10:22:44,0.0,0s,3549.0,5000.00,0.0,0.0,-3549.0,-70.98,0.0,0.0,-3549.00,-70.98
,114806092,27/08/2025 18:13,29/08/2025 16:46,XAUUSD,Sell,0.020,0.00000,0.00000,3389.98000,3425.56000,0.0000,0.0000,-3558.0,-71.16,-16.20,"",0,01:22:32:57,5.6,2h 36m,4006.0,7.94,448.0,8.96,-3558.0,-71.16,11.2,0.0,-4006.00,-80.12
,115951769,29/08/2025 02:06,29/08/2025 16:44,XAUUSD,Buy,0.050,0.00000,0.00000,3416.57000,3424.63000,0.0000,0.0000,806.0,40.30,10.10,"",0,00:14:38:02,25.2,3h 41m,1216.0,1.39,872.0,43.6,-1216.0,-60.800000000000004,41.8,96.8,-66.00,-3.30
,114992517,28/08/2025 01:01,29/08/2025 16:42,XAUUSD,Sell,0.030,0.00000,0.00000,3398.74000,3426.43000,0.0000,0.0000,-2769.0,-83.07,-17.23,"",0,01:15:41:21,22.7,9h 0m,4093.0,2.09,1324.0,39.72,-2769.0,-83.07,32.3,0.0,-4093.00,-122.79
,114482150,27/08/2025 11:56,29/08/2025 16:42,XAUUSD,Sell,0.020,0.00000,0.00000,3383.96000,3426.16000,0.0000,0.0000,-4220.0,-84.40,-14.90,"",0,02:04:45:33,5.1,2h 41m,5007.0,5.36,787.0,15.74,-4220.0,-84.4,15.7,0.0,-5007.00,-100.14
,113927304,26/08/2025 18:07,29/08/2025 16:42,XAUUSD,Sell,0.020,0.00000,0.00000,3380.66000,3425.97000,0.0000,0.0000,-4531.0,-90.62,-13.79,"",0,02:22:34:42,10.0,7h 3m,5176.0,7.03,645.0,12.9,-4531.0,-90.62,12.5,0.0,-5176.00,-103.52
,113747805,26/08/2025 15:17,29/08/2025 16:42,XAUUSD,Sell,0.020,0.00000,0.00000,3378.05000,3425.75000,0.0000,0.0000,-4770.0,-95.40,-12.68,"",0,03:01:24:27,6.5,4h 46m,5154.0,12.42,384.0,7.68,-4770.0,-95.4,7.5,0.0,-5154.00,-103.08
,113174164,26/08/2025 03:28,29/08/2025 16:42,XAUUSD,Sell,0.020,0.00000,0.00000,3377.79000,3425.65000,0.0000,0.0000,-4786.0,-95.72,-11.28,"",0,03:13:13:28,16.4,13h 58m,5749.0,4.97,963.0,19.26,-4786.0,-95.72,16.8,0.0,-5749.00,-114.98
,113313674,26/08/2025 05:56,29/08/2025 16:41,XAUUSD,Sell,0.020,0.00000,0.00000,3374.56000,3425.48000,0.0000,0.0000,-5092.0,-101.84,-10.72,"",0,03:10:45:37,4.2,3h 28m,5732.0,7.96,640.0,12.8,-5092.0,-101.84,11.2,0.0,-5732.00,-114.64
,113338361,26/08/2025 06:25,29/08/2025 16:41,XAUUSD,Sell,0.020,0.00000,0.00000,3372.10000,3425.36000,0.0000,0.0000,-5326.0,-106.52,-10.08,"",0,03:10:16:13,2.2,1h 48m,5720.0,13.53,394.0,7.88,-5326.0,-106.52,6.9,0.0,-5720.00,-114.40
,111641833,22/08/2025 17:02,29/08/2025 16:41,XAUUSD,Sell,0.020,0.00000,0.00000,3347.02000,3425.29000,0.0000,0.0000,-7827.0,-156.54,-12.90,"",0,06:23:39:18,0.0,0s,7827.0,10000.00,0.0,0.0,-7827.0,-156.54,0.0,0.0,-7827.00,-156.54
,113347356,26/08/2025 06:47,29/08/2025 16:41,XAUUSD,Sell,0.030,0.00000,0.00000,3372.90000,3425.03000,0.0000,0.0000,-5213.0,-156.39,-11.42,"",0,03:09:53:55,3.0,2h 27m,5687.0,11.00,474.0,14.219999999999999,-5213.0,-156.39,8.3,0.0,-5687.00,-170.61
,111253671,22/08/2025 09:43,29/08/2025 16:41,XAUUSD,Sell,0.020,0.00000,0.00000,3326.43000,3424.93000,0.0000,0.0000,-9850.0,-197.00,-12.58,"",0,07:06:57:49,0.8,1h 23m,10152.0,32.68,302.0,6.04,-9850.0,-197.0,3.0,0.0,-10152.00,-203.04
,110871237,22/08/2025 17:02,29/08/2025 16:41,XAUUSD,Sell,0.030,0.00000,0.00000,3352.94000,3424.79000,0.0000,0.0000,-7185.0,-215.55,-12.10,"",0,06:23:38:23,0.0,0s,7185.0,10000.00,0.0,0.0,-7185.0,-215.54999999999998,0.0,0.0,-7185.00,-215.55
,115814745,28/08/2025 19:30,28/08/2025 22:57,XAUUSD,Buy,0.150,0.00000,0.00000,3416.50000,3422.88000,0.0000,0.0000,638.0,95.70,5.67,"",0,00:03:26:56,100.0,3h 26m,70.0,0.00,640.0,96.0,0.0,0.0,100.0,99.7,-2.00,-0.30
,115800102,28/08/2025 19:14,28/08/2025 20:26,XAUUSD,Buy,0.100,0.00000,0.00000,3414.39000,3415.89000,0.0000,0.0000,150.0,15.00,0.90,"",0,00:01:11:49,1.4,1m,0.0,0.01,150.0,15.0,0.0,0.0,100.0,100.0,0.00,0.00
,115802782,28/08/2025 19:16,28/08/2025 20:26,XAUUSD,Buy,0.100,0.00000,0.00000,3413.94000,3415.88000,0.0000,0.0000,194.0,19.40,1.17,"",0,00:01:09:41,1.5,1m,0.0,0.01,194.0,19.400000000000002,0.0,0.0,100.0,100.0,0.00,0.00
,115798122,28/08/2025 19:13,28/08/2025 19:14,XAUUSD,Buy,0.100,0.00000,0.00000,3413.67000,3414.11000,0.0000,0.0000,44.0,4.40,0.27,"",0,00:00:00:53,,,,,,,,,,,,
,115763146,28/08/2025 18:29,28/08/2025 19:13,XAUUSD,Buy,0.020,0.00000,0.00000,3406.66000,3413.56000,0.0000,0.0000,690.0,13.80,0.84,"",0,00:00:43:38,2.3,1m,0.0,0.00,690.0,13.8,0.0,0.0,100.0,100.0,0.00,0.00
,115682598,28/08/2025 17:14,28/08/2025 19:13,XAUUSD,Buy,0.100,0.00000,0.00000,3411.89000,3413.53000,0.0000,0.0000,164.0,16.40,1.01,"",0,00:01:58:51,0.9,1m,0.0,0.01,164.0,16.400000000000002,0.0,0.0,100.0,100.0,0.00,0.00
,115662529,28/08/2025 17:00,28/08/2025 19:13,XAUUSD,Buy,0.100,0.00000,0.00000,3407.82000,3413.49000,0.0000,0.0000,567.0,56.70,3.63,"",0,00:02:12:53,0.8,1m,0.0,0.00,567.0,56.7,0.0,0.0,100.0,100.0,0.00,0.00
,115487295,28/08/2025 15:06,28/08/2025 16:57,XAUUSD,Buy,0.100,0.00000,0.00000,3406.65000,3409.58000,0.0000,0.0000,293.0,29.30,1.91,"",0,00:01:50:32,1.0,1m,0.0,0.00,293.0,29.3,0.0,0.0,100.0,100.0,0.00,0.00
,115458859,28/08/2025 14:31,28/08/2025 16:43,XAUUSD,Buy,0.100,0.00000,0.00000,3405.14000,3407.44000,0.0000,0.0000,230.0,23.00,1.52,"",0,00:02:11:52,0.8,1m,0.0,0.00,230.0,23.0,0.0,0.0,100.0,100.0,0.00,0.00
,115556618,28/08/2025 15:57,28/08/2025 16:23,XAUUSD,Buy,0.020,0.00000,0.00000,3399.46000,3405.07000,0.0000,0.0000,561.0,11.22,0.75,"",0,00:00:26:17,3.9,1m,0.0,0.00,561.0,11.22,0.0,0.0,100.0,100.0,0.00,0.00
,115354743,28/08/2025 12:06,28/08/2025 14:31,XAUUSD,Buy,0.040,0.00000,0.00000,3401.08000,3404.91000,0.0000,0.0000,383.0,15.32,1.03,"",0,00:02:24:18,0.7,1m,0.0,0.00,383.0,15.32,0.0,0.0,100.0,100.0,0.00,0.00
,114992499,28/08/2025 01:01,28/08/2025 11:48,XAUUSD,Buy,0.030,0.00000,0.00000,3398.96000,3400.12000,0.0000,0.0000,116.0,3.48,0.24,"",0,00:10:47:48,29.6,3h 11m,1420.0,12.26,116.0,3.48,-1420.0,-42.6,7.6,100.0,0.00,0.00
,114102164,27/08/2025 01:01,28/08/2025 01:01,XAUUSD,Buy,0.030,0.00000,0.00000,3392.78000,3398.78000,0.0000,0.0000,600.0,18.00,1.23,"",0,00:23:59:19,35.8,8h 35m,1857.0,3.10,600.0,18.0,-1857.0,-55.71,24.4,100.0,0.00,0.00
,114102139,27/08/2025 01:01,28/08/2025 01:01,XAUUSD,Buy,0.030,0.00000,0.00000,3392.66000,3398.73000,0.0000,0.0000,607.0,18.21,1.26,"",0,00:23:59:19,35.8,8h 35m,1845.0,3.04,607.0,18.21,-1845.0,-55.35,24.8,100.0,0.00,0.00
,113963101,26/08/2025 18:49,28/08/2025 01:01,XAUUSD,Buy,0.030,0.00000,0.00000,3385.56000,3398.57000,0.0000,0.0000,1301.0,39.03,2.78,"",0,01:06:11:38,56.8,17h 9m,1941.0,0.87,1301.0,39.03,-1135.0,-34.05,53.4,100.0,0.00,0.00
,114265032,27/08/2025 07:02,27/08/2025 18:01,XAUUSD,Buy,0.030,0.00000,0.00000,3381.24000,3386.23000,0.0000,0.0000,499.0,14.97,1.08,"",0,00:10:58:56,58.0,6h 22m,1071.0,1.35,519.0,15.57,-699.0,-20.97,42.6,98.4,-20.00,-0.60
,114354602,27/08/2025 09:11,27/08/2025 15:29,XAUUSD,Buy,0.020,0.00000,0.00000,3379.20000,3381.36000,0.0000,0.0000,216.0,4.32,0.31,"",0,00:06:18:23,60.6,3h 49m,1071.0,0.79,597.0,11.94,-474.0,-9.48,55.7,64.4,-381.00,-7.62
,113963044,26/08/2025 18:49,27/08/2025 07:04,XAUUSD,Sell,0.030,0.00000,0.00000,3385.30000,3380.12000,0.0000,0.0000,518.0,15.54,1.14,"",0,00:12:15:24,42.1,5h 9m,875.0,1.57,531.0,15.93,-832.0,-24.96,39.0,99.0,-13.00,-0.39
,113953348,26/08/2025 18:55,27/08/2025 07:04,XAUUSD,Sell,0.030,0.00000,0.00000,3386.91000,3380.12000,0.0000,0.0000,679.0,20.37,1.51,"",0,00:12:08:39,49.2,5h 58m,850.0,0.97,692.0,20.759999999999998,-671.0,-20.13,50.8,99.0,-13.00,-0.39
,113730030,26/08/2025 14:51,26/08/2025 18:04,XAUUSD,Buy,0.020,0.00000,0.00000,3378.11000,3380.90000,0.0000,0.0000,279.0,5.58,0.42,"",0,00:03:12:31,100.0,3h 12m,67.0,0.00,286.0,5.72,0.0,0.0,100.0,97.6,-7.00,-0.14
,113232063,26/08/2025 04:08,26/08/2025 18:04,XAUUSD,Buy,0.020,0.00000,0.00000,3377.92000,3380.67000,0.0000,0.0000,275.0,5.50,0.41,"",0,00:13:55:56,34.5,4h 48m,1200.0,3.62,281.0,5.62,-1017.0,-20.34,21.6,99.5,-6.00,-0.12
,113728544,26/08/2025 14:50,26/08/2025 18:04,XAUUSD,Buy,0.050,0.00000,0.00000,3379.32000,3380.41000,0.0000,0.0000,109.0,5.45,0.41,"",0,00:03:14:02,94.9,3h 4m,142.0,1.30,109.0,5.45,-142.0,-7.1000000000000005,43.4,100.0,0.00,0.00
,113789414,26/08/2025 15:59,26/08/2025 16:53,XAUUSD,Buy,0.020,0.00000,0.00000,3372.39000,3375.73000,0.0000,0.0000,334.0,6.68,0.50,"",0,00:00:53:48,1.9,1m,0.0,0.00,334.0,6.68,0.0,0.0,100.0,100.0,0.00,0.00
,113255584,26/08/2025 04:30,26/08/2025 05:23,XAUUSD,Buy,0.020,0.00000,0.00000,3373.39000,3378.06000,0.0000,0.0000,467.0,9.34,0.71,"",0,00:00:52:41,1.9,1m,0.0,0.00,467.0,9.34,0.0,0.0,100.0,100.0,0.00,0.00
,113182458,26/08/2025 03:33,26/08/2025 04:09,XAUUSD,Sell,0.020,0.00000,0.00000,3380.73000,3376.74000,0.0000,0.0000,399.0,7.98,0.61,"",0,00:00:35:47,2.8,1m,0.0,0.00,399.0,7.98,0.0,0.0,100.0,100.0,0.00,0.00
,111719773,26/08/2025 03:43,26/08/2025 04:09,XAUUSD,Sell,0.020,0.00000,0.00000,3382.40000,3377.23000,0.0000,0.0000,517.0,10.34,0.80,"",0,00:00:25:14,3.9,59s,0.0,0.00,517.0,10.34,0.0,0.0,100.0,100.0,0.00,0.00
,113205086,26/08/2025 03:48,26/08/2025 04:09,XAUUSD,Sell,0.050,0.00000,0.00000,3383.90000,3377.22000,0.0000,0.0000,668.0,33.40,2.64,"",0,00:00:20:44,4.8,59s,0.0,0.00,668.0,33.4,0.0,0.0,100.0,100.0,0.00,0.00
,113201110,26/08/2025 03:46,26/08/2025 03:59,XAUUSD,Buy,0.020,0.00000,0.00000,3383.28000,3384.85000,0.0000,0.0000,157.0,3.14,0.25,"",0,00:00:13:12,7.7,1m,0.0,0.01,157.0,3.14,0.0,0.0,100.0,100.0,0.00,0.00
,113174159,26/08/2025 03:28,26/08/2025 03:45,XAUUSD,Buy,0.020,0.00000,0.00000,3378.02000,3382.15000,0.0000,0.0000,413.0,8.26,0.66,"",0,00:00:16:34,5.9,58s,0.0,0.00,413.0,8.26,0.0,0.0,100.0,100.0,0.00,0.00
,113087773,26/08/2025 02:40,26/08/2025 03:28,XAUUSD,Buy,0.020,0.00000,0.00000,3353.18000,3377.81000,0.0000,0.0000,2463.0,49.26,4.09,"",0,00:00:48:28,2.1,1m,0.0,0.00,2463.0,49.26,0.0,0.0,100.0,100.0,0.00,0.00
,112880842,25/08/2025 18:07,26/08/2025 03:28,XAUUSD,Buy,0.020,0.00000,0.00000,3375.77000,3377.81000,0.0000,0.0000,204.0,4.08,0.34,"",0,00:09:20:59,33.4,3h 7m,2382.0,6.99,341.0,6.82,-2382.0,-47.64,12.5,95.0,-137.00,-2.74
,112749094,26/08/2025 02:11,26/08/2025 03:28,XAUUSD,Buy,0.020,0.00000,0.00000,3361.19000,3377.81000,0.0000,0.0000,1662.0,33.24,2.85,"",0,00:01:17:21,1.3,1m,0.0,0.00,1662.0,33.24,0.0,0.0,100.0,100.0,0.00,0.00
,112671058,25/08/2025 14:37,26/08/2025 03:28,XAUUSD,Buy,0.020,0.00000,0.00000,3369.67000,3377.81000,0.0000,0.0000,814.0,16.28,1.42,"",0,00:12:51:24,59.6,7h 39m,2400.0,1.86,951.0,19.02,-1772.0,-35.44,34.9,95.0,-137.00,-2.74
,111848316,26/08/2025 02:21,26/08/2025 03:28,XAUUSD,Buy,0.020,0.00000,0.00000,3354.54000,3377.81000,0.0000,0.0000,2327.0,46.54,4.22,"",0,00:01:07:12,1.5,1m,0.0,0.00,2327.0,46.54,0.0,0.0,100.0,100.0,0.00,0.00
,111823502,22/08/2025 18:31,26/08/2025 03:28,XAUUSD,Buy,0.050,0.00000,0.00000,3377.80000,3377.81000,0.0000,0.0000,1.0,0.05,0.00,"",0,03:08:56:55,0.3,14m,2491.0,208.33,12.0,0.6000000000000001,-2491.0,-124.55000000000001,0.5,99.6,-11.00,-0.55
,111751272,22/08/2025 17:31,26/08/2025 03:28,XAUUSD,Buy,0.020,0.00000,0.00000,3372.19000,3377.81000,0.0000,0.0000,562.0,11.24,1.03,"",0,03:09:57:00,10.2,8h 21m,2236.0,3.37,573.0,11.46,-1930.0,-38.6,22.9,99.6,-11.00,-0.22
,112793346,25/08/2025 16:50,26/08/2025 02:40,XAUUSD,Sell,0.020,0.00000,0.00000,3369.75000,3353.30000,0.0000,0.0000,1645.0,32.90,3.11,"",0,00:09:49:40,77.8,7h 38m,504.0,0.30,1690.0,33.8,-504.0,-10.08,77.0,97.9,-45.00,-0.90
,112671241,25/08/2025 14:46,26/08/2025 02:40,XAUUSD,Sell,0.020,0.00000,0.00000,3370.45000,3353.30000,0.0000,0.0000,1715.0,34.30,3.35,"",0,00:11:53:33,65.3,7h 45m,550.0,0.31,1760.0,35.2,-550.0,-11.0,76.2,98.1,-45.00,-0.90
,111712631,22/08/2025 17:18,26/08/2025 02:21,XAUUSD,Sell,0.020,0.00000,0.00000,3364.65000,3354.25000,0.0000,0.0000,1040.0,20.80,2.07,"",0,03:09:02:40,9.7,7h 51m,1454.0,1.02,1040.0,20.8,-1060.0,-21.2,49.5,100.0,0.00,0.00
,111694810,22/08/2025 17:13,26/08/2025 02:21,XAUUSD,Sell,0.020,0.00000,0.00000,3357.84000,3354.31000,0.0000,0.0000,353.0,7.06,0.71,"",0,03:09:07:45,4.1,3h 19m,1741.0,4.93,353.0,7.0600000000000005,-1741.0,-34.82,16.9,100.0,0.00,0.00
,112748675,25/08/2025 16:15,25/08/2025 16:50,XAUUSD,Buy,0.020,0.00000,0.00000,3364.24000,3369.80000,0.0000,0.0000,556.0,11.12,1.13,"",0,00:00:34:43,2.9,1m,0.0,0.00,556.0,11.120000000000001,0.0,0.0,100.0,100.0,0.00,0.00
,112567196,25/08/2025 11:56,25/08/2025 14:37,XAUUSD,Buy,0.020,0.00000,0.00000,3364.27000,3369.45000,0.0000,0.0000,518.0,10.36,1.06,"",0,00:02:40:14,0.7,1m,0.0,0.00,518.0,10.36,0.0,0.0,100.0,100.0,0.00,0.00
,112329073,25/08/2025 04:41,25/08/2025 14:37,XAUUSD,Buy,0.020,0.00000,0.00000,3364.02000,3369.43000,0.0000,0.0000,541.0,10.82,1.12,"",0,00:09:56:08,91.0,9h 2m,755.0,0.34,573.0,11.46,-193.0,-3.86,74.8,95.8,-32.00,-0.64
,111754626,22/08/2025 17:32,25/08/2025 04:41,XAUUSD,Sell,0.020,0.00000,0.00000,3371.79000,3363.96000,0.0000,0.0000,783.0,15.66,1.65,"",0,02:11:08:09,13.8,8h 9m,455.0,0.41,892.0,17.84,-370.0,-7.4,70.7,91.4,-109.00,-2.18
,111712735,22/08/2025 17:18,22/08/2025 17:33,XAUUSD,Buy,0.050,0.00000,0.00000,3365.17000,3371.72000,0.0000,0.0000,655.0,32.75,3.58,"",0,00:00:14:12,7.2,1m,0.0,0.00,655.0,32.75,0.0,0.0,100.0,100.0,0.00,0.00
,105825187,14/08/2025 13:37,22/08/2025 17:18,XAUUSD,Buy,0.010,0.00000,0.00000,3357.36000,3362.62000,0.0000,0.0000,526.0,5.26,0.58,"",0,08:03:40:09,0.3,35m,4525.0,8.60,526.0,5.26,-4519.0,-45.19,10.4,100.0,0.00,0.00
,107726182,18/08/2025 08:29,22/08/2025 17:10,XAUUSD,Buy,0.010,0.00000,0.00000,3352.17000,3358.88000,0.0000,0.0000,671.0,6.71,0.74,"",0,04:08:41:04,0.3,18m,4000.0,5.96,671.0,6.71,-4000.0,-40.0,14.4,100.0,0.00,0.00
,110096633,21/08/2025 01:15,22/08/2025 17:03,XAUUSD,Buy,0.010,0.00000,0.00000,3351.45000,3354.51000,0.0000,0.0000,306.0,3.06,0.34,"",0,01:15:47:33,0.3,7m,2804.0,9.17,306.0,3.06,-2804.0,-28.04,9.8,100.0,0.00,0.00
,111599727,22/08/2025 16:42,22/08/2025 17:02,XAUUSD,Buy,0.020,0.00000,0.00000,3332.91000,3349.26000,0.0000,0.0000,1635.0,32.70,3.77,"",0,00:00:19:16,5.0,57s,0.0,0.00,1635.0,32.7,0.0,0.0,100.0,100.0,0.00,0.00
,111340148,22/08/2025 11:08,22/08/2025 17:02,XAUUSD,Buy,0.010,0.00000,0.00000,3327.47000,3349.26000,0.0000,0.0000,2179.0,21.79,2.57,"",0,00:05:53:45,82.8,4h 52m,861.0,0.24,2179.0,21.79,-533.0,-5.33,80.3,100.0,0.00,0.00
,111138177,22/08/2025 06:16,22/08/2025 17:02,XAUUSD,Buy,0.010,0.00000,0.00000,3333.14000,3349.26000,0.0000,0.0000,1612.0,16.12,1.94,"",0,00:10:45:18,33.2,3h 34m,1266.0,0.68,1612.0,16.12,-1100.0,-11.0,59.4,100.0,0.00,0.00
,110848455,22/08/2025 03:16,22/08/2025 17:02,XAUUSD,Buy,0.010,0.00000,0.00000,3335.84000,3349.26000,0.0000,0.0000,1342.0,13.42,1.64,"",0,00:13:45:34,22.3,3h 4m,1370.0,1.02,1342.0,13.42,-1370.0,-13.700000000000001,49.5,100.0,0.00,0.00
,110741727,21/08/2025 16:53,22/08/2025 17:02,XAUUSD,Buy,0.010,0.00000,0.00000,3338.62000,3349.26000,0.0000,0.0000,1064.0,10.64,1.32,"",0,01:00:08:26,29.4,7h 5m,1839.0,1.43,1064.0,10.64,-1521.0,-15.21,41.2,100.0,0.00,0.00
,110662131,21/08/2025 15:55,22/08/2025 17:02,XAUUSD,Buy,0.020,0.00000,0.00000,3340.02000,3349.26000,0.0000,0.0000,924.0,18.48,2.35,"",0,01:01:06:31,21.6,5h 25m,2010.0,1.80,924.0,18.48,-1661.0,-33.22,35.7,100.0,0.00,0.00
,110584913,21/08/2025 15:10,22/08/2025 17:02,XAUUSD,Buy,0.010,0.00000,0.00000,3341.42000,3349.26000,0.0000,0.0000,784.0,7.84,1.01,"",0,01:01:51:28,17.1,4h 25m,2218.0,2.30,784.0,7.84,-1801.0,-18.01,30.3,100.0,0.00,0.00
,109994684,20/08/2025 19:14,22/08/2025 17:02,XAUUSD,Buy,0.010,0.00000,0.00000,3343.74000,3349.26000,0.0000,0.0000,552.0,5.52,0.71,"",0,01:21:47:40,23.3,10h 40m,2807.0,2.63,774.0,7.74,-2033.0,-20.330000000000002,27.6,92.1,-222.00,-2.22
,107765831,18/08/2025 09:15,22/08/2025 17:02,XAUUSD,Buy,0.010,0.00000,0.00000,3349.24000,3349.26000,0.0000,0.0000,2.0,0.02,0.00,"",0,04:07:46:47,1.7,1h 45m,3787.0,21.69,171.0,1.71,-3707.0,-37.07,4.4,95.6,-169.00,-1.69
,111298091,22/08/2025 10:21,22/08/2025 11:08,XAUUSD,Sell,0.010,0.00000,0.00000,3334.14000,3327.49000,0.0000,0.0000,665.0,6.65,0.87,"",0,00:00:46:55,2.2,1m,0.0,0.00,665.0,6.65,0.0,0.0,100.0,100.0,0.00,0.00
,111253675,22/08/2025 09:43,22/08/2025 10:21,XAUUSD,Buy,0.020,0.00000,0.00000,3326.66000,3334.12000,0.0000,0.0000,746.0,14.92,1.98,"",0,00:00:37:50,2.7,1m,0.0,0.00,746.0,14.92,0.0,0.0,100.0,100.0,0.00,0.00
,111172357,22/08/2025 07:23,22/08/2025 10:21,XAUUSD,Buy,0.020,0.00000,0.00000,3330.16000,3334.12000,0.0000,0.0000,396.0,7.92,1.06,"",0,00:02:57:36,0.6,1m,0.0,0.00,396.0,7.92,0.0,0.0,100.0,100.0,0.00,0.00
,111236811,22/08/2025 09:17,22/08/2025 09:43,XAUUSD,Sell,0.020,0.00000,0.00000,3329.33000,3326.67000,0.0000,0.0000,266.0,5.32,0.72,"",0,00:00:26:15,3.9,1m,0.0,0.00,266.0,5.32,0.0,0.0,100.0,100.0,0.00,0.00
,111138445,22/08/2025 06:18,22/08/2025 07:23,XAUUSD,Sell,0.020,0.00000,0.00000,3332.91000,3330.11000,0.0000,0.0000,280.0,5.60,0.76,"",0,00:01:05:41,1.6,1m,0.0,0.00,280.0,5.6000000000000005,0.0,0.0,100.0,100.0,0.00,0.00
,111097378,22/08/2025 04:56,22/08/2025 06:17,XAUUSD,Sell,0.010,0.00000,0.00000,3334.49000,3333.02000,0.0000,0.0000,147.0,1.47,0.20,"",0,00:01:20:21,1.3,1m,0.0,0.01,147.0,1.47,0.0,0.0,100.0,100.0,0.00,0.00
,110902903,21/08/2025 19:20,22/08/2025 06:17,XAUUSD,Sell,0.010,0.00000,0.00000,3341.23000,3332.94000,0.0000,0.0000,829.0,8.29,1.14,"",0,00:10:56:26,97.5,10h 40m,426.0,0.07,924.0,9.24,-64.0,-0.64,93.5,90.4,-95.00,-0.95
,110584977,21/08/2025 15:10,21/08/2025 18:16,XAUUSD,Sell,0.010,0.00000,0.00000,3341.18000,3337.81000,0.0000,0.0000,337.0,3.37,0.47,"",0,00:03:05:26,100.0,3h 5m,10.0,0.00,347.0,3.47,0.0,0.0,100.0,97.1,-10.00,-0.10
,110241355,21/08/2025 06:59,21/08/2025 15:10,XAUUSD,Buy,0.010,0.00000,0.00000,3340.10000,3341.04000,0.0000,0.0000,94.0,0.94,0.13,"",0,00:08:10:47,50.8,4h 9m,1571.0,9.28,153.0,1.53,-1418.0,-14.18,9.7,96.2,-59.00,-0.59
,109954134,21/08/2025 08:01,21/08/2025 15:10,XAUUSD,Buy,0.010,0.00000,0.00000,3338.03000,3341.26000,0.0000,0.0000,323.0,3.23,0.45,"",0,00:07:08:31,78.6,5h 36m,1571.0,3.36,360.0,3.6,-1211.0,-12.11,22.9,97.6,-37.00,-0.37
,109936432,21/08/2025 09:24,21/08/2025 15:10,XAUUSD,Buy,0.010,0.00000,0.00000,3335.62000,3340.63000,0.0000,0.0000,501.0,5.01,0.70,"",0,00:05:46:13,75.5,4h 21m,1571.0,1.61,601.0,6.01,-970.0,-9.700000000000001,38.3,93.6,-100.00,-1.00
,109758331,21/08/2025 13:40,21/08/2025 15:10,XAUUSD,Buy,0.010,0.00000,0.00000,3333.32000,3340.64000,0.0000,0.0000,732.0,7.32,1.04,"",0,00:01:30:14,1.2,1m,0.0,0.00,732.0,7.32,0.0,0.0,100.0,100.0,0.00,0.00
,110508170,21/08/2025 14:01,21/08/2025 15:10,XAUUSD,Buy,0.020,0.00000,0.00000,3327.67000,3340.83000,0.0000,0.0000,1316.0,26.32,3.88,"",0,00:01:08:30,1.5,1m,0.0,0.00,1316.0,26.32,0.0,0.0,100.0,100.0,0.00,0.00
,109715805,20/08/2025 15:13,21/08/2025 13:48,XAUUSD,Sell,0.010,0.00000,0.00000,3334.78000,3330.68000,0.0000,0.0000,410.0,4.10,0.61,"",0,00:22:34:27,15.2,3h 25m,1670.0,3.86,433.0,4.33,-1670.0,-16.7,20.6,98.9,-23.00,-0.23
,109045381,20/08/2025 15:01,21/08/2025 13:48,XAUUSD,Sell,0.030,0.00000,0.00000,3333.12000,3330.75000,0.0000,0.0000,237.0,7.11,1.07,"",0,00:22:47:12,14.3,3h 15m,1836.0,6.88,267.0,8.01,-1836.0,-55.08,12.7,98.6,-30.00,-0.90
,109757682,20/08/2025 15:38,21/08/2025 09:28,XAUUSD,Sell,0.010,0.00000,0.00000,3339.87000,3334.79000,0.0000,0.0000,508.0,5.08,0.77,"",0,00:17:49:48,28.7,5h 7m,1301.0,2.32,520.0,5.2,-1207.0,-12.07,30.1,99.3,-12.00,-0.12
,109979418,20/08/2025 18:52,21/08/2025 09:24,XAUUSD,Sell,0.010,0.00000,0.00000,3339.53000,3335.54000,0.0000,0.0000,399.0,3.99,0.61,"",0,00:14:32:02,32.4,4h 42m,1241.0,3.01,412.0,4.12,-1241.0,-12.41,24.9,99.2,-13.00,-0.13
,109994680,20/08/2025 19:14,21/08/2025 07:06,XAUUSD,Sell,0.010,0.00000,0.00000,3343.42000,3340.45000,0.0000,0.0000,297.0,2.97,0.45,"",0,00:11:51:51,46.1,5h 28m,852.0,2.13,401.0,4.01,-852.0,-8.52,32.0,91.7,-104.00,-1.04
,109964412,20/08/2025 18:29,20/08/2025 19:14,XAUUSD,Buy,0.010,0.00000,0.00000,3341.25000,3343.42000,0.0000,0.0000,217.0,2.17,0.33,"",0,00:00:44:40,2.3,1m,0.0,0.00,217.0,2.17,0.0,0.0,100.0,100.0,0.00,0.00
,109846500,20/08/2025 17:49,20/08/2025 18:29,XAUUSD,Sell,0.020,0.00000,0.00000,3349.99000,3341.39000,0.0000,0.0000,860.0,17.20,2.71,"",0,00:00:40:10,2.5,1m,0.0,0.00,860.0,17.2,0.0,0.0,100.0,100.0,0.00,0.00
,109758404,20/08/2025 15:39,20/08/2025 17:49,XAUUSD,Buy,0.010,0.00000,0.00000,3340.20000,3350.06000,0.0000,0.0000,986.0,9.86,1.58,"",0,00:02:10:26,0.8,1m,0.0,0.00,986.0,9.86,0.0,0.0,100.0,100.0,0.00,0.00
,109767178,20/08/2025 15:49,20/08/2025 17:49,XAUUSD,Buy,0.010,0.00000,0.00000,3341.77000,3349.92000,0.0000,0.0000,815.0,8.15,1.32,"",0,00:02:00:22,0.9,1m,0.0,0.00,815.0,8.15,0.0,0.0,100.0,100.0,0.00,0.00
,109885327,20/08/2025 17:12,20/08/2025 17:47,XAUUSD,Buy,0.020,0.00000,0.00000,3342.07000,3348.99000,0.0000,0.0000,692.0,13.84,2.29,"",0,00:00:34:37,2.9,1m,0.0,0.00,692.0,13.84,0.0,0.0,100.0,100.0,0.00,0.00
,108880974,19/08/2025 16:34,20/08/2025 15:38,XAUUSD,Buy,0.010,0.00000,0.00000,3335.18000,3339.65000,0.0000,0.0000,447.0,4.47,0.75,"",0,00:23:03:38,15.2,3h 30m,2301.0,5.15,447.0,4.47,-2301.0,-23.01,16.3,100.0,0.00,0.00
,108849186,19/08/2025 16:15,20/08/2025 15:13,XAUUSD,Buy,0.010,0.00000,0.00000,3330.76000,3334.69000,0.0000,0.0000,393.0,3.93,0.66,"",0,00:22:58:05,15.7,3h 36m,1859.0,4.73,393.0,3.93,-1859.0,-18.59,17.5,100.0,0.00,0.00
,108972176,19/08/2025 17:39,20/08/2025 14:50,XAUUSD,Buy,0.010,0.00000,0.00000,3329.14000,3330.10000,0.0000,0.0000,96.0,0.96,0.16,"",0,00:21:11:14,17.3,3h 39m,1697.0,10.16,167.0,1.67,-1697.0,-16.97,9.0,96.2,-71.00,-0.71
,108975388,19/08/2025 17:40,20/08/2025 14:50,XAUUSD,Buy,0.010,0.00000,0.00000,3327.29000,3330.10000,0.0000,0.0000,281.0,2.81,0.48,"",0,00:21:09:46,18.9,3h 59m,1512.0,4.30,352.0,3.52,-1512.0,-15.120000000000001,18.9,96.2,-71.00,-0.71
,109553750,20/08/2025 11:19,20/08/2025 14:50,XAUUSD,Buy,0.010,0.00000,0.00000,3322.63000,3330.10000,0.0000,0.0000,747.0,7.47,1.28,"",0,00:03:31:25,100.0,3h 31m,205.0,0.00,846.0,8.46,0.0,0.0,100.0,88.3,-99.00,-0.99
,109529880,20/08/2025 10:41,20/08/2025 11:19,XAUUSD,Sell,0.010,0.00000,0.00000,3325.94000,3322.49000,0.0000,0.0000,345.0,3.45,0.59,"",0,00:00:37:38,2.7,1m,0.0,0.00,345.0,3.45,0.0,0.0,100.0,100.0,0.00,0.00
,109216210,20/08/2025 01:45,20/08/2025 10:41,XAUUSD,Buy,0.030,0.00000,0.00000,3316.49000,3325.97000,0.0000,0.0000,948.0,28.44,5.15,"",0,00:08:55:38,85.5,7h 37m,487.0,0.34,1083.0,32.49,-363.0,-10.889999999999999,74.9,90.7,-135.00,-4.05
,109042978,19/08/2025 18:23,20/08/2025 01:47,XAUUSD,Sell,0.010,0.00000,0.00000,3325.31000,3316.32000,0.0000,0.0000,899.0,8.99,1.66,"",0,00:07:23:33,100.0,7h 23m,223.0,0.00,1015.0,10.15,0.0,0.0,100.0,88.6,-116.00,-1.16
,108997438,19/08/2025 17:51,20/08/2025 01:47,XAUUSD,Sell,0.030,0.00000,0.00000,3322.19000,3316.32000,0.0000,0.0000,587.0,17.61,3.35,"",0,00:07:55:25,100.0,7h 55m,303.0,0.00,703.0,21.09,0.0,0.0,100.0,83.5,-116.00,-3.48
,108997737,19/08/2025 17:51,19/08/2025 18:23,XAUUSD,Buy,0.030,0.00000,0.00000,3322.46000,3325.21000,0.0000,0.0000,275.0,8.25,1.60,"",0,00:00:31:42,3.2,1m,0.0,0.00,275.0,8.25,0.0,0.0,100.0,100.0,0.00,0.00
,108983630,19/08/2025 17:45,19/08/2025 17:49,XAUUSD,Sell,0.010,0.00000,0.00000,3326.26000,3324.38000,0.0000,0.0000,188.0,1.88,0.36,"",0,00:00:03:50,,,,,,,,,,,,
,108978075,19/08/2025 17:42,19/08/2025 17:49,XAUUSD,Sell,0.010,0.00000,0.00000,3327.98000,3324.42000,0.0000,0.0000,356.0,3.56,0.70,"",0,00:00:06:39,14.3,57s,0.0,0.00,356.0,3.56,0.0,0.0,100.0,100.0,0.00,0.00
,108849691,19/08/2025 16:15,19/08/2025 17:39,XAUUSD,Sell,0.010,0.00000,0.00000,3330.77000,3329.11000,0.0000,0.0000,166.0,1.66,0.33,"",0,00:01:23:33,1.2,1m,0.0,0.01,166.0,1.6600000000000001,0.0,0.0,100.0,100.0,0.00,0.00
,108844388,19/08/2025 16:12,19/08/2025 16:15,XAUUSD,Buy,0.010,0.00000,0.00000,3327.64000,3330.33000,0.0000,0.0000,269.0,2.69,0.53,"",0,00:00:02:46,,,,,,,,,,,,
,108837198,19/08/2025 16:10,19/08/2025 16:15,XAUUSD,Buy,0.010,0.00000,0.00000,3328.36000,3330.29000,0.0000,0.0000,193.0,1.93,0.38,"",0,00:00:04:47,20.0,57s,0.0,0.01,193.0,1.93,0.0,0.0,100.0,100.0,0.00,0.00
,108837811,19/08/2025 16:10,19/08/2025 16:10,XAUUSD,Sell,0.010,0.00000,0.00000,3328.02000,3326.75000,0.0000,0.0000,127.0,1.27,0.25,"",0,00:00:00:11,,,,,,,,,,,,
,108219321,18/08/2025 19:21,19/08/2025 16:10,XAUUSD,Sell,0.050,0.00000,0.00000,3332.53000,3329.17000,0.0000,0.0000,336.0,16.80,3.45,"",0,00:20:49:18,22.5,4h 41m,1542.0,3.08,393.0,19.650000000000002,-1210.0,-60.5,24.5,96.4,-57.00,-2.85
,108448590,19/08/2025 06:02,19/08/2025 16:10,XAUUSD,Sell,0.010,0.00000,0.00000,3338.03000,3329.38000,0.0000,0.0000,865.0,8.65,1.81,"",0,00:10:08:22,55.1,5h 35m,1030.0,0.78,913.0,9.13,-713.0,-7.13,56.2,97.0,-48.00,-0.48
,108591039,19/08/2025 10:07,19/08/2025 16:10,XAUUSD,Sell,0.010,0.00000,0.00000,3339.78000,3329.15000,0.0000,0.0000,1063.0,10.63,2.27,"",0,00:06:02:59,68.9,4h 10m,538.0,0.49,1097.0,10.97,-538.0,-5.38,67.1,97.9,-34.00,-0.34
,108697512,19/08/2025 13:16,19/08/2025 16:10,XAUUSD,Sell,0.030,0.00000,0.00000,3344.42000,3329.16000,0.0000,0.0000,1526.0,45.78,10.84,"",0,00:02:53:46,0.6,1m,0.0,0.00,1526.0,45.78,0.0,0.0,100.0,100.0,0.00,0.00
,107746509,18/08/2025 15:54,19/08/2025 13:18,XAUUSD,Buy,0.010,0.00000,0.00000,3344.31000,3344.75000,0.0000,0.0000,44.0,0.44,0.10,"",0,00:21:24:14,14.8,3h 10m,1510.0,34.36,44.0,0.44,-1510.0,-15.1,2.8,100.0,0.00,0.00
,108043599,18/08/2025 16:14,19/08/2025 13:16,XAUUSD,Buy,0.010,0.00000,0.00000,3341.41000,3343.87000,0.0000,0.0000,246.0,2.46,0.59,"",0,00:21:01:40,15.9,3h 20m,1220.0,4.96,246.0,2.46,-1220.0,-12.200000000000001,16.8,100.0,0.00,0.00
,108533812,19/08/2025 08:26,19/08/2025 13:16,XAUUSD,Buy,0.010,0.00000,0.00000,3340.31000,3344.11000,0.0000,0.0000,380.0,3.80,0.91,"",0,00:04:49:28,66.9,3h 13m,313.0,0.82,380.0,3.8000000000000003,-313.0,-3.13,54.8,100.0,0.00,0.00
,108466652,19/08/2025 06:26,19/08/2025 06:41,XAUUSD,Sell,0.020,0.00000,0.00000,3341.44000,3338.94000,0.0000,0.0000,250.0,5.00,1.22,"",0,00:00:14:42,6.7,59s,0.0,0.00,250.0,5.0,0.0,0.0,100.0,100.0,0.00,0.00
,108448598,19/08/2025 06:02,19/08/2025 06:22,XAUUSD,Buy,0.010,0.00000,0.00000,3338.27000,3340.99000,0.0000,0.0000,272.0,2.72,0.67,"",0,00:00:19:50,5.0,59s,0.0,0.00,272.0,2.72,0.0,0.0,100.0,100.0,0.00,0.00
,108100987,18/08/2025 16:58,19/08/2025 06:02,XAUUSD,Buy,0.030,0.00000,0.00000,3336.30000,3338.13000,0.0000,0.0000,183.0,5.49,1.36,"",0,00:13:03:48,27.6,3h 36m,979.0,4.80,204.0,6.12,-979.0,-29.369999999999997,17.2,98.2,-21.00,-0.63
,108167399,18/08/2025 17:53,19/08/2025 06:02,XAUUSD,Buy,0.010,0.00000,0.00000,3333.31000,3338.14000,0.0000,0.0000,483.0,4.83,1.22,"",0,00:12:09:08,57.1,6h 56m,805.0,1.35,503.0,5.03,-680.0,-6.8,42.5,98.3,-20.00,-0.20
,106110761,14/08/2025 17:06,18/08/2025 06:51,XAUUSD,Buy,0.010,0.00000,0.00000,3338.81000,3350.58000,0.0000,0.0000,1177.0,11.77,3.05,"",0,03:13:45:18,23.8,20h 24m,2326.0,1.19,1177.0,11.77,-1403.0,-14.030000000000001,45.6,100.0,0.00,0.00
,106001750,14/08/2025 16:25,18/08/2025 06:51,XAUUSD,Buy,0.010,0.00000,0.00000,3345.78000,3350.36000,0.0000,0.0000,458.0,4.58,1.20,"",0,03:14:26:04,5.4,4h 40m,2326.0,4.39,479.0,4.79,-2100.0,-21.0,18.6,99.2,-21.00,-0.21
,106125213,14/08/2025 19:16,18/08/2025 06:51,XAUUSD,Buy,0.010,0.00000,0.00000,3330.89000,3350.54000,0.0000,0.0000,1965.0,19.65,5.44,"",0,03:11:34:56,99.0,3d 10h ,2326.0,0.31,1974.0,19.740000000000002,-611.0,-6.11,76.4,99.7,-9.00,-0.09
,105951643,14/08/2025 15:36,14/08/2025 16:29,XAUUSD,Sell,0.010,0.00000,0.00000,3349.89000,3345.56000,0.0000,0.0000,433.0,4.33,1.21,"",0,00:00:53:07,1.9,1m,0.0,0.00,433.0,4.33,0.0,0.0,100.0,100.0,0.00,0.00
,106011724,14/08/2025 16:05,14/08/2025 16:29,XAUUSD,Sell,0.010,0.00000,0.00000,3354.01000,3346.07000,0.0000,0.0000,794.0,7.94,2.27,"",0,00:00:24:14,4.2,1m,0.0,0.00,794.0,7.94,0.0,0.0,100.0,100.0,0.00,0.00
,105958233,14/08/2025 15:39,14/08/2025 16:00,XAUUSD,Buy,0.010,0.00000,0.00000,3349.04000,3351.98000,0.0000,0.0000,294.0,2.94,0.85,"",0,00:00:20:42,4.8,59s,0.0,0.00,294.0,2.94,0.0,0.0,100.0,100.0,0.00,0.00
,105779224,14/08/2025 15:30,14/08/2025 15:36,XAUUSD,Buy,0.010,0.00000,0.00000,3345.41000,3349.66000,0.0000,0.0000,425.0,4.25,1.24,"",0,00:00:06:15,16.7,1m,0.0,0.00,425.0,4.25,0.0,0.0,100.0,100.0,0.00,0.00
,105722859,14/08/2025 12:08,14/08/2025 15:34,XAUUSD,Sell,0.010,0.00000,0.00000,3351.72000,3347.83000,0.0000,0.0000,389.0,3.89,1.15,"",0,00:03:25:48,90.3,3h 5m,575.0,0.59,964.0,9.64,-570.0,-5.7,62.8,62.5,-575.00,-5.75
,105767298,14/08/2025 12:22,14/08/2025 15:11,XAUUSD,Sell,0.010,0.00000,0.00000,3356.47000,3357.28000,0.0000,0.0000,-81.0,-0.81,-0.24,"",0,00:02:49:00,0.0,0s,81.0,81.30,0.0,0.0,-81.0,-0.81,0.0,0.0,-81.00,-0.81
,105751162,14/08/2025 12:14,14/08/2025 12:19,XAUUSD,Buy,0.010,0.00000,0.00000,3354.43000,3357.95000,0.0000,0.0000,352.0,3.52,1.05,"",0,00:00:05:05,20.0,1m,0.0,0.00,352.0,3.52,0.0,0.0,100.0,100.0,0.00,0.00
,105695404,14/08/2025 11:26,14/08/2025 12:13,XAUUSD,Buy,0.010,0.00000,0.00000,3347.85000,3353.27000,0.0000,0.0000,542.0,5.42,1.64,"",0,00:00:47:18,2.2,1m,0.0,0.00,542.0,5.42,0.0,0.0,100.0,100.0,0.00,0.00
,98385952,14/08/2025 11:25,,,Deposit,0.000,0.00000,0.00000,0.00000,0.00000,0.0000,0.0000,0.0,150.00,0,"Deposit-TH-QR-CPS-APP",0,00:00:00:00,,,,,,,,,,,,
,87984122,30/07/2025 23:00,,,Deposit,0.000,0.00000,0.00000,0.00000,0.00000,0.0000,0.0000,0.0,181.21,0,"Cash Adjustment-Debt W/O",0,00:00:00:00,,,,,,,,,,,,
,94215101,30/07/2025 20:37,30/07/2025 22:59,USOUSD,Buy,0.030,0.00000,0.00000,71.16000,71.11000,0.0000,0.0000,-5.0,-1.50,-517.24,"",0,00:02:21:34,,,,,,,,,,,,
,89921255,28/07/2025 01:00,30/07/2025 22:59,VIX.R,Buy,0.100,0.00000,0.00000,18.00000,18.00000,0.0000,0.0000,0.0,15.70,0.00,"",0,02:21:59:05,,,,,,,,,,,,
,93989151,30/07/2025 16:15,30/07/2025 22:59,XAUUSD,Buy,0.050,0.00000,0.00000,3308.23000,3268.87000,0.0000,0.0000,-3936.0,-196.80,-108.50,"",0,00:06:43:24,0.0,0s,3941.0,5000.00,0.0,0.0,-3941.0,-197.05,0.0,0.1,-3936.00,-196.80
,92307908,28/07/2025 16:55,30/07/2025 22:59,XAUUSD,Buy,0.050,0.00000,0.00000,3306.07000,3268.87000,0.0000,0.0000,-3720.0,-186.00,-50.63,"",0,02:06:04:02,82.6,1d 20h ,6411.0,1.39,2686.0,134.3,-3725.0,-186.25,41.9,0.1,-6406.00,-320.30
,92295074,28/07/2025 16:53,30/07/2025 22:59,XAUUSD,Buy,0.050,0.00000,0.00000,3314.83000,3268.87000,0.0000,0.0000,-4596.0,-229.80,-38.48,"",0,02:06:05:34,65.1,1d 11h ,6411.0,2.54,1810.0,90.5,-4601.0,-230.05,28.2,0.1,-6406.00,-320.30
,90995192,25/07/2025 11:06,30/07/2025 22:59,VIX.R,Buy,0.100,0.00000,0.00000,18.00000,18.00000,0.0000,0.0000,0.0,-34.30,-5.43,"",0,05:11:52:56,,,,,,,,,,,,
,89973041,24/07/2025 02:37,30/07/2025 22:59,VIX.R,Buy,0.100,0.00000,0.00000,18.00000,18.00000,0.0000,0.0000,0.0,-14.30,-2.21,"",0,06:20:21:06,,,,,,,,,,,,
,89779190,23/07/2025 18:58,30/07/2025 22:59,VIX.R,Buy,0.100,0.00000,0.00000,19.00000,18.00000,0.0000,0.0000,-1.0,-73.30,-10.19,"",0,07:04:00:47,,,,,,,,,,,,
,88741766,23/07/2025 03:45,30/07/2025 22:59,VIX.R,Buy,0.100,0.00000,0.00000,19.00000,18.00000,0.0000,0.0000,-1.0,-84.30,-10.49,"",0,07:19:13:55,,,,,,,,,,,,
,86474829,17/07/2025 17:28,30/07/2025 22:59,VIX.R,Buy,0.100,0.00000,0.00000,20.00000,18.00000,0.0000,0.0000,-2.0,-168.30,-17.32,"",0,13:05:31:01,,,,,,,,,,,,
,86316416,17/07/2025 15:26,30/07/2025 22:59,VIX.R,Buy,0.100,0.00000,0.00000,19.00000,18.00000,0.0000,0.0000,-1.0,-163.30,-14.39,"",0,13:07:33:01,,,,,,,,,,,,
,85891745,16/07/2025 20:08,30/07/2025 22:59,VIX.R,Buy,0.100,0.00000,0.00000,19.00000,18.00000,0.0000,0.0000,-1.0,-163.30,-12.58,"",0,14:02:50:07,,,,,,,,,,,,
,84942654,15/07/2025 17:35,30/07/2025 22:59,VIX.R,Buy,0.100,0.00000,0.00000,19.00000,18.00000,0.0000,0.0000,-1.0,-148.30,-10.25,"",0,15:05:23:19,,,,,,,,,,,,
,81901577,30/07/2025 18:20,30/07/2025 22:59,XAUUSD,Buy,0.050,0.00000,0.00000,3294.34000,3268.76000,0.0000,0.0000,-2558.0,-127.90,-8.12,"",0,00:04:38:44,4.7,13m,3187.0,4.07,629.0,31.450000000000003,-2558.0,-127.9,19.7,0.0,-3187.00,-159.35
,74893245,24/06/2025 01:22,30/07/2025 22:59,VIX.R,Buy,0.100,0.00000,0.00000,20.00000,18.00000,0.0000,0.0000,-2.0,-239.30,-13.19,"",0,36:21:36:27,,,,,,,,,,,,
,74892421,23/06/2025 17:04,30/07/2025 22:59,USOUSD,Buy,0.020,0.00000,0.00000,74.07000,71.11000,0.0000,0.0000,-296.0,-59.24,-3.16,"",0,37:05:54:09,,,,,,,,,,,,
,74856996,23/06/2025 10:16,30/07/2025 22:59,USOUSD,Buy,0.020,0.00000,0.00000,75.13000,71.11000,0.0000,0.0000,-402.0,-80.34,-4.11,"",0,37:12:43:01,,,,,,,,,,,,
,74607706,23/06/2025 08:05,30/07/2025 22:59,USOUSD,Buy,0.020,0.00000,0.00000,76.06000,71.11000,0.0000,0.0000,-495.0,-98.94,-4.82,"",0,37:14:53:43,,,,,,,,,,,,
,74607450,23/06/2025 01:29,30/07/2025 22:59,USOUSD,Buy,0.020,0.00000,0.00000,77.05000,71.11000,0.0000,0.0000,-594.0,-118.84,-5.47,"",0,37:21:29:14,,,,,,,,,,,,
,74601812,23/06/2025 01:05,30/07/2025 22:59,USOUSD,Buy,0.020,0.00000,0.00000,78.25000,71.11000,0.0000,0.0000,-714.0,-142.84,-6.17,"",0,37:21:53:48,,,,,,,,,,,,
,70564405,23/06/2025 20:02,30/07/2025 22:59,USOUSD,Buy,0.020,0.00000,78.76500,72.64000,71.11000,0.0000,0.0000,-153.0,-30.64,-1.31,"",0,37:02:56:28,,,,,,,,,,,,
,70417692,24/06/2025 09:25,30/07/2025 22:59,VIX.R,Buy,0.100,0.00000,0.00000,20.00000,18.00000,0.0000,0.0000,-2.0,-184.30,-7.29,"",0,36:13:33:24,,,,,,,,,,,,
,92283928,28/07/2025 16:49,30/07/2025 22:59,XAUUSD,Buy,0.050,0.00000,0.00000,3318.10000,3268.87000,0.0000,0.0000,-4923.0,-246.15,-8.87,"",0,02:06:09:29,55.9,1d 6h ,6406.0,3.32,1483.0,74.15,-4923.0,-246.15,23.2,0.0,-6406.00,-320.30
,92226244,28/07/2025 16:44,30/07/2025 22:59,XAUUSD,Buy,0.050,0.00000,0.00000,3322.46000,3268.87000,0.0000,0.0000,-5359.0,-267.95,-8.81,"",0,02:06:14:37,45.5,1d ,6406.0,5.12,1047.0,52.35,-5359.0,-267.95,16.3,0.0,-6406.00,-320.30
,85769151,16/07/2025 18:36,30/07/2025 22:59,VIX.R,Buy,0.100,0.00000,0.00000,20.00000,18.00000,0.0000,0.0000,-2.0,-260.80,-7.89,"",0,14:04:22:10,,,,,,,,,,,,
,92260696,28/07/2025 16:39,30/07/2025 22:58,XAUUSD,Buy,0.050,0.00000,0.00000,3326.42000,3268.77000,0.0000,0.0000,-5765.0,-288.25,-8.02,"",0,02:06:19:35,31.6,17h 10m,6416.0,8.86,651.0,32.550000000000004,-5765.0,-288.25,10.1,0.0,-6416.00,-320.80
,75172190,23/06/2025 17:23,30/07/2025 22:58,VIX.R,Buy,0.100,0.00000,0.00000,21.00000,18.00000,0.0000,0.0000,-3.0,-294.30,-7.57,"",0,37:05:35:00,,,,,,,,,,,,
,92226021,28/07/2025 16:14,30/07/2025 22:58,XAUUSD,Buy,0.050,0.00000,0.00000,3329.73000,3268.90000,0.0000,0.0000,-6083.0,-304.15,-7.26,"",0,02:06:44:35,8.9,4h 52m,6403.0,19.01,320.0,16.0,-6083.0,-304.15000000000003,5.0,0.0,-6403.00,-320.15
,91383105,25/07/2025 19:44,30/07/2025 22:58,XAUUSD,Buy,0.050,0.00000,0.00000,3330.27000,3269.07000,0.0000,0.0000,-6120.0,-306.00,-6.81,"",0,05:03:13:49,54.5,2d 19h ,7431.0,4.67,1311.0,65.55,-6120.0,-306.0,17.6,0.0,-7431.00,-371.55
,74686378,23/06/2025 10:11,30/07/2025 22:58,VIX.R,Buy,0.100,0.00000,0.00000,21.00000,18.00000,0.0000,0.0000,-3.0,-334.30,-6.92,"",0,37:12:46:48,,,,,,,,,,,,
,74600265,23/06/2025 01:03,30/07/2025 22:58,VIX.R,Buy,0.100,0.00000,0.00000,22.00000,18.00000,0.0000,0.0000,-4.0,-396.80,-7.59,"",0,37:21:55:09,,,,,,,,,,,,
,91007614,25/07/2025 11:22,30/07/2025 22:58,XAUUSD,Buy,0.050,0.00000,0.00000,3350.48000,3269.31000,0.0000,0.0000,-8117.0,-405.85,-7.20,"",0,05:11:36:17,0.0,0s,8117.0,10000.00,0.0,0.0,-8117.0,-405.85,0.0,0.0,-8117.00,-405.85
,90992796,25/07/2025 11:01,30/07/2025 22:58,XAUUSD,Buy,0.050,0.00000,0.00000,3354.69000,3269.44000,0.0000,0.0000,-8525.0,-426.25,-7.03,"",0,05:11:56:54,0.0,0s,8528.0,10000.00,0.0,0.0,-8528.0,-426.40000000000003,0.0,0.0,-8525.00,-426.25
,94157331,30/07/2025 18:31,30/07/2025 22:57,XAUUSD,Buy,0.200,0.00000,0.00000,3291.13000,3269.92000,0.0000,0.0000,-2121.0,-424.20,-6.54,"",0,00:04:26:37,1.9,5m,2892.0,3.25,681.0,136.20000000000002,-2211.0,-442.20000000000005,23.5,3.1,-2802.00,-560.40
,90879565,25/07/2025 07:13,30/07/2025 22:57,XAUUSD,Buy,0.050,0.00000,0.00000,3362.90000,3270.02000,0.0000,0.0000,-9288.0,-464.40,-6.68,"",0,05:15:44:09,0.0,0s,9288.0,10000.00,0.0,0.0,-9288.0,-464.40000000000003,0.0,0.0,-9288.00,-464.40
,90319046,24/07/2025 12:06,30/07/2025 22:57,XAUUSD,Buy,0.050,0.00000,0.00000,3368.03000,3270.02000,0.0000,0.0000,-9801.0,-490.05,-6.59,"",0,06:10:51:03,7.0,10h 50m,10629.0,11.85,828.0,41.400000000000006,-9801.0,-490.05,7.8,0.0,-10629.00,-531.45
,92261539,28/07/2025 16:44,30/07/2025 22:57,XAUUSD,Buy,0.100,0.00000,0.00000,3322.20000,3271.03000,0.0000,0.0000,-5117.0,-511.70,-6.44,"",0,02:06:12:24,46.3,1d 1h ,6249.0,4.82,1073.0,107.30000000000001,-5176.0,-517.6,17.2,0.9,-6190.00,-619.00
,90588893,24/07/2025 17:12,30/07/2025 22:57,XAUUSD,Buy,0.050,0.00000,0.00000,3369.90000,3271.03000,0.0000,0.0000,-9887.0,-494.35,-5.85,"",0,06:05:44:55,2.6,3h 53m,10157.0,36.63,270.0,13.5,-9887.0,-494.35,2.7,0.0,-10157.00,-507.85
,90183735,24/07/2025 09:15,30/07/2025 22:31,XAUUSD,Buy,0.050,0.00000,0.00000,3375.75000,3269.35000,0.0000,0.0000,-10640.0,-532.00,-5.93,"",0,06:13:16:03,0.2,18m,10696.0,192.31,56.0,2.8000000000000003,-10640.0,-532.0,0.5,0.0,-10696.00,-534.80
,90074722,24/07/2025 06:06,30/07/2025 22:31,XAUUSD,Buy,0.050,0.00000,0.00000,3379.52000,3269.35000,0.0000,0.0000,-11017.0,-550.85,-5.78,"",0,06:16:25:31,0.0,0s,11017.0,0.00,0.0,0.0,-11017.0,-550.85,0.0,0.0,-11017.00,-550.85
,90050382,24/07/2025 05:23,30/07/2025 22:31,XAUUSD,Buy,0.050,0.00000,0.00000,3388.51000,3269.48000,0.0000,0.0000,-11903.0,-595.15,-5.88,"",0,06:17:07:50,0.0,0s,11903.0,0.00,0.0,0.0,-11903.0,-595.15,0.0,0.0,-11903.00,-595.15
,89851015,23/07/2025 19:32,30/07/2025 22:31,XAUUSD,Buy,0.050,0.00000,0.00000,3382.48000,3269.48000,0.0000,0.0000,-11300.0,-565.00,-5.29,"",0,07:02:59:17,4.9,8h 22m,12190.0,12.71,890.0,44.5,-11300.0,-565.0,7.3,0.0,-12190.00,-609.50
,89804167,23/07/2025 19:05,30/07/2025 22:31,XAUUSD,Buy,0.050,0.00000,0.00000,3387.41000,3269.48000,0.0000,0.0000,-11793.0,-589.65,-5.23,"",0,07:03:26:34,3.1,5h 18m,12190.0,29.76,397.0,19.85,-11793.0,-589.65,3.3,0.0,-12190.00,-609.50
,89791327,23/07/2025 19:01,30/07/2025 22:31,XAUUSD,Buy,0.050,0.00000,0.00000,3389.49000,3269.48000,0.0000,0.0000,-12001.0,-600.05,-5.05,"",0,07:03:30:09,1.5,2h 34m,12190.0,63.69,189.0,9.450000000000001,-12001.0,-600.0500000000001,1.6,0.0,-12190.00,-609.50
,89791259,23/07/2025 19:01,30/07/2025 22:31,XAUUSD,Buy,0.050,0.00000,0.00000,3389.54000,3269.48000,0.0000,0.0000,-12006.0,-600.30,-4.81,"",0,07:03:30:10,1.5,2h 34m,12190.0,65.36,184.0,9.200000000000001,-12006.0,-600.3000000000001,1.5,0.0,-12190.00,-609.50
,89786971,23/07/2025 19:01,30/07/2025 22:31,XAUUSD,Buy,0.050,0.00000,0.00000,3395.06000,3269.48000,0.0000,0.0000,-12558.0,-627.90,-4.79,"",0,07:03:30:42,0.0,0s,12558.0,0.00,0.0,0.0,-12558.0,-627.9000000000001,0.0,0.0,-12558.00,-627.90
,94054320,30/07/2025 16:54,30/07/2025 22:31,XAUUSD,Buy,0.200,0.00000,0.00000,3301.30000,3269.92000,0.0000,0.0000,-3138.0,-627.60,-4.57,"",0,00:05:36:45,3.0,10m,3350.0,15.67,201.0,40.2,-3149.0,-629.8000000000001,6.0,0.3,-3339.00,-667.80
,94015426,30/07/2025 16:30,30/07/2025 22:31,XAUUSD,Buy,0.200,0.00000,0.00000,3305.56000,3270.14000,0.0000,0.0000,-3542.0,-708.40,-4.91,"",0,00:06:01:04,0.0,0s,3575.0,5000.00,0.0,0.0,-3575.0,-715.0,0.0,0.9,-3542.00,-708.40
,89779104,23/07/2025 18:58,30/07/2025 22:31,XAUUSD,Buy,0.050,0.00000,0.00000,3399.30000,3269.95000,0.0000,0.0000,-12935.0,-646.75,-4.29,"",0,07:03:33:26,0.0,0s,12949.0,0.00,0.0,0.0,-12949.0,-647.45,0.0,0.1,-12935.00,-646.75
,89774255,23/07/2025 18:56,30/07/2025 22:31,XAUUSD,Buy,0.050,0.00000,0.00000,3404.49000,3270.02000,0.0000,0.0000,-13447.0,-672.35,-4.27,"",0,07:03:34:48,0.0,0s,13468.0,0.00,0.0,0.0,-13468.0,-673.4000000000001,0.0,0.2,-13447.00,-672.35
,89646325,23/07/2025 16:28,30/07/2025 22:31,XAUUSD,Buy,0.050,0.00000,0.00000,3409.37000,3270.02000,0.0000,0.0000,-13935.0,-696.75,-4.23,"",0,07:06:03:28,0.0,0s,13956.0,0.00,0.0,0.0,-13956.0,-697.8000000000001,0.0,0.2,-13935.00,-696.75
,89009766,23/07/2025 18:58,30/07/2025 22:31,XAUUSD,Buy,0.050,0.00000,0.00000,3399.17000,3269.95000,0.0000,0.0000,-12922.0,-646.10,-3.78,"",0,07:03:33:35,0.0,0s,12936.0,0.00,0.0,0.0,-12936.0,-646.8000000000001,0.0,0.1,-12922.00,-646.10
,71380813,16/06/2025 04:08,30/07/2025 22:31,XAUUSD,Buy,0.040,0.00000,0.00000,3437.12000,3269.95000,0.0000,0.0000,-16717.0,-668.68,-3.76,"",0,44:18:23:20,0.0,0s,17336.0,0.00,0.0,0.0,-17336.0,-693.44,0.0,3.6,-16717.00,-668.68
,89636959,23/07/2025 16:23,30/07/2025 22:31,XAUUSD,Buy,0.050,0.00000,0.00000,3411.88000,3270.27000,0.0000,0.0000,-14161.0,-708.05,-3.83,"",0,07:06:08:34,0.0,0s,14161.0,0.00,0.0,0.0,-14161.0,-708.0500000000001,0.0,0.0,-14161.00,-708.05
,89705550,23/07/2025 17:21,30/07/2025 22:31,XAUUSD,Buy,0.050,0.00000,0.00000,3413.44000,3270.31000,0.0000,0.0000,-14313.0,-715.65,-3.73,"",0,07:05:09:54,0.0,0s,14313.0,0.00,0.0,0.0,-14313.0,-715.6500000000001,0.0,0.0,-14313.00,-715.65
,89619599,23/07/2025 16:22,30/07/2025 22:31,XAUUSD,Buy,0.050,0.00000,0.00000,3411.92000,3270.30000,0.0000,0.0000,-14162.0,-708.10,-3.56,"",0,07:06:08:42,0.0,0s,14162.0,0.00,0.0,0.0,-14162.0,-708.1,0.0,0.0,-14162.00,-708.10
,89377208,23/07/2025 10:28,30/07/2025 22:31,XAUUSD,Buy,0.050,0.00000,0.00000,3427.39000,3270.35000,0.0000,0.0000,-15704.0,-785.20,-3.80,"",0,07:12:03:28,0.5,54m,15848.0,109.89,144.0,7.2,-15704.0,-785.2,0.9,0.0,-15848.00,-792.40
,89161570,23/07/2025 03:50,30/07/2025 22:31,XAUUSD,Buy,0.050,0.00000,0.00000,3431.29000,3270.35000,0.0000,0.0000,-16094.0,-804.70,-3.74,"",0,07:18:41:00,0.2,22m,16131.0,454.55,37.0,1.85,-16094.0,-804.7,0.2,0.0,-16131.00,-806.55
,93957092,30/07/2025 15:58,30/07/2025 22:31,XAUUSD,Buy,0.200,0.00000,0.00000,3312.90000,3270.50000,0.0000,0.0000,-4240.0,-848.00,-3.80,"",0,00:06:33:23,0.0,0s,4240.0,5000.00,0.0,0.0,-4240.0,-848.0,0.0,0.0,-4240.00,-848.00
,71306309,16/06/2025 01:22,30/07/2025 22:31,XAUUSD,Buy,0.050,0.00000,0.00000,3446.86000,3270.50000,0.0000,0.0000,-17636.0,-881.80,-3.80,"",0,44:21:08:37,0.0,0s,18310.0,0.00,0.0,0.0,-18310.0,-915.5,0.0,3.7,-17636.00,-881.80
,93932186,30/07/2025 15:49,30/07/2025 22:31,XAUUSD,Buy,0.200,0.00000,0.00000,3320.40000,3270.55000,0.0000,0.0000,-4985.0,-997.00,-4.12,"",0,00:06:41:51,0.0,0s,4985.0,5000.00,0.0,0.0,-4985.0,-997.0,0.0,0.0,-4985.00,-997.00
,90090721,24/07/2025 09:30,30/07/2025 22:31,XAUUSD,Buy,0.100,0.00000,0.00000,3371.05000,3270.65000,0.0000,0.0000,-10040.0,-1004.00,-3.98,"",0,06:13:01:04,2.8,4h 23m,10566.0,19.12,526.0,52.6,-10040.0,-1004.0,5.0,0.0,-10566.00,-1056.60
,90431886,25/07/2025 18:43,30/07/2025 22:31,XAUUSD,Buy,0.200,0.00000,0.00000,3326.61000,3270.74000,0.0000,0.0000,-5587.0,-1117.40,-4.24,"",0,05:03:47:43,67.1,3d 11h ,7264.0,3.33,1677.0,335.40000000000003,-5587.0,-1117.4,23.1,0.0,-7264.00,-1452.80
,92966150,29/07/2025 13:18,30/07/2025 19:00,VIX.R,Buy,0.100,0.00000,0.00000,17.00000,18.00000,0.0000,0.0000,1.0,50.70,0.19,"",0,01:05:42:24,,,,,,,,,,,,
,93958936,30/07/2025 15:59,30/07/2025 18:57,USOUSD,Buy,0.030,0.00000,0.00000,70.29000,70.91000,0.0000,0.0000,62.0,18.78,0.07,"",0,00:02:57:15,,,,,,,,,,,,
,93746108,30/07/2025 11:54,30/07/2025 15:58,USOUSD,Buy,0.030,0.00000,0.00000,69.71000,70.22000,0.0000,0.0000,51.0,15.33,0.06,"",0,00:04:03:52,,,,,,,,,,,,
,93797322,30/07/2025 13:12,30/07/2025 15:49,USOUSD,Buy,0.030,0.00000,0.00000,69.35000,70.09000,0.0000,0.0000,74.0,22.23,0.08,"",0,00:02:36:04,,,,,,,,,,,,
,93443459,30/07/2025 02:33,30/07/2025 10:41,USOUSD,Buy,0.030,0.00000,0.00000,69.89000,70.30000,0.0000,0.0000,41.0,12.33,0.05,"",0,00:08:07:56,,,,,,,,,,,,
,93379019,29/07/2025 20:59,29/07/2025 21:00,USOUSD,Buy,0.050,0.00000,0.00000,69.68000,69.70000,0.0000,0.0000,2.0,1.05,0.00,"",0,00:00:01:16,,,,,,,,,,,,
,83966105,14/07/2025 10:47,29/07/2025 20:57,USOUSD,Buy,0.050,0.00000,0.00000,69.44000,69.67000,0.0000,0.0000,23.0,11.50,0.04,"",0,15:10:09:56,,,,,,,,,,,,
,91112830,25/07/2025 18:43,29/07/2025 20:57,XAUUSD,Buy,0.050,0.00000,0.00000,3326.32000,3328.23000,0.0000,0.0000,191.0,9.55,0.04,"",0,04:02:13:53,73.1,2d 23h ,4152.0,1.43,1706.0,85.30000000000001,-2446.0,-122.30000000000001,41.1,63.5,-1515.00,-75.75
,84194173,14/07/2025 16:38,29/07/2025 20:57,USOUSD,Buy,0.030,0.00000,0.00000,68.49000,69.63000,0.0000,0.0000,114.0,34.20,0.13,"",0,15:04:19:10,,,,,,,,,,,,
,84159868,14/07/2025 16:01,29/07/2025 20:57,USOUSD,Buy,0.050,0.00000,0.00000,68.86000,69.61000,0.0000,0.0000,75.0,37.25,0.14,"",0,15:04:56:25,,,,,,,,,,,,
,92225963,28/07/2025 16:14,29/07/2025 17:12,USOUSD,Buy,0.050,0.00000,0.00000,67.69000,68.21000,0.0000,0.0000,52.0,26.10,0.10,"",0,01:00:58:28,,,,,,,,,,,,
,81897896,09/07/2025 17:39,28/07/2025 16:54,XAUUSD,Sell,0.050,0.00000,0.00000,3310.21000,3309.47000,0.0000,0.0000,74.0,3.70,0.01,"",0,18:23:14:40,0.9,4h 5m,12223.0,109.89,112.0,5.6000000000000005,-12223.0,-611.15,0.9,99.7,-38.00,-1.90
,86461566,17/07/2025 17:16,28/07/2025 16:49,XAUUSD,Sell,0.050,0.00000,0.00000,3325.49000,3318.22000,0.0000,0.0000,727.0,36.35,0.14,"",0,10:23:33:05,1.5,3h 57m,10742.0,14.45,744.0,37.2,-10742.0,-537.1,6.5,99.9,-17.00,-0.85
,87128739,18/07/2025 18:22,28/07/2025 16:13,USOUSD,Buy,0.050,0.00000,0.00000,67.21000,67.62000,0.0000,0.0000,41.0,20.35,0.08,"",0,09:21:51:23,,,,,,,,,,,,
,86511353,25/07/2025 18:44,28/07/2025 16:13,XAUUSD,Buy,0.050,0.00000,0.00000,3325.49000,3329.63000,0.0000,0.0000,414.0,20.70,0.08,"",0,02:21:29:47,99.9,2d 21h ,1660.0,0.03,1789.0,89.45,-53.0,-2.6500000000000004,97.1,25.4,-1375.00,-68.75
,90305167,24/07/2025 11:44,28/07/2025 16:13,USOUSD,Buy,0.050,0.00000,0.00000,66.94000,67.62000,0.0000,0.0000,68.0,33.90,0.13,"",0,04:04:29:44,,,,,,,,,,,,
,91261624,25/07/2025 17:07,28/07/2025 14:36,USOUSD,Buy,0.100,0.00000,0.00000,66.49000,66.77000,0.0000,0.0000,28.0,27.60,0.11,"",0,02:21:28:24,,,,,,,,,,,,
,86464579,17/07/2025 17:18,25/07/2025 18:44,XAUUSD,Sell,0.050,0.00000,0.00000,3327.28000,3325.66000,0.0000,0.0000,162.0,8.10,0.03,"",0,08:01:25:57,1.9,3h 40m,10563.0,62.89,168.0,8.4,-10563.0,-528.15,1.6,99.9,-6.00,-0.30
,86533017,17/07/2025 18:52,25/07/2025 18:44,XAUUSD,Sell,0.050,0.00000,0.00000,3338.18000,3325.57000,0.0000,0.0000,1261.0,63.05,0.24,"",0,07:23:51:58,4.6,8h 49m,9947.0,7.41,1279.0,63.95,-9473.0,-473.65000000000003,11.9,99.8,-18.00,-0.90
,86843256,18/07/2025 10:41,25/07/2025 18:44,XAUUSD,Sell,0.050,0.00000,0.00000,3349.46000,3325.56000,0.0000,0.0000,2390.0,119.50,0.46,"",0,07:08:02:55,7.6,13h 22m,8676.0,3.47,2407.0,120.35000000000001,-8345.0,-417.25,22.4,99.8,-17.00,-0.85
,86490418,17/07/2025 17:39,25/07/2025 18:44,XAUUSD,Sell,0.050,0.00000,0.00000,3332.79000,3325.54000,0.0000,0.0000,725.0,36.25,0.14,"",0,08:01:04:47,2.3,4h 26m,10012.0,13.81,725.0,36.25,-10012.0,-500.6,6.8,100.0,0.00,0.00
,86787497,18/07/2025 09:26,25/07/2025 18:44,XAUUSD,Sell,0.050,0.00000,0.00000,3338.85000,3326.17000,0.0000,0.0000,1268.0,63.40,0.25,"",0,07:09:17:47,2.7,4h 47m,9406.0,7.35,1281.0,64.05,-9406.0,-470.3,12.0,99.9,-13.00,-0.65
,86676511,18/07/2025 05:12,25/07/2025 18:44,XAUUSD,Sell,0.050,0.00000,0.00000,3342.68000,3326.00000,0.0000,0.0000,1668.0,83.40,0.33,"",0,07:13:31:46,5.1,9h 15m,9947.0,5.41,1668.0,83.4,-9023.0,-451.15000000000003,15.6,100.0,0.00,0.00
,86480429,17/07/2025 17:53,25/07/2025 18:44,XAUUSD,Sell,0.100,0.00000,0.00000,3334.67000,3325.88000,0.0000,0.0000,879.0,87.90,0.34,"",0,08:00:50:53,2.4,4h 37m,9947.0,11.19,879.0,87.9,-9824.0,-982.4000000000001,8.2,100.0,0.00,0.00
,86806518,18/07/2025 09:55,25/07/2025 18:43,XAUUSD,Sell,0.050,0.00000,0.00000,3340.54000,3326.52000,0.0000,0.0000,1402.0,70.10,0.28,"",0,07:08:48:06,3.6,6h 21m,9237.0,6.53,1416.0,70.8,-9237.0,-461.85,13.3,99.9,-14.00,-0.70
,91060922,25/07/2025 12:23,25/07/2025 18:43,XAUUSD,Sell,0.050,0.00000,0.00000,3347.62000,3326.61000,0.0000,0.0000,2101.0,105.05,0.41,"",0,00:06:19:35,100.0,6h 19m,1056.0,0.00,2116.0,105.80000000000001,0.0,0.0,100.0,99.3,-15.00,-0.75
,86524645,17/07/2025 18:31,25/07/2025 18:43,XAUUSD,Sell,0.050,0.00000,0.00000,3336.78000,3326.64000,0.0000,0.0000,1014.0,50.70,0.20,"",0,08:00:12:24,3.8,7h 18m,9947.0,9.32,1032.0,51.6,-9613.0,-480.65000000000003,9.7,99.8,-18.00,-0.90
,84639519,25/07/2025 13:55,,,Withdrawal,0.000,0.00000,0.00000,0.00000,0.00000,0.0000,0.0000,0.0,-1000.00,0,"Withdraw-TH-CPS",0,00:00:00:00,,,,,,,,,,,,
,91014962,25/07/2025 11:28,25/07/2025 11:48,XAUUSD,Buy,0.050,0.00000,0.00000,3348.07000,3348.08000,0.0000,0.0000,1.0,0.05,0.00,"",0,00:00:19:42,5.0,59s,0.0,1.00,1.0,0.05,0.0,0.0,100.0,100.0,0.00,0.00
,86622151,18/07/2025 14:39,25/07/2025 11:21,XAUUSD,Sell,0.050,0.00000,0.00000,3354.88000,3350.55000,0.0000,0.0000,433.0,21.65,0.08,"",0,06:20:42:26,39.0,2d 16h ,8676.0,8.94,873.0,43.650000000000006,-7803.0,-390.15000000000003,10.1,94.9,-440.00,-22.00
,86960914,18/07/2025 14:48,25/07/2025 11:21,XAUUSD,Sell,0.050,0.00000,0.00000,3356.82000,3350.56000,0.0000,0.0000,626.0,31.30,0.12,"",0,06:20:33:15,40.0,2d 17h ,8676.0,7.13,1067.0,53.35,-7609.0,-380.45000000000005,12.3,94.9,-441.00,-22.05
,90925070,25/07/2025 08:55,25/07/2025 11:21,XAUUSD,Sell,0.050,0.00000,0.00000,3357.27000,3350.56000,0.0000,0.0000,671.0,33.55,0.13,"",0,00:02:25:57,0.7,1m,0.0,0.00,671.0,33.550000000000004,0.0,0.0,100.0,100.0,0.00,0.00
,86904002,18/07/2025 12:38,25/07/2025 11:21,XAUUSD,Sell,0.100,0.00000,0.00000,3354.78000,3350.47000,0.0000,0.0000,431.0,43.10,0.16,"",0,06:22:43:19,38.6,2d 16h ,8676.0,9.06,863.0,86.30000000000001,-7813.0,-781.3000000000001,9.9,95.0,-432.00,-43.20
,90355740,24/07/2025 12:58,25/07/2025 11:21,XAUUSD,Sell,0.050,0.00000,0.00000,3362.31000,3350.37000,0.0000,0.0000,1194.0,59.70,0.23,"",0,00:22:23:45,38.7,8h 40m,2103.0,1.19,1222.0,61.1,-1450.0,-72.5,45.7,99.0,-28.00,-1.40
,87820358,21/07/2025 08:17,25/07/2025 11:21,XAUUSD,Sell,0.050,0.00000,0.00000,3363.95000,3350.49000,0.0000,0.0000,1346.0,67.30,0.26,"",0,04:03:04:41,12.9,12h 46m,6935.0,5.08,1357.0,67.85000000000001,-6896.0,-344.8,16.4,99.9,-11.00,-0.55
,90554918,24/07/2025 16:48,25/07/2025 11:21,XAUUSD,Sell,0.050,0.00000,0.00000,3370.00000,3350.50000,0.0000,0.0000,1950.0,97.50,0.38,"",0,00:18:33:26,81.0,15h 1m,749.0,0.16,2027.0,101.35000000000001,-332.0,-16.6,85.9,96.7,-77.00,-3.85
,90775407,25/07/2025 03:26,25/07/2025 11:21,XAUUSD,Sell,0.050,0.00000,0.00000,3371.81000,3350.56000,0.0000,0.0000,2125.0,106.25,0.41,"",0,00:07:55:25,100.0,7h 55m,475.0,0.00,2208.0,110.4,0.0,0.0,100.0,96.2,-83.00,-4.15
,90347376,24/07/2025 12:42,24/07/2025 16:48,XAUUSD,Buy,0.050,0.00000,0.00000,3362.90000,3369.85000,0.0000,0.0000,695.0,34.75,0.13,"",0,00:04:05:59,78.1,3h 12m,1066.0,1.36,782.0,39.1,-1066.0,-53.300000000000004,42.3,95.3,-87.00,-4.35
,90469922,24/07/2025 15:47,24/07/2025 16:48,XAUUSD,Buy,0.050,0.00000,0.00000,3359.49000,3369.86000,0.0000,0.0000,1037.0,51.85,0.20,"",0,00:01:00:28,1.7,1m,0.0,0.00,1037.0,51.85,0.0,0.0,100.0,100.0,0.00,0.00
,87845474,21/07/2025 08:36,24/07/2025 12:42,XAUUSD,Sell,0.050,0.00000,0.00000,3367.54000,3363.27000,0.0000,0.0000,427.0,21.35,0.08,"",0,03:04:05:27,8.2,6h 14m,7455.0,16.03,439.0,21.950000000000003,-7027.0,-351.35,5.9,99.8,-12.00,-0.60
,87852815,21/07/2025 08:51,24/07/2025 12:42,XAUUSD,Sell,0.050,0.00000,0.00000,3368.18000,3363.24000,0.0000,0.0000,494.0,24.70,0.10,"",0,03:03:51:11,8.3,6h 17m,7455.0,13.91,501.0,25.05,-6963.0,-348.15000000000003,6.7,99.9,-7.00,-0.35
,88019836,21/07/2025 14:18,24/07/2025 12:42,XAUUSD,Sell,0.050,0.00000,0.00000,3370.98000,3363.63000,0.0000,0.0000,735.0,36.75,0.14,"",0,02:22:23:37,6.4,4h 30m,6683.0,8.64,774.0,38.7,-6683.0,-334.15000000000003,10.4,99.5,-39.00,-1.95
,88027446,21/07/2025 14:28,24/07/2025 12:42,XAUUSD,Sell,0.050,0.00000,0.00000,3372.61000,3363.57000,0.0000,0.0000,904.0,45.20,0.18,"",0,02:22:13:54,7.0,4h 54m,6520.0,6.96,937.0,46.85,-6520.0,-326.0,12.6,99.6,-33.00,-1.65
,87876981,21/07/2025 14:29,24/07/2025 12:42,XAUUSD,Sell,0.050,0.00000,0.00000,3373.72000,3363.57000,0.0000,0.0000,1015.0,50.75,0.20,"",0,02:22:12:47,7.4,5h 11m,6409.0,6.12,1048.0,52.400000000000006,-6409.0,-320.45000000000005,14.1,99.6,-33.00,-1.65
,90222899,24/07/2025 09:59,24/07/2025 12:42,XAUUSD,Sell,0.050,0.00000,0.00000,3375.66000,3363.58000,0.0000,0.0000,1208.0,60.40,0.24,"",0,00:02:42:37,0.7,1m,0.0,0.00,1208.0,60.400000000000006,0.0,0.0,100.0,100.0,0.00,0.00
,88849514,22/07/2025 16:43,24/07/2025 09:17,USOUSD,Buy,0.050,0.00000,0.00000,66.08000,66.65000,0.0000,0.0000,57.0,28.70,0.11,"",0,01:16:33:16,,,,,,,,,,,,
,88078595,21/07/2025 15:22,24/07/2025 09:16,XAUUSD,Sell,0.050,0.00000,0.00000,3379.70000,3376.19000,0.0000,0.0000,351.0,17.55,0.07,"",0,02:17:54:06,6.5,4h 17m,5811.0,13.91,418.0,20.900000000000002,-5811.0,-290.55,6.7,98.9,-67.00,-3.35
,88078597,21/07/2025 15:22,24/07/2025 09:16,XAUUSD,Sell,0.050,0.00000,0.00000,3379.70000,3376.14000,0.0000,0.0000,356.0,17.80,0.07,"",0,02:17:54:04,6.5,4h 17m,5811.0,13.91,418.0,20.900000000000002,-5811.0,-290.55,6.7,99.0,-62.00,-3.10
,88086462,21/07/2025 15:26,24/07/2025 09:16,XAUUSD,Sell,0.050,0.00000,0.00000,3382.81000,3376.17000,0.0000,0.0000,664.0,33.20,0.13,"",0,02:17:50:39,8.2,5h 23m,5500.0,7.55,729.0,36.45,-5500.0,-275.0,11.7,99.0,-65.00,-3.25
,89831658,23/07/2025 19:21,24/07/2025 09:16,XAUUSD,Sell,0.050,0.00000,0.00000,3384.18000,3376.16000,0.0000,0.0000,802.0,40.10,0.16,"",0,00:13:55:30,44.0,6h 7m,1052.0,1.06,974.0,48.7,-1037.0,-51.85,48.4,91.4,-172.00,-8.60
,89828232,23/07/2025 19:18,24/07/2025 09:16,XAUUSD,Sell,0.050,0.00000,0.00000,3386.14000,3376.12000,0.0000,0.0000,1002.0,50.10,0.20,"",0,00:13:58:40,49.0,6h 50m,1052.0,0.73,1170.0,58.5,-851.0,-42.550000000000004,57.9,91.7,-168.00,-8.40
,88106568,21/07/2025 15:42,24/07/2025 09:16,XAUUSD,Sell,0.100,0.00000,0.00000,3386.61000,3376.06000,0.0000,0.0000,1055.0,105.50,0.42,"",0,02:17:33:53,15.4,10h 5m,5410.0,4.62,1109.0,110.9,-5120.0,-512.0,17.8,99.1,-54.00,-5.40
,88717068,22/07/2025 15:08,23/07/2025 19:01,XAUUSD,Sell,0.050,0.00000,0.00000,3394.27000,3389.67000,0.0000,0.0000,460.0,23.00,0.09,"",0,01:03:52:55,11.4,3h 10m,4354.0,8.41,518.0,25.900000000000002,-4354.0,-217.70000000000002,10.6,98.8,-58.00,-2.90
,88730218,22/07/2025 15:22,23/07/2025 19:01,XAUUSD,Sell,0.050,0.00000,0.00000,3397.93000,3393.85000,0.0000,0.0000,408.0,20.40,0.08,"",0,01:03:39:06,11.5,3h 10m,3988.0,9.78,408.0,20.400000000000002,-3988.0,-199.4,9.3,100.0,0.00,0.00
,88764670,22/07/2025 15:44,23/07/2025 18:58,XAUUSD,Sell,0.050,0.00000,0.00000,3403.89000,3399.42000,0.0000,0.0000,447.0,22.35,0.09,"",0,01:03:13:27,11.7,3h 11m,3392.0,6.72,505.0,25.25,-3392.0,-169.60000000000002,13.0,98.5,-58.00,-2.90
,88734265,22/07/2025 16:03,23/07/2025 18:58,XAUUSD,Sell,0.100,0.00000,0.00000,3409.54000,3399.34000,0.0000,0.0000,1020.0,102.00,0.41,"",0,01:02:54:34,13.4,3h 36m,2827.0,2.71,1044.0,104.4,-2827.0,-282.7,27.0,99.4,-24.00,-2.40
,88764602,22/07/2025 15:44,23/07/2025 18:58,XAUUSD,Sell,0.050,0.00000,0.00000,3404.17000,3399.17000,0.0000,0.0000,500.0,25.00,0.10,"",0,01:03:13:27,11.7,3h 11m,3364.0,6.64,507.0,25.35,-3364.0,-168.20000000000002,13.1,99.8,-7.00,-0.35
,88801606,22/07/2025 16:08,23/07/2025 18:58,XAUUSD,Sell,0.050,0.00000,0.00000,3412.26000,3399.01000,0.0000,0.0000,1325.0,66.25,0.27,"",0,01:02:49:09,15.3,4h 6m,2555.0,1.88,1359.0,67.95,-2555.0,-127.75,34.7,99.1,-34.00,-1.70
,68612289,09/07/2025 15:07,23/07/2025 18:58,VIX.R,Buy,0.100,0.00000,0.00000,18.00000,18.00000,0.0000,0.0000,0.0,91.70,0.37,"",0,14:03:50:50,,,,,,,,,,,,
,89556842,23/07/2025 15:08,23/07/2025 16:23,XAUUSD,Sell,0.050,0.00000,0.00000,3429.06000,3411.92000,0.0000,0.0000,1714.0,85.70,0.35,"",0,00:01:14:19,1.4,1m,0.0,0.00,1714.0,85.7,0.0,0.0,100.0,100.0,0.00,0.00
,71555206,23/07/2025 03:15,23/07/2025 16:22,XAUUSD,Sell,0.050,0.00000,0.00000,3434.06000,3411.92000,0.0000,0.0000,2214.0,110.70,0.45,"",0,00:13:07:32,100.0,13h 7m,1683.0,0.00,2276.0,113.80000000000001,0.0,0.0,100.0,97.3,-62.00,-3.10
,88967295,22/07/2025 18:05,23/07/2025 16:22,XAUUSD,Sell,0.100,0.00000,0.00000,3430.28000,3412.05000,0.0000,0.0000,1823.0,182.30,0.75,"",0,00:22:17:34,80.2,17h 52m,1463.0,0.40,1897.0,189.70000000000002,-753.0,-75.3,71.6,97.2,-74.00,-7.40
,89365661,23/07/2025 10:11,23/07/2025 16:22,XAUUSD,Sell,0.050,0.00000,0.00000,3427.90000,3412.27000,0.0000,0.0000,1563.0,78.15,0.32,"",0,00:06:11:43,90.3,5h 35m,882.0,0.10,1641.0,82.05000000000001,-169.0,-8.450000000000001,90.7,95.7,-78.00,-3.90
,89339173,23/07/2025 09:36,23/07/2025 10:10,XAUUSD,Buy,0.050,0.00000,0.00000,3421.50000,3427.97000,0.0000,0.0000,647.0,32.35,0.13,"",0,00:00:33:46,3.0,1m,0.0,0.00,647.0,32.35,0.0,0.0,100.0,100.0,0.00,0.00
,89312348,23/07/2025 08:55,23/07/2025 08:56,XAUUSD,Buy,0.050,0.00000,0.00000,3420.17000,3420.94000,0.0000,0.0000,77.0,3.85,0.02,"",0,00:00:01:16,,,,,,,,,,,,
,71561288,16/06/2025 10:43,22/07/2025 18:05,XAUUSD,Buy,0.050,0.00000,0.00000,3415.64000,3429.98000,0.0000,0.0000,1434.0,71.70,0.30,"",0,36:07:21:27,0.9,7h 50m,15190.0,10.43,1458.0,72.9,-15188.0,-759.4000000000001,8.8,99.9,-24.00,-1.20
,71698745,16/06/2025 16:16,22/07/2025 16:08,XAUUSD,Buy,0.050,0.00000,3435.18000,3407.78000,3412.09000,0.0000,0.0000,431.0,21.55,0.09,"",0,35:23:52:12,0.6,5h 10m,14402.0,33.44,431.0,21.55,-14402.0,-720.1,2.9,100.0,0.00,0.00
,88769102,22/07/2025 15:48,22/07/2025 16:03,XAUUSD,Buy,0.050,0.00000,0.00000,3402.86000,3408.93000,0.0000,0.0000,607.0,30.35,0.13,"",0,00:00:15:16,6.7,1m,0.0,0.00,607.0,30.35,0.0,0.0,100.0,100.0,0.00,0.00
,88351746,21/07/2025 22:17,22/07/2025 15:44,XAUUSD,Buy,0.050,0.00000,0.00000,3398.13000,3404.15000,0.0000,0.0000,602.0,30.10,0.12,"",0,00:17:27:41,26.9,4h 41m,1869.0,2.13,684.0,34.2,-1460.0,-73.0,31.9,96.2,-82.00,-4.10
,88497166,22/07/2025 06:44,22/07/2025 15:44,XAUUSD,Buy,0.050,0.00000,0.00000,3392.93000,3404.15000,0.0000,0.0000,1122.0,56.10,0.23,"",0,00:08:59:59,40.8,3h 40m,940.0,0.78,1204.0,60.2,-940.0,-47.0,56.2,96.2,-82.00,-4.10
,88604920,22/07/2025 11:02,22/07/2025 15:44,XAUUSD,Buy,0.050,0.00000,0.00000,3387.25000,3404.19000,0.0000,0.0000,1694.0,84.70,0.35,"",0,00:04:42:39,97.9,4h 36m,239.0,0.02,1772.0,88.60000000000001,-27.0,-1.35,98.5,95.7,-78.00,-3.90
,88596363,22/07/2025 10:50,22/07/2025 15:44,XAUUSD,Buy,0.050,0.00000,0.00000,3386.23000,3404.18000,0.0000,0.0000,1795.0,89.75,0.37,"",0,00:04:54:12,100.0,4h 54m,239.0,0.00,1874.0,93.7,0.0,0.0,100.0,95.8,-79.00,-3.95
,88597519,22/07/2025 10:51,22/07/2025 15:44,XAUUSD,Buy,0.050,0.00000,0.00000,3385.82000,3404.38000,0.0000,0.0000,1856.0,92.80,0.39,"",0,00:04:52:43,100.0,4h 52m,239.0,0.00,1915.0,95.75,0.0,0.0,100.0,96.9,-59.00,-2.95
,88222470,21/07/2025 17:27,22/07/2025 10:50,VIX.R,Buy,0.100,0.00000,0.00000,19.00000,19.00000,0.0000,0.0000,0.0,20.70,0.09,"",0,00:17:23:18,,,,,,,,,,,,
,79534697,21/07/2025 16:46,22/07/2025 10:50,XAUUSD,Sell,0.050,0.00000,0.00000,3391.26000,3386.17000,0.0000,0.0000,509.0,25.45,0.11,"",0,00:18:04:14,48.6,8h 46m,1096.0,1.42,773.0,38.650000000000006,-1096.0,-54.800000000000004,41.4,85.9,-264.00,-13.20
,79396414,21/07/2025 16:46,22/07/2025 10:50,XAUUSD,Sell,0.050,0.00000,0.00000,3392.13000,3386.17000,0.0000,0.0000,596.0,29.80,0.13,"",0,00:18:03:57,52.4,9h 27m,1035.0,1.17,860.0,43.0,-1009.0,-50.45,46.0,85.9,-264.00,-13.20
,75466435,21/07/2025 16:46,22/07/2025 10:50,XAUUSD,Sell,0.050,0.00000,0.00000,3392.30000,3386.19000,0.0000,0.0000,611.0,30.55,0.13,"",0,00:18:03:55,53.5,9h 39m,1035.0,1.13,877.0,43.85,-992.0,-49.6,46.9,85.8,-266.00,-13.30
,88221484,21/07/2025 17:26,22/07/2025 10:50,XAUUSD,Sell,0.050,0.00000,0.00000,3396.42000,3386.18000,0.0000,0.0000,1024.0,51.20,0.22,"",0,00:17:23:46,74.0,12h 52m,1020.0,0.45,1289.0,64.45,-580.0,-29.0,69.0,85.8,-265.00,-13.25
,88276260,21/07/2025 18:28,22/07/2025 10:50,XAUUSD,Sell,0.050,0.00000,0.00000,3400.35000,3386.19000,0.0000,0.0000,1416.0,70.80,0.30,"",0,00:16:22:14,97.0,15h 52m,868.0,0.11,1682.0,84.10000000000001,-187.0,-9.35,90.0,85.8,-266.00,-13.30
,88326016,22/07/2025 04:56,22/07/2025 06:44,XAUUSD,Buy,0.050,0.00000,0.00000,3386.54000,3392.57000,0.0000,0.0000,603.0,30.15,0.13,"",0,00:01:48:04,1.0,1m,0.0,0.00,603.0,30.150000000000002,0.0,0.0,100.0,100.0,0.00,0.00
,71953280,17/06/2025 02:40,21/07/2025 18:27,XAUUSD,Buy,0.050,0.00000,0.00000,3396.26000,3400.31000,0.0000,0.0000,405.0,20.25,0.09,"",0,34:15:47:33,0.9,7h 29m,13444.0,32.57,408.0,20.400000000000002,-13250.0,-662.5,3.0,100.0,-3.00,-0.15
,72795902,18/06/2025 08:34,21/07/2025 16:47,XAUUSD,Buy,0.050,0.00000,0.00000,3386.67000,3393.14000,0.0000,0.0000,647.0,32.35,0.14,"",0,33:08:13:33,1.5,12h 0m,12898.0,18.52,664.0,33.2,-12291.0,-614.5500000000001,5.1,99.9,-17.00,-0.85
,72042375,17/06/2025 06:07,21/07/2025 15:42,XAUUSD,Buy,0.050,0.00000,0.00000,3386.03000,3386.47000,0.0000,0.0000,44.0,2.20,0.01,"",0,34:09:35:28,3.1,1d 1h ,13444.0,10.05,1217.0,60.85,-12227.0,-611.35,9.1,91.3,-1173.00,-58.65
,71910616,16/06/2025 22:12,21/07/2025 15:42,XAUUSD,Buy,0.050,0.00000,0.00000,3384.58000,3386.47000,0.0000,0.0000,189.0,9.45,0.04,"",0,34:17:29:57,4.7,1d 15h ,13444.0,8.87,1362.0,68.10000000000001,-12082.0,-604.1,10.1,91.3,-1173.00,-58.65
,88078605,21/07/2025 15:22,21/07/2025 15:26,XAUUSD,Buy,0.050,0.00000,0.00000,3379.94000,3382.92000,0.0000,0.0000,298.0,14.90,0.06,"",0,00:00:03:27,,,,,,,,,,,,
,88050328,21/07/2025 14:59,21/07/2025 15:22,XAUUSD,Buy,0.050,0.00000,0.00000,3375.48000,3379.69000,0.0000,0.0000,421.0,21.05,0.09,"",0,00:00:23:41,4.4,1m,0.0,0.00,421.0,21.05,0.0,0.0,100.0,100.0,0.00,0.00
,84049897,14/07/2025 13:22,21/07/2025 15:22,XAUUSD,Buy,0.050,0.00000,0.00000,3372.72000,3379.70000,0.0000,0.0000,698.0,34.90,0.15,"",0,07:02:00:20,2.7,4h 35m,5980.0,8.57,698.0,34.9,-5980.0,-299.0,10.5,100.0,0.00,0.00
,87820392,21/07/2025 08:17,21/07/2025 14:18,XAUUSD,Buy,0.050,0.00000,0.00000,3364.19000,3370.95000,0.0000,0.0000,676.0,33.80,0.14,"",0,00:06:01:31,89.8,5h 24m,492.0,0.18,676.0,33.800000000000004,-119.0,-5.95,85.0,100.0,0.00,0.00
,87016375,18/07/2025 16:05,21/07/2025 08:17,XAUUSD,Buy,0.050,0.00000,0.00000,3358.55000,3363.86000,0.0000,0.0000,531.0,26.55,0.11,"",0,02:16:11:48,5.1,3h 16m,1316.0,2.45,537.0,26.85,-1316.0,-65.8,29.0,99.7,-6.00,-0.30
,87694352,21/07/2025 04:14,21/07/2025 08:17,XAUUSD,Buy,0.050,0.00000,0.00000,3357.41000,3363.84000,0.0000,0.0000,643.0,32.15,0.14,"",0,00:04:03:04,84.9,3h 26m,638.0,0.98,651.0,32.550000000000004,-638.0,-31.900000000000002,50.5,99.4,-8.00,-0.40
,86960950,18/07/2025 14:48,21/07/2025 08:17,XAUUSD,Buy,0.050,0.00000,0.00000,3357.13000,3363.86000,0.0000,0.0000,673.0,33.65,0.14,"",0,02:17:28:13,6.0,3h 55m,1179.0,1.73,679.0,33.95,-1174.0,-58.7,36.6,99.7,-6.00,-0.30
,87059069,18/07/2025 16:42,21/07/2025 08:17,XAUUSD,Buy,0.050,0.00000,0.00000,3353.75000,3363.86000,0.0000,0.0000,1011.0,50.55,0.22,"",0,02:15:34:38,10.1,6h 25m,969.0,0.82,1017.0,50.85,-836.0,-41.800000000000004,54.9,99.7,-6.00,-0.30
,87738977,21/07/2025 05:45,21/07/2025 08:17,XAUUSD,Buy,0.050,0.00000,0.00000,3353.18000,3363.83000,0.0000,0.0000,1065.0,53.25,0.23,"",0,00:02:31:52,0.7,1m,0.0,0.00,1065.0,53.25,0.0,0.0,100.0,100.0,0.00,0.00
,80822094,19/07/2025 15:20,,,Withdrawal,0.000,0.00000,0.00000,0.00000,0.00000,0.0000,0.0000,0.0,-50.00,0,"Withdraw-TH-CPS",0,00:00:00:00,,,,,,,,,,,,
,86898670,18/07/2025 12:26,18/07/2025 15:07,USOUSD,Buy,0.050,0.00000,0.00000,68.05000,68.49000,0.0000,0.0000,44.0,21.80,0.09,"",0,00:02:40:48,,,,,,,,,,,,
,85855797,16/07/2025 19:13,18/07/2025 14:48,XAUUSD,Buy,0.050,0.00000,0.00000,3353.30000,3356.84000,0.0000,0.0000,354.0,17.70,0.08,"",0,01:19:35:08,8.7,3h 47m,4156.0,11.75,354.0,17.7,-4156.0,-207.8,7.8,100.0,0.00,0.00
,86898616,18/07/2025 12:26,18/07/2025 14:48,XAUUSD,Buy,0.050,0.00000,0.00000,3352.40000,3356.81000,0.0000,0.0000,441.0,22.05,0.09,"",0,00:02:22:06,0.8,1m,0.0,0.00,441.0,22.05,0.0,0.0,100.0,100.0,0.00,0.00
,84289711,14/07/2025 18:22,18/07/2025 12:26,USOUSD,Buy,0.050,0.00000,0.00000,67.60000,68.02000,0.0000,0.0000,42.0,21.15,0.09,"",0,03:18:03:52,,,,,,,,,,,,
,85970645,17/07/2025 03:26,18/07/2025 10:45,XAUUSD,Buy,0.050,0.00000,0.00000,3344.63000,3347.90000,0.0000,0.0000,327.0,16.35,0.07,"",0,01:07:18:52,11.5,3h 36m,3289.0,8.87,371.0,18.55,-3289.0,-164.45000000000002,10.1,98.8,-44.00,-2.20
,86814015,18/07/2025 10:05,18/07/2025 10:44,XAUUSD,Buy,0.050,0.00000,0.00000,3343.14000,3347.99000,0.0000,0.0000,485.0,24.25,0.10,"",0,00:00:39:41,2.6,1m,0.0,0.00,485.0,24.25,0.0,0.0,100.0,100.0,0.00,0.00
,86544938,17/07/2025 19:29,18/07/2025 10:44,XAUUSD,Buy,0.050,0.00000,0.00000,3339.25000,3347.97000,0.0000,0.0000,872.0,43.60,0.19,"",0,00:15:15:01,55.1,8h 24m,1160.0,0.71,981.0,49.050000000000004,-698.0,-34.9,58.4,93.5,-109.00,-5.45
,85983852,17/07/2025 04:07,18/07/2025 10:44,XAUUSD,Buy,0.050,0.00000,0.00000,3338.83000,3347.98000,0.0000,0.0000,915.0,45.75,0.20,"",0,01:06:37:05,39.8,12h 11m,3221.0,2.85,951.0,47.550000000000004,-2709.0,-135.45000000000002,26.0,99.0,-36.00,-1.80
,82392516,15/07/2025 10:06,18/07/2025 08:59,USOUSD,Buy,0.050,0.00000,0.00000,66.43000,67.57000,0.0000,0.0000,114.0,57.05,0.25,"",0,02:22:52:22,,,,,,,,,,,,
,80142215,18/07/2025 04:03,,,Withdrawal,0.000,0.00000,0.00000,0.00000,0.00000,0.0000,0.0000,0.0,-1000.00,0,"Withdraw-TH-CPS",0,00:00:00:00,,,,,,,,,,,,
,86490481,17/07/2025 17:39,17/07/2025 18:52,XAUUSD,Buy,0.050,0.00000,0.00000,3333.19000,3338.20000,0.0000,0.0000,501.0,25.05,0.10,"",0,00:01:12:55,1.4,1m,0.0,0.00,501.0,25.05,0.0,0.0,100.0,100.0,0.00,0.00
,86169716,17/07/2025 10:19,17/07/2025 17:39,XAUUSD,Buy,0.050,0.00000,0.00000,3331.17000,3332.91000,0.0000,0.0000,174.0,8.70,0.04,"",0,00:07:19:28,42.8,3h 8m,2146.0,9.34,230.0,11.5,-2146.0,-107.30000000000001,9.7,97.6,-56.00,-2.80
,86156959,17/07/2025 10:24,17/07/2025 17:39,XAUUSD,Buy,0.050,0.00000,0.00000,3328.38000,3333.05000,0.0000,0.0000,467.0,23.35,0.10,"",0,00:07:14:40,50.9,3h 41m,2118.0,3.67,509.0,25.450000000000003,-1867.0,-93.35000000000001,21.4,98.2,-42.00,-2.10
,86275859,17/07/2025 14:02,17/07/2025 17:27,XAUUSD,Buy,0.050,0.00000,0.00000,3324.25000,3328.15000,0.0000,0.0000,390.0,19.50,0.08,"",0,00:03:25:29,95.7,3h 16m,414.0,1.02,404.0,20.200000000000003,-414.0,-20.700000000000003,49.4,98.3,-14.00,-0.70
,76348574,25/06/2025 11:52,17/07/2025 17:27,VIX.R,Buy,0.100,0.00000,0.00000,19.00000,19.00000,0.0000,0.0000,0.0,20.70,0.09,"",0,22:05:35:07,,,,,,,,,,,,
,82820346,17/07/2025 15:30,17/07/2025 17:16,XAUUSD,Buy,0.050,0.00000,0.00000,3317.85000,3325.19000,0.0000,0.0000,734.0,36.70,0.15,"",0,00:01:45:56,1.0,1m,0.0,0.00,734.0,36.7,0.0,0.0,100.0,100.0,0.00,0.00
,86331867,17/07/2025 15:31,17/07/2025 17:16,XAUUSD,Buy,0.050,0.00000,0.00000,3316.33000,3325.14000,0.0000,0.0000,881.0,44.05,0.18,"",0,00:01:45:23,1.0,1m,0.0,0.00,881.0,44.050000000000004,0.0,0.0,100.0,100.0,0.00,0.00
,84998316,17/07/2025 15:30,17/07/2025 17:16,XAUUSD,Buy,0.050,0.00000,0.00000,3316.33000,3324.95000,0.0000,0.0000,862.0,43.10,0.18,"",0,00:01:45:46,1.0,1m,0.0,0.00,862.0,43.1,0.0,0.0,100.0,100.0,0.00,0.00
,86365273,17/07/2025 15:49,17/07/2025 17:16,XAUUSD,Buy,0.050,0.00000,0.00000,3314.15000,3325.04000,0.0000,0.0000,1089.0,54.45,0.23,"",0,00:01:26:46,1.2,1m,0.0,0.00,1089.0,54.45,0.0,0.0,100.0,100.0,0.00,0.00
,86357173,17/07/2025 15:45,17/07/2025 17:16,XAUUSD,Buy,0.050,0.00000,0.00000,3313.09000,3325.12000,0.0000,0.0000,1203.0,60.15,0.25,"",0,00:01:31:18,1.1,1m,0.0,0.00,1203.0,60.150000000000006,0.0,0.0,100.0,100.0,0.00,0.00
,86368286,17/07/2025 15:51,17/07/2025 17:16,XAUUSD,Buy,0.050,0.00000,0.00000,3311.62000,3325.14000,0.0000,0.0000,1352.0,67.60,0.29,"",0,00:01:24:31,1.2,1m,0.0,0.00,1352.0,67.60000000000001,0.0,0.0,100.0,100.0,0.00,0.00
,86337222,17/07/2025 15:51,17/07/2025 17:16,XAUUSD,Buy,0.050,0.00000,0.00000,3311.18000,3325.16000,0.0000,0.0000,1398.0,69.90,0.30,"",0,00:01:24:28,1.2,1m,0.0,0.00,1398.0,69.9,0.0,0.0,100.0,100.0,0.00,0.00
,86368986,17/07/2025 15:51,17/07/2025 17:16,XAUUSD,Buy,0.050,0.00000,0.00000,3310.58000,3324.96000,0.0000,0.0000,1438.0,71.90,0.31,"",0,00:01:24:22,1.2,1m,0.0,0.00,1438.0,71.9,0.0,0.0,100.0,100.0,0.00,0.00
,86237543,17/07/2025 15:30,17/07/2025 17:16,XAUUSD,Buy,0.100,0.00000,0.00000,3316.80000,3324.77000,0.0000,0.0000,797.0,79.70,0.34,"",0,00:01:45:39,1.0,1m,0.0,0.00,797.0,79.7,0.0,0.0,100.0,100.0,0.00,0.00
,86373442,17/07/2025 15:56,17/07/2025 17:16,XAUUSD,Buy,0.100,0.00000,0.00000,3310.85000,3324.79000,0.0000,0.0000,1394.0,139.40,0.60,"",0,00:01:20:06,1.3,1m,0.0,0.00,1394.0,139.4,0.0,0.0,100.0,100.0,0.00,0.00
,82528037,10/07/2025 20:12,17/07/2025 15:45,XAUUSD,Sell,0.050,0.00000,0.00000,3317.67000,3312.39000,0.0000,0.0000,528.0,26.40,0.11,"",0,06:19:33:06,2.2,3h 35m,5687.0,9.82,579.0,28.950000000000003,-5687.0,-284.35,9.2,99.2,-51.00,-2.55
,86318628,17/07/2025 15:29,17/07/2025 15:30,XAUUSD,Sell,0.050,0.00000,0.00000,3327.91000,3317.26000,0.0000,0.0000,1065.0,53.25,0.23,"",0,00:00:01:09,,,,,,,,,,,,
,86181316,17/07/2025 10:43,17/07/2025 14:02,XAUUSD,Sell,0.050,0.00000,0.00000,3328.56000,3324.47000,0.0000,0.0000,409.0,20.45,0.09,"",0,00:03:18:35,96.0,3h 10m,199.0,0.37,535.0,26.75,-199.0,-9.950000000000001,72.9,82.8,-126.00,-6.30
,85647485,16/07/2025 17:56,17/07/2025 10:19,XAUUSD,Sell,0.050,0.00000,0.00000,3340.08000,3331.23000,0.0000,0.0000,885.0,44.25,0.19,"",0,00:16:22:55,39.6,6h 29m,1699.0,1.42,1195.0,59.75,-1699.0,-84.95,41.3,89.3,-310.00,-15.50
,85264589,16/07/2025 18:03,17/07/2025 04:07,XAUUSD,Sell,0.050,0.00000,0.00000,3343.71000,3338.64000,0.0000,0.0000,507.0,25.35,0.11,"",0,00:10:04:17,35.3,3h 33m,1336.0,2.56,521.0,26.05,-1336.0,-66.8,28.1,99.2,-14.00,-0.70
,85855745,16/07/2025 19:13,16/07/2025 19:24,XAUUSD,Sell,0.050,0.00000,0.00000,3352.81000,3350.46000,0.0000,0.0000,235.0,11.75,0.05,"",0,00:00:11:16,9.1,1m,0.0,0.00,235.0,11.75,0.0,0.0,100.0,100.0,0.00,0.00
,85683543,16/07/2025 18:55,16/07/2025 19:13,XAUUSD,Buy,0.050,0.00000,0.00000,3345.45000,3353.09000,0.0000,0.0000,764.0,38.20,0.17,"",0,00:00:17:45,5.6,59s,0.0,0.00,764.0,38.2,0.0,0.0,100.0,100.0,0.00,0.00
,85823470,16/07/2025 18:57,16/07/2025 19:13,XAUUSD,Buy,0.050,0.00000,0.00000,3344.26000,3353.52000,0.0000,0.0000,926.0,46.30,0.20,"",0,00:00:16:22,6.3,1m,0.0,0.00,926.0,46.300000000000004,0.0,0.0,100.0,100.0,0.00,0.00
,85677079,16/07/2025 18:07,16/07/2025 18:57,XAUUSD,Sell,0.050,0.00000,0.00000,3349.15000,3341.80000,0.0000,0.0000,735.0,36.75,0.16,"",0,00:00:49:38,2.0,59s,0.0,0.00,735.0,36.75,0.0,0.0,100.0,100.0,0.00,0.00
,85679176,16/07/2025 18:08,16/07/2025 18:57,XAUUSD,Sell,0.050,0.00000,0.00000,3351.31000,3342.56000,0.0000,0.0000,875.0,43.75,0.19,"",0,00:00:49:04,2.1,1m,0.0,0.00,875.0,43.75,0.0,0.0,100.0,100.0,0.00,0.00
,85681827,16/07/2025 18:09,16/07/2025 18:57,XAUUSD,Sell,0.050,0.00000,0.00000,3352.68000,3345.57000,0.0000,0.0000,711.0,35.55,0.16,"",0,00:00:48:10,2.1,1m,0.0,0.00,711.0,35.550000000000004,0.0,0.0,100.0,100.0,0.00,0.00
,85704242,16/07/2025 18:16,16/07/2025 18:57,XAUUSD,Sell,0.050,0.00000,0.00000,3364.75000,3344.85000,0.0000,0.0000,1990.0,99.50,0.44,"",0,00:00:40:39,2.5,1m,0.0,0.00,1990.0,99.5,0.0,0.0,100.0,100.0,0.00,0.00
,85725545,16/07/2025 18:20,16/07/2025 18:57,XAUUSD,Sell,0.050,0.00000,0.00000,3369.58000,3343.80000,0.0000,0.0000,2578.0,128.90,0.57,"",0,00:00:37:00,2.8,1m,0.0,0.00,2578.0,128.9,0.0,0.0,100.0,100.0,0.00,0.00
,84644434,16/07/2025 18:19,16/07/2025 18:57,XAUUSD,Sell,0.100,0.00000,0.00000,3367.87000,3343.00000,0.0000,0.0000,2487.0,248.70,1.11,"",0,00:00:37:54,2.7,1m,0.0,0.00,2487.0,248.70000000000002,0.0,0.0,100.0,100.0,0.00,0.00
,84537938,15/07/2025 08:50,16/07/2025 18:20,XAUUSD,Buy,0.050,0.00000,0.00000,3364.99000,3370.02000,0.0000,0.0000,503.0,25.15,0.11,"",0,01:09:29:26,10.0,3h 20m,4467.0,8.80,503.0,25.150000000000002,-4421.0,-221.05,10.2,100.0,0.00,0.00
,84807626,15/07/2025 15:47,16/07/2025 18:16,XAUUSD,Buy,0.050,0.00000,0.00000,3351.05000,3364.35000,0.0000,0.0000,1330.0,66.50,0.30,"",0,01:02:28:52,12.3,3h 15m,3027.0,2.28,1330.0,66.5,-3027.0,-151.35,30.5,100.0,0.00,0.00
,84952277,15/07/2025 17:49,16/07/2025 18:09,XAUUSD,Buy,0.050,0.00000,0.00000,3347.91000,3353.37000,0.0000,0.0000,546.0,27.30,0.12,"",0,01:00:20:22,13.1,3h 11m,2713.0,4.97,546.0,27.3,-2713.0,-135.65,16.8,100.0,0.00,0.00
,84953961,15/07/2025 18:19,16/07/2025 18:08,XAUUSD,Buy,0.050,0.00000,0.00000,3343.57000,3349.93000,0.0000,0.0000,636.0,31.80,0.14,"",0,00:23:48:42,13.7,3h 15m,2279.0,3.58,636.0,31.8,-2279.0,-113.95,21.8,100.0,0.00,0.00
,85263468,16/07/2025 09:08,16/07/2025 18:07,XAUUSD,Buy,0.050,0.00000,0.00000,3340.82000,3350.29000,0.0000,0.0000,947.0,47.35,0.21,"",0,00:08:59:58,37.1,3h 20m,2172.0,2.21,947.0,47.35,-2097.0,-104.85000000000001,31.1,100.0,0.00,0.00
,84976745,15/07/2025 18:21,16/07/2025 18:07,XAUUSD,Buy,0.050,0.00000,0.00000,3340.53000,3350.07000,0.0000,0.0000,954.0,47.70,0.22,"",0,00:23:46:12,19.0,4h 30m,2141.0,2.07,954.0,47.7,-1975.0,-98.75,32.6,100.0,0.00,0.00
,84976786,15/07/2025 18:21,16/07/2025 18:07,XAUUSD,Buy,0.050,0.00000,0.00000,3340.52000,3350.35000,0.0000,0.0000,983.0,49.15,0.22,"",0,00:23:46:07,19.0,4h 30m,2141.0,2.01,983.0,49.150000000000006,-1974.0,-98.7,33.2,100.0,0.00,0.00
,85535986,16/07/2025 16:37,16/07/2025 17:56,XAUUSD,Buy,0.050,0.00000,0.00000,3327.28000,3339.36000,0.0000,0.0000,1208.0,60.40,0.27,"",0,00:01:18:49,1.3,1m,0.0,0.00,1208.0,60.400000000000006,0.0,0.0,100.0,100.0,0.00,0.00
,85553004,16/07/2025 16:49,16/07/2025 17:56,XAUUSD,Buy,0.050,0.00000,0.00000,3323.68000,3339.07000,0.0000,0.0000,1539.0,76.95,0.35,"",0,00:01:07:40,1.5,1m,0.0,0.00,1539.0,76.95,0.0,0.0,100.0,100.0,0.00,0.00
,85603305,16/07/2025 17:32,16/07/2025 17:56,XAUUSD,Buy,0.050,0.00000,0.00000,3322.37000,3340.05000,0.0000,0.0000,1768.0,88.40,0.40,"",0,00:00:23:42,4.2,59s,0.0,0.00,1768.0,88.4,0.0,0.0,100.0,100.0,0.00,0.00
,85607417,16/07/2025 17:34,16/07/2025 17:56,XAUUSD,Buy,0.050,0.00000,0.00000,3320.96000,3340.13000,0.0000,0.0000,1917.0,95.85,0.44,"",0,00:00:21:56,4.6,1m,0.0,0.00,1917.0,95.85000000000001,0.0,0.0,100.0,100.0,0.00,0.00
,85533145,16/07/2025 16:36,16/07/2025 17:56,XAUUSD,Buy,0.100,0.00000,0.00000,3328.92000,3339.47000,0.0000,0.0000,1055.0,105.50,0.49,"",0,00:01:19:47,1.3,1m,0.0,0.00,1055.0,105.5,0.0,0.0,100.0,100.0,0.00,0.00
,82651060,11/07/2025 04:10,16/07/2025 16:53,XAUUSD,Sell,0.050,0.00000,0.00000,3327.04000,3322.93000,0.0000,0.0000,411.0,20.55,0.09,"",0,05:12:43:57,5.2,6h 54m,4750.0,7.72,616.0,30.8,-4750.0,-237.5,11.5,96.2,-205.00,-10.25
,85126923,16/07/2025 02:35,16/07/2025 16:37,XAUUSD,Sell,0.050,0.00000,0.00000,3330.17000,3328.20000,0.0000,0.0000,197.0,9.85,0.05,"",0,00:14:01:38,27.0,3h 47m,1738.0,2.51,495.0,24.75,-1243.0,-62.150000000000006,28.5,82.9,-298.00,-14.90
,85177088,16/07/2025 05:07,16/07/2025 16:37,XAUUSD,Sell,0.100,0.00000,0.00000,3328.53000,3328.14000,0.0000,0.0000,39.0,3.90,0.02,"",0,00:11:29:29,0.2,1m,1407.0,36.10,39.0,3.9000000000000004,-1407.0,-140.70000000000002,2.7,100.0,0.00,0.00
,85209224,16/07/2025 06:32,16/07/2025 16:37,XAUUSD,Sell,0.100,0.00000,0.00000,3333.64000,3329.09000,0.0000,0.0000,455.0,45.50,0.21,"",0,00:10:04:13,33.1,3h 19m,896.0,1.76,510.0,51.0,-896.0,-89.60000000000001,36.3,96.1,-55.00,-5.50
,85229208,16/07/2025 07:34,16/07/2025 16:37,XAUUSD,Sell,0.100,0.00000,0.00000,3336.65000,3329.24000,0.0000,0.0000,741.0,74.10,0.34,"",0,00:09:02:48,54.4,4h 55m,818.0,0.73,811.0,81.10000000000001,-595.0,-59.5,57.7,95.0,-70.00,-7.00
,85229244,16/07/2025 07:34,16/07/2025 16:37,XAUUSD,Sell,0.100,0.00000,0.00000,3336.82000,3329.33000,0.0000,0.0000,749.0,74.90,0.35,"",0,00:09:02:40,55.6,5h 1m,818.0,0.70,828.0,82.80000000000001,-578.0,-57.800000000000004,58.9,94.4,-79.00,-7.90
,85236547,16/07/2025 07:57,16/07/2025 16:36,XAUUSD,Sell,0.100,0.00000,0.00000,3338.31000,3329.12000,0.0000,0.0000,919.0,91.90,0.43,"",0,00:08:39:41,64.8,5h 36m,818.0,0.44,977.0,97.7,-429.0,-42.900000000000006,69.5,95.9,-58.00,-5.80
,85245796,16/07/2025 09:06,16/07/2025 16:36,XAUUSD,Sell,0.100,0.00000,0.00000,3340.36000,3329.32000,0.0000,0.0000,1104.0,110.40,0.52,"",0,00:07:30:30,92.9,6h 58m,818.0,0.10,1182.0,118.2,-121.0,-12.100000000000001,90.7,94.0,-78.00,-7.80
,85229412,16/07/2025 07:34,16/07/2025 09:07,XAUUSD,Buy,0.100,0.00000,0.00000,3337.40000,3340.00000,0.0000,0.0000,260.0,26.00,0.12,"",0,00:01:33:02,1.1,1m,0.0,0.00,260.0,26.0,0.0,0.0,100.0,100.0,0.00,0.00
,84984902,15/07/2025 18:29,16/07/2025 07:34,XAUUSD,Buy,0.050,0.00000,0.00000,3333.79000,3337.23000,0.0000,0.0000,344.0,17.20,0.08,"",0,00:13:05:08,30.4,3h 58m,964.0,2.62,347.0,17.35,-909.0,-45.45,27.6,99.8,-3.00,-0.15
,84985280,15/07/2025 18:29,16/07/2025 07:34,XAUUSD,Buy,0.050,0.00000,0.00000,3333.64000,3336.83000,0.0000,0.0000,319.0,15.95,0.08,"",0,00:13:05:03,30.8,4h 1m,964.0,2.47,362.0,18.1,-894.0,-44.7,28.8,96.6,-43.00,-2.15
,84987240,15/07/2025 18:30,16/07/2025 07:34,XAUUSD,Buy,0.050,0.00000,0.00000,3333.60000,3336.87000,0.0000,0.0000,327.0,16.35,0.08,"",0,00:13:04:20,30.9,4h 2m,964.0,2.43,366.0,18.3,-890.0,-44.5,29.1,96.9,-39.00,-1.95
,85162508,16/07/2025 04:32,16/07/2025 07:34,XAUUSD,Buy,0.050,0.00000,0.00000,3333.07000,3336.78000,0.0000,0.0000,371.0,18.55,0.09,"",0,00:03:01:14,100.0,3h 1m,0.0,0.00,371.0,18.55,0.0,0.0,100.0,100.0,0.00,0.00
,85220993,16/07/2025 07:21,16/07/2025 07:34,XAUUSD,Buy,0.100,0.00000,0.00000,3333.65000,3336.79000,0.0000,0.0000,314.0,31.40,0.15,"",0,00:00:12:15,7.7,56s,0.0,0.00,314.0,31.400000000000002,0.0,0.0,100.0,100.0,0.00,0.00
,85126925,16/07/2025 02:35,16/07/2025 07:34,XAUUSD,Buy,0.050,0.00000,0.00000,3330.40000,3336.83000,0.0000,0.0000,643.0,32.15,0.15,"",0,00:04:58:33,85.3,4h 14m,518.0,0.76,686.0,34.300000000000004,-518.0,-25.900000000000002,57.0,96.4,-43.00,-2.15
,85185525,16/07/2025 05:42,16/07/2025 06:32,XAUUSD,Buy,0.100,0.00000,0.00000,3327.99000,3333.56000,0.0000,0.0000,557.0,55.70,0.26,"",0,00:00:49:55,2.0,59s,0.0,0.00,557.0,55.7,0.0,0.0,100.0,100.0,0.00,0.00
,84993120,15/07/2025 18:32,16/07/2025 02:35,XAUUSD,Buy,0.050,0.00000,0.00000,3329.55000,3330.13000,0.0000,0.0000,58.0,2.90,0.01,"",0,00:08:03:23,47.7,3h 50m,687.0,2.40,202.0,10.100000000000001,-485.0,-24.25,29.4,79.0,-144.00,-7.20
,84996322,15/07/2025 18:32,16/07/2025 02:35,XAUUSD,Buy,0.050,0.00000,0.00000,3327.48000,3330.11000,0.0000,0.0000,263.0,13.15,0.06,"",0,00:08:02:31,65.9,5h 17m,687.0,0.68,409.0,20.450000000000003,-278.0,-13.9,59.5,78.7,-146.00,-7.30
,85030800,15/07/2025 19:16,16/07/2025 02:35,XAUUSD,Buy,0.050,0.00000,0.00000,3323.10000,3330.13000,0.0000,0.0000,703.0,35.15,0.17,"",0,00:07:18:32,100.0,7h 18m,650.0,0.00,810.0,40.5,0.0,0.0,100.0,86.8,-107.00,-5.35
,84993127,15/07/2025 18:32,16/07/2025 02:35,XAUUSD,Buy,0.050,0.00000,0.00000,3329.51000,3330.13000,0.0000,0.0000,62.0,3.10,0.01,"",0,00:08:03:15,47.7,3h 50m,687.0,2.34,206.0,10.3,-481.0,-24.05,30.0,79.0,-144.00,-7.20
,84862467,15/07/2025 16:31,15/07/2025 17:35,XAUUSD,Buy,0.050,0.00000,0.00000,3339.85000,3351.75000,0.0000,0.0000,1190.0,59.50,0.28,"",0,00:01:04:04,1.6,1m,0.0,0.00,1190.0,59.5,0.0,0.0,100.0,100.0,0.00,0.00
,84782111,15/07/2025 16:32,15/07/2025 17:35,XAUUSD,Buy,0.050,0.00000,0.00000,3338.65000,3351.76000,0.0000,0.0000,1311.0,65.55,0.31,"",0,00:01:03:19,1.6,1m,0.0,0.00,1311.0,65.55,0.0,0.0,100.0,100.0,0.00,0.00
,84865034,15/07/2025 16:32,15/07/2025 17:35,XAUUSD,Buy,0.050,0.00000,0.00000,3337.39000,3351.77000,0.0000,0.0000,1438.0,71.90,0.35,"",0,00:01:03:05,1.6,1m,0.0,0.00,1438.0,71.9,0.0,0.0,100.0,100.0,0.00,0.00
,79220604,02/07/2025 17:58,15/07/2025 17:35,VIX.R,Buy,0.100,0.00000,0.00000,19.00000,19.00000,0.0000,0.0000,0.0,71.70,0.35,"",0,12:23:36:49,,,,,,,,,,,,
,84821150,15/07/2025 16:16,15/07/2025 17:35,XAUUSD,Buy,0.100,0.00000,0.00000,3344.02000,3351.64000,0.0000,0.0000,762.0,76.20,0.37,"",0,00:01:18:39,1.3,1m,0.0,0.00,762.0,76.2,0.0,0.0,100.0,100.0,0.00,0.00
,84871999,15/07/2025 16:35,15/07/2025 17:35,XAUUSD,Buy,0.050,0.00000,0.00000,3335.52000,3351.76000,0.0000,0.0000,1624.0,81.20,0.39,"",0,00:00:59:41,1.7,1m,0.0,0.00,1624.0,81.2,0.0,0.0,100.0,100.0,0.00,0.00
,82635798,11/07/2025 03:45,15/07/2025 16:35,XAUUSD,Sell,0.050,0.00000,0.00000,3335.75000,3335.16000,0.0000,0.0000,59.0,2.95,0.01,"",0,04:12:49:43,5.9,6h 25m,4382.0,7.72,503.0,25.150000000000002,-3879.0,-193.95000000000002,11.5,89.9,-444.00,-22.20
,82182807,11/07/2025 08:26,15/07/2025 16:32,XAUUSD,Sell,0.050,0.00000,0.00000,3339.26000,3337.22000,0.0000,0.0000,204.0,10.20,0.05,"",0,04:08:05:51,1.4,1h 27m,4149.0,5.68,621.0,31.05,-3528.0,-176.4,15.0,89.9,-417.00,-20.85
,81156453,11/07/2025 08:26,15/07/2025 16:27,XAUUSD,Sell,0.050,0.00000,0.00000,3339.26000,3339.18000,0.0000,0.0000,8.0,0.40,0.00,"",0,04:08:00:49,4.4,4h 34m,4149.0,5.68,621.0,31.05,-3528.0,-176.4,15.0,85.2,-613.00,-30.65
,82866794,11/07/2025 11:06,15/07/2025 16:27,XAUUSD,Sell,0.050,0.00000,0.00000,3342.14000,3339.02000,0.0000,0.0000,312.0,15.60,0.08,"",0,04:05:20:55,0.3,18m,3240.0,10.40,312.0,15.600000000000001,-3240.0,-162.0,8.8,100.0,0.00,0.00
,82800440,11/07/2025 09:23,15/07/2025 16:27,XAUUSD,Sell,0.050,0.00000,0.00000,3342.36000,3338.92000,0.0000,0.0000,344.0,17.20,0.08,"",0,04:07:03:20,1.3,1h 20m,3873.0,4.91,655.0,32.75,-3218.0,-160.9,16.9,92.0,-311.00,-15.55
,84820666,15/07/2025 15:57,15/07/2025 16:17,XAUUSD,Sell,0.100,0.00000,0.00000,3349.00000,3345.88000,0.0000,0.0000,312.0,31.20,0.15,"",0,00:00:19:23,5.0,58s,0.0,0.00,312.0,31.200000000000003,0.0,0.0,100.0,100.0,0.00,0.00
,84816061,15/07/2025 15:54,15/07/2025 16:17,XAUUSD,Sell,0.100,0.00000,0.00000,3350.81000,3345.79000,0.0000,0.0000,502.0,50.20,0.25,"",0,00:00:23:03,4.4,1m,0.0,0.00,502.0,50.2,0.0,0.0,100.0,100.0,0.00,0.00
,84818958,15/07/2025 15:56,15/07/2025 16:16,XAUUSD,Sell,0.100,0.00000,0.00000,3350.20000,3344.11000,0.0000,0.0000,609.0,60.90,0.30,"",0,00:00:20:00,5.0,1m,0.0,0.00,609.0,60.900000000000006,0.0,0.0,100.0,100.0,0.00,0.00
,84732834,15/07/2025 15:02,15/07/2025 15:47,XAUUSD,Sell,0.100,0.00000,0.00000,3353.80000,3352.01000,0.0000,0.0000,179.0,17.90,0.09,"",0,00:00:45:44,2.3,1m,0.0,0.01,179.0,17.900000000000002,0.0,0.0,100.0,100.0,0.00,0.00
,84767856,15/07/2025 15:30,15/07/2025 15:47,XAUUSD,Sell,0.050,0.00000,0.00000,3358.46000,3352.13000,0.0000,0.0000,633.0,31.65,0.16,"",0,00:00:17:39,5.9,1m,0.0,0.00,633.0,31.650000000000002,0.0,0.0,100.0,100.0,0.00,0.00
,84513801,15/07/2025 07:56,15/07/2025 15:47,XAUUSD,Sell,0.050,0.00000,0.00000,3359.86000,3352.06000,0.0000,0.0000,780.0,39.00,0.19,"",0,00:07:51:40,62.5,4h 54m,881.0,0.64,991.0,49.550000000000004,-636.0,-31.8,60.9,87.0,-211.00,-10.55
,84638858,15/07/2025 11:39,15/07/2025 15:47,XAUUSD,Sell,0.050,0.00000,0.00000,3363.24000,3351.57000,0.0000,0.0000,1167.0,58.35,0.29,"",0,00:04:08:22,100.0,4h 8m,849.0,0.00,1329.0,66.45,0.0,0.0,100.0,87.8,-162.00,-8.10
,84533487,15/07/2025 08:37,15/07/2025 15:47,XAUUSD,Sell,0.050,0.00000,0.00000,3363.54000,3351.34000,0.0000,0.0000,1220.0,61.00,0.30,"",0,00:07:10:11,91.4,6h 33m,849.0,0.20,1359.0,67.95,-268.0,-13.4,83.5,91.5,-139.00,-6.95
,84614613,15/07/2025 11:11,15/07/2025 15:47,XAUUSD,Sell,0.050,0.00000,0.00000,3364.75000,3351.33000,0.0000,0.0000,1342.0,67.10,0.33,"",0,00:04:36:28,100.0,4h 36m,849.0,0.00,1480.0,74.0,0.0,0.0,100.0,90.7,-138.00,-6.90
,84614618,15/07/2025 11:11,15/07/2025 15:47,XAUUSD,Sell,0.050,0.00000,0.00000,3364.76000,3351.40000,0.0000,0.0000,1336.0,66.80,0.33,"",0,00:04:36:24,100.0,4h 36m,849.0,0.00,1481.0,74.05,0.0,0.0,100.0,90.2,-145.00,-7.25
,84801443,15/07/2025 15:43,15/07/2025 15:45,XAUUSD,Buy,0.050,0.00000,0.00000,3348.71000,3351.40000,0.0000,0.0000,269.0,13.45,0.07,"",0,00:00:02:14,,,,,,,,,,,,
,84513808,15/07/2025 07:56,15/07/2025 08:37,XAUUSD,Buy,0.050,0.00000,0.00000,3360.08000,3362.71000,0.0000,0.0000,263.0,13.15,0.07,"",0,00:00:41:32,2.5,1m,0.0,0.00,263.0,13.15,0.0,0.0,100.0,100.0,0.00,0.00
,84116113,14/07/2025 15:26,15/07/2025 08:37,XAUUSD,Buy,0.050,0.00000,0.00000,3358.05000,3362.71000,0.0000,0.0000,466.0,23.30,0.12,"",0,00:17:10:46,26.6,4h 34m,1684.0,2.58,652.0,32.6,-1684.0,-84.2,27.9,92.0,-186.00,-9.30
,84234405,14/07/2025 17:25,15/07/2025 07:56,XAUUSD,Buy,0.050,0.00000,0.00000,3348.69000,3359.89000,0.0000,0.0000,1120.0,56.00,0.28,"",0,00:14:31:04,55.8,8h 6m,1046.0,0.62,1212.0,60.6,-748.0,-37.4,61.8,95.3,-92.00,-4.60
,84253941,14/07/2025 17:39,15/07/2025 07:56,XAUUSD,Buy,0.050,0.00000,0.00000,3344.25000,3359.88000,0.0000,0.0000,1563.0,78.15,0.39,"",0,00:14:16:06,84.5,12h 3m,1046.0,0.18,1656.0,82.80000000000001,-304.0,-15.200000000000001,84.5,95.3,-93.00,-4.65
,84255732,14/07/2025 17:40,15/07/2025 07:56,XAUUSD,Buy,0.050,0.00000,0.00000,3343.43000,3359.88000,0.0000,0.0000,1645.0,82.25,0.42,"",0,00:14:15:21,88.0,12h 32m,1046.0,0.13,1738.0,86.9,-222.0,-11.100000000000001,88.7,95.3,-93.00,-4.65
,77814085,15/07/2025 01:08,,,Withdrawal,0.000,0.00000,0.00000,0.00000,0.00000,0.0000,0.0000,0.0,-1760.80,0,"Cash Adj-Rollover-VIX",0,00:00:00:00,,,,,,,,,,,,
,82999187,11/07/2025 14:36,14/07/2025 17:40,XAUUSD,Sell,0.050,0.00000,0.00000,3347.74000,3343.44000,0.0000,0.0000,430.0,21.50,0.10,"",0,03:03:03:32,4.6,3h 27m,2680.0,6.23,430.0,21.5,-2680.0,-134.0,13.8,100.0,0.00,0.00
,82999189,11/07/2025 14:36,14/07/2025 17:40,XAUUSD,Sell,0.050,0.00000,0.00000,3347.86000,3343.55000,0.0000,0.0000,431.0,21.55,0.10,"",0,03:03:03:29,4.6,3h 27m,2668.0,6.19,431.0,21.55,-2668.0,-133.4,13.9,100.0,0.00,0.00
,83004789,11/07/2025 14:45,14/07/2025 17:40,XAUUSD,Sell,0.050,0.00000,0.00000,3349.79000,3343.80000,0.0000,0.0000,599.0,29.95,0.14,"",0,03:02:54:15,4.7,3h 31m,2475.0,4.13,599.0,29.950000000000003,-2475.0,-123.75,19.5,100.0,0.00,0.00
,83048874,11/07/2025 15:43,14/07/2025 17:40,XAUUSD,Sell,0.050,0.00000,0.00000,3353.43000,3343.77000,0.0000,0.0000,966.0,48.30,0.23,"",0,03:01:56:31,7.3,5h 23m,2474.0,2.19,966.0,48.300000000000004,-2111.0,-105.55000000000001,31.4,100.0,0.00,0.00
,84193496,14/07/2025 16:37,14/07/2025 17:40,XAUUSD,Sell,0.050,0.00000,0.00000,3357.14000,3343.55000,0.0000,0.0000,1359.0,67.95,0.32,"",0,00:01:02:44,1.6,1m,0.0,0.00,1359.0,67.95,0.0,0.0,100.0,100.0,0.00,0.00
,84137759,14/07/2025 15:39,14/07/2025 16:37,XAUUSD,Buy,0.050,0.00000,0.00000,3351.95000,3357.15000,0.0000,0.0000,520.0,26.00,0.12,"",0,00:00:57:54,1.8,1m,0.0,0.00,520.0,26.0,0.0,0.0,100.0,100.0,0.00,0.00
,83069512,11/07/2025 16:03,14/07/2025 15:39,XAUUSD,Sell,0.050,0.00000,0.00000,3357.51000,3351.75000,0.0000,0.0000,576.0,28.80,0.14,"",0,02:23:35:39,81.9,2d 10h ,2474.0,2.21,771.0,38.550000000000004,-1703.0,-85.15,31.2,92.1,-195.00,-9.75
,83895567,14/07/2025 09:21,14/07/2025 15:26,XAUUSD,Sell,0.050,0.00000,0.00000,3360.64000,3357.94000,0.0000,0.0000,270.0,13.50,0.06,"",0,00:06:05:46,51.6,3h 8m,1364.0,4.80,284.0,14.200000000000001,-1364.0,-68.2,17.2,99.2,-14.00,-0.70
,83914012,14/07/2025 09:51,14/07/2025 15:26,XAUUSD,Sell,0.050,0.00000,0.00000,3365.85000,3358.07000,0.0000,0.0000,778.0,38.90,0.18,"",0,00:05:35:03,62.1,3h 28m,843.0,1.05,803.0,40.150000000000006,-843.0,-42.150000000000006,48.8,98.5,-25.00,-1.25
,84048758,14/07/2025 13:17,14/07/2025 15:26,XAUUSD,Sell,0.050,0.00000,0.00000,3372.80000,3358.02000,0.0000,0.0000,1478.0,73.90,0.35,"",0,00:02:08:54,0.8,1m,0.0,0.00,1478.0,73.9,0.0,0.0,100.0,100.0,0.00,0.00
,75355254,23/06/2025 23:45,14/07/2025 13:18,XAUUSD,Buy,0.050,0.00000,0.00000,3371.32000,3372.56000,0.0000,0.0000,124.0,6.20,0.03,"",0,20:13:32:23,1.1,5h 25m,12189.0,37.88,322.0,16.1,-12189.0,-609.45,2.6,98.4,-198.00,-9.90
,83920726,14/07/2025 09:57,14/07/2025 13:18,XAUUSD,Buy,0.050,0.00000,0.00000,3367.89000,3372.48000,0.0000,0.0000,459.0,22.95,0.11,"",0,00:03:20:54,100.0,3h 20m,225.0,0.00,639.0,31.950000000000003,0.0,0.0,100.0,71.8,-180.00,-9.00
,81904046,09/07/2025 17:50,14/07/2025 10:47,USOUSD,Buy,0.030,0.00000,0.00000,68.50000,69.42000,0.0000,0.0000,92.0,27.54,0.13,"",0,04:16:57:28,,,,,,,,,,,,
,75343409,23/06/2025 23:03,14/07/2025 10:47,USOUSD,Buy,0.100,0.00000,0.00000,68.93000,69.42000,0.0000,0.0000,49.0,49.20,0.23,"",0,20:11:44:17,,,,,,,,,,,,
,83748975,14/07/2025 05:23,14/07/2025 09:21,XAUUSD,Buy,0.050,0.00000,0.00000,3356.36000,3360.57000,0.0000,0.0000,421.0,21.05,0.10,"",0,00:03:57:51,97.5,3h 51m,211.0,0.09,480.0,24.0,-45.0,-2.25,91.4,88.8,-59.00,-2.95
,83205005,11/07/2025 18:11,14/07/2025 05:23,XAUUSD,Sell,0.050,0.00000,0.00000,3364.62000,3356.37000,0.0000,0.0000,825.0,41.25,0.20,"",0,02:11:11:49,94.9,2d 8h ,2006.0,0.78,1125.0,56.25,-881.0,-44.050000000000004,56.1,85.0,-300.00,-15.00
,83185333,11/07/2025 17:51,14/07/2025 05:23,XAUUSD,Sell,0.100,0.00000,0.00000,3360.82000,3356.40000,0.0000,0.0000,442.0,44.20,0.21,"",0,02:11:31:57,94.1,2d 8h ,2039.0,1.62,778.0,77.80000000000001,-1261.0,-126.10000000000001,38.2,83.5,-336.00,-33.60
,83661656,14/07/2025 03:32,14/07/2025 05:23,XAUUSD,Sell,0.050,0.00000,0.00000,3372.32000,3356.39000,0.0000,0.0000,1593.0,79.65,0.38,"",0,00:01:50:21,1.0,1m,0.0,0.00,1593.0,79.65,0.0,0.0,100.0,100.0,0.00,0.00
,77179619,14/07/2025 05:00,,,Deposit,0.000,0.00000,0.00000,0.00000,0.00000,0.0000,0.0000,0.0,30.40,0,"Cash Promo - Funds Growth",0,00:00:00:00,,,,,,,,,,,,
,79415272,03/07/2025 09:04,14/07/2025 03:33,XAUUSD,Buy,0.050,0.00000,0.00000,3363.35000,3372.19000,0.0000,0.0000,884.0,44.20,0.21,"",0,10:18:29:14,2.6,6h 43m,7843.0,8.57,916.0,45.800000000000004,-7843.0,-392.15000000000003,10.5,99.6,-32.00,-1.60
,83185335,11/07/2025 17:51,14/07/2025 03:33,XAUUSD,Buy,0.100,0.00000,0.00000,3361.06000,3372.20000,0.0000,0.0000,1114.0,111.40,0.54,"",0,02:09:42:10,9.6,5h 32m,802.0,0.65,1237.0,123.7,-802.0,-80.2,60.7,94.0,-123.00,-12.30
,83070789,11/07/2025 16:04,11/07/2025 18:01,USOUSD,Buy,0.050,0.00000,0.00000,67.61000,68.48000,0.0000,0.0000,87.0,43.30,0.21,"",0,00:01:56:40,,,,,,,,,,,,
,82807537,11/07/2025 15:49,11/07/2025 17:51,XAUUSD,Buy,0.100,0.00000,3383.50000,3356.25000,3360.69000,0.0000,0.0000,444.0,44.40,0.22,"",0,00:02:01:23,0.9,1m,0.0,0.00,444.0,44.400000000000006,0.0,0.0,100.0,100.0,0.00,0.00
,82386932,10/07/2025 16:32,11/07/2025 16:04,USOUSD,Buy,0.050,0.00000,0.00000,67.30000,67.53000,0.0000,0.0000,23.0,11.65,0.06,"",0,00:23:32:03,,,,,,,,,,,,
,83000341,11/07/2025 14:37,11/07/2025 14:45,XAUUSD,Buy,0.050,0.00000,0.00000,3348.98000,3349.78000,0.0000,0.0000,80.0,4.00,0.02,"",0,00:00:08:01,12.5,1m,0.0,0.01,80.0,4.0,0.0,0.0,100.0,100.0,0.00,0.00
,79534651,03/07/2025 14:33,11/07/2025 14:45,XAUUSD,Buy,0.050,0.00000,0.00000,3346.93000,3350.24000,0.0000,0.0000,331.0,16.55,0.08,"",0,08:00:12:23,2.3,4h 25m,6201.0,18.76,331.0,16.55,-6201.0,-310.05,5.1,100.0,0.00,0.00
,79899758,04/07/2025 10:06,11/07/2025 14:36,XAUUSD,Buy,0.050,0.00000,0.00000,3343.19000,3348.01000,0.0000,0.0000,482.0,24.10,0.12,"",0,07:04:29:33,2.9,5h 0m,5931.0,11.64,501.0,25.05,-5827.0,-291.35,7.9,99.7,-19.00,-0.95
,82646977,11/07/2025 04:03,11/07/2025 14:36,USOUSD,Buy,0.050,0.00000,0.00000,67.04000,67.59000,0.0000,0.0000,55.0,27.60,0.13,"",0,00:10:33:18,,,,,,,,,,,,
,82950677,11/07/2025 13:19,11/07/2025 14:36,XAUUSD,Buy,0.100,0.00000,0.00000,3343.35000,3347.72000,0.0000,0.0000,437.0,43.70,0.21,"",0,00:01:16:46,1.3,59s,0.0,0.00,437.0,43.7,0.0,0.0,100.0,100.0,0.00,0.00
,82635844,11/07/2025 03:46,11/07/2025 09:23,XAUUSD,Buy,0.050,0.00000,0.00000,3335.62000,3342.25000,0.0000,0.0000,663.0,33.15,0.16,"",0,00:05:37:46,64.7,3h 38m,804.0,0.78,697.0,34.85,-545.0,-27.25,56.1,97.3,-34.00,-1.70
,82643901,11/07/2025 04:00,11/07/2025 08:25,XAUUSD,Buy,0.050,0.00000,0.00000,3327.40000,3339.12000,0.0000,0.0000,1172.0,58.60,0.29,"",0,00:04:25:19,100.0,4h 25m,494.0,0.00,1172.0,58.6,0.0,0.0,100.0,100.0,0.00,0.00
,82635554,11/07/2025 03:45,11/07/2025 03:45,XAUUSD,Sell,0.050,0.00000,0.00000,3335.68000,3335.59000,0.0000,0.0000,9.0,0.45,0.00,"",0,00:00:00:27,,,,,,,,,,,,
,82501230,10/07/2025 19:17,11/07/2025 03:45,XAUUSD,Buy,0.050,0.00000,0.00000,3317.92000,3335.36000,0.0000,0.0000,1744.0,87.20,0.43,"",0,00:08:27:58,100.0,8h 27m,418.0,0.00,1768.0,88.4,0.0,0.0,100.0,98.6,-24.00,-1.20
,82380314,10/07/2025 16:22,11/07/2025 03:45,XAUUSD,Buy,0.050,0.00000,0.00000,3323.52000,3335.36000,0.0000,0.0000,1184.0,59.20,0.29,"",0,00:11:22:56,73.5,8h 21m,1085.0,0.90,1208.0,60.400000000000006,-1085.0,-54.25,52.7,99.0,-24.00,-1.20
,82508640,10/07/2025 19:31,11/07/2025 03:45,XAUUSD,Buy,0.050,0.00000,0.00000,3315.09000,3335.36000,0.0000,0.0000,2027.0,101.35,0.50,"",0,00:08:14:43,100.0,8h 14m,418.0,0.00,2051.0,102.55000000000001,0.0,0.0,100.0,98.8,-24.00,-1.20
,82420025,10/07/2025 16:59,11/07/2025 03:45,XAUUSD,Buy,0.050,0.00000,0.00000,3313.27000,3335.36000,0.0000,0.0000,2209.0,110.45,0.55,"",0,00:10:46:35,100.0,10h 46m,418.0,0.00,2233.0,111.65,0.0,0.0,100.0,98.9,-24.00,-1.20
,82317523,10/07/2025 15:00,11/07/2025 03:45,XAUUSD,Buy,0.050,0.00000,0.00000,3320.20000,3335.36000,0.0000,0.0000,1516.0,75.80,0.38,"",0,00:12:45:11,72.6,9h 15m,859.0,0.49,1540.0,77.0,-753.0,-37.65,67.2,99.0,-24.00,-1.20
,82317255,10/07/2025 15:00,11/07/2025 03:45,XAUUSD,Buy,0.050,0.00000,0.00000,3320.24000,3335.36000,0.0000,0.0000,1512.0,75.60,0.38,"",0,00:12:45:42,72.3,9h 13m,859.0,0.49,1536.0,76.80000000000001,-757.0,-37.85,67.0,99.0,-24.00,-1.20
,82264639,10/07/2025 13:13,11/07/2025 03:45,XAUUSD,Buy,0.050,0.00000,0.00000,3324.06000,3335.36000,0.0000,0.0000,1130.0,56.50,0.29,"",0,00:14:31:58,45.3,6h 35m,1776.0,1.17,1154.0,57.7,-1353.0,-67.65,46.0,99.0,-24.00,-1.20
,82206749,10/07/2025 14:57,11/07/2025 03:45,XAUUSD,Buy,0.050,0.00000,0.00000,3318.99000,3335.36000,0.0000,0.0000,1637.0,81.85,0.42,"",0,00:12:48:45,76.1,9h 45m,859.0,0.38,1661.0,83.05000000000001,-632.0,-31.6,72.4,99.0,-24.00,-1.20
,82197261,10/07/2025 10:46,11/07/2025 03:45,XAUUSD,Buy,0.050,0.00000,0.00000,3322.40000,3335.36000,0.0000,0.0000,1296.0,64.80,0.33,"",0,00:16:59:41,64.1,10h 53m,1921.0,0.90,1320.0,66.0,-1187.0,-59.35,52.7,99.0,-24.00,-1.20
,82126135,10/07/2025 08:03,11/07/2025 03:45,XAUUSD,Buy,0.050,0.00000,0.00000,3323.19000,3335.36000,0.0000,0.0000,1217.0,60.85,0.31,"",0,00:19:41:56,64.9,12h 47m,1955.0,1.02,1241.0,62.050000000000004,-1266.0,-63.300000000000004,49.5,99.0,-24.00,-1.20
,82053095,10/07/2025 04:17,11/07/2025 03:45,XAUUSD,Buy,0.050,0.00000,0.00000,3322.97000,3335.36000,0.0000,0.0000,1239.0,61.95,0.32,"",0,00:23:28:18,63.2,14h 50m,1658.0,0.81,1244.0,62.2,-1004.0,-50.2,55.3,99.8,-5.00,-0.25
,82053083,10/07/2025 04:17,11/07/2025 03:45,XAUUSD,Buy,0.030,0.00000,0.00000,3322.90000,3335.36000,0.0000,0.0000,1246.0,37.38,0.19,"",0,00:23:28:23,63.9,14h 59m,1658.0,0.80,1251.0,37.53,-997.0,-29.91,55.6,99.8,-5.00,-0.15
,81156362,08/07/2025 16:33,11/07/2025 03:45,XAUUSD,Buy,0.050,0.00000,0.00000,3325.70000,3335.36000,0.0000,0.0000,966.0,48.30,0.25,"",0,02:11:12:06,12.4,7h 20m,4161.0,4.29,971.0,48.550000000000004,-4161.0,-208.05,18.9,99.9,-5.00,-0.25
,82416492,10/07/2025 17:02,11/07/2025 03:45,XAUUSD,Buy,0.050,0.00000,0.00000,3310.33000,3335.99000,0.0000,0.0000,2566.0,128.30,0.66,"",0,00:10:43:03,100.0,10h 43m,418.0,0.00,2566.0,128.3,0.0,0.0,100.0,100.0,0.00,0.00
,82499145,10/07/2025 19:12,10/07/2025 19:17,XAUUSD,Sell,0.050,0.00000,0.00000,3319.06000,3318.08000,0.0000,0.0000,98.0,4.90,0.03,"",0,00:00:05:36,20.0,1m,0.0,0.01,98.0,4.9,0.0,0.0,100.0,100.0,0.00,0.00
,82320180,10/07/2025 16:48,10/07/2025 19:17,XAUUSD,Buy,0.050,0.00000,0.00000,3316.75000,3317.67000,0.0000,0.0000,92.0,4.60,0.02,"",0,00:02:29:13,0.7,1m,0.0,0.01,92.0,4.6000000000000005,0.0,0.0,100.0,100.0,0.00,0.00
,82416153,10/07/2025 16:57,10/07/2025 17:00,XAUUSD,Sell,0.050,0.00000,0.00000,3315.23000,3312.72000,0.0000,0.0000,251.0,12.55,0.07,"",0,00:00:02:43,,,,,,,,,,,,
,81236581,10/07/2025 01:23,10/07/2025 15:08,XAUUSD,Sell,0.050,0.00000,0.00000,3320.11000,3319.58000,0.0000,0.0000,53.0,2.65,0.01,"",0,00:13:45:36,39.1,5h 22m,1526.0,1.89,529.0,26.450000000000003,-997.0,-49.85,34.7,68.8,-476.00,-23.80
,81387802,10/07/2025 01:23,10/07/2025 15:08,XAUUSD,Sell,0.050,0.00000,0.00000,3320.49000,3319.53000,0.0000,0.0000,96.0,4.80,0.02,"",0,00:13:44:52,40.2,5h 31m,1526.0,1.69,567.0,28.35,-959.0,-47.95,37.2,69.1,-471.00,-23.55
,82056692,10/07/2025 04:26,10/07/2025 15:08,XAUUSD,Sell,0.050,0.00000,0.00000,3323.29000,3319.54000,0.0000,0.0000,375.0,18.75,0.10,"",0,00:10:41:49,54.1,5h 47m,1412.0,0.93,733.0,36.65,-679.0,-33.95,51.9,74.6,-358.00,-17.90
,82260810,10/07/2025 13:06,10/07/2025 15:00,XAUUSD,Sell,0.050,0.00000,0.00000,3325.22000,3320.52000,0.0000,0.0000,470.0,23.50,0.12,"",0,00:01:53:12,0.9,1m,0.0,0.00,470.0,23.5,0.0,0.0,100.0,100.0,0.00,0.00
,82234872,10/07/2025 12:00,10/07/2025 12:51,XAUUSD,Sell,0.050,0.00000,0.00000,3329.80000,3325.07000,0.0000,0.0000,473.0,23.65,0.12,"",0,00:00:50:50,2.0,1m,0.0,0.00,473.0,23.650000000000002,0.0,0.0,100.0,100.0,0.00,0.00
,82189127,10/07/2025 10:33,10/07/2025 10:46,XAUUSD,Sell,0.050,0.00000,0.00000,3326.70000,3322.43000,0.0000,0.0000,427.0,21.35,0.11,"",0,00:00:12:31,7.7,57s,0.0,0.00,427.0,21.35,0.0,0.0,100.0,100.0,0.00,0.00
,80997706,08/07/2025 17:03,10/07/2025 03:42,XAUUSD,Buy,0.050,0.00000,0.00000,3314.31000,3321.25000,0.0000,0.0000,694.0,34.70,0.18,"",0,01:10:38:26,20.2,6h 59m,3022.0,4.07,743.0,37.15,-3022.0,-151.1,19.7,98.7,-49.00,-2.45
,81178189,08/07/2025 16:49,10/07/2025 01:27,XAUUSD,Buy,0.050,0.00000,0.00000,3315.45000,3320.73000,0.0000,0.0000,528.0,26.40,0.14,"",0,01:08:37:48,12.8,4h 10m,3136.0,5.85,536.0,26.8,-3136.0,-156.8,14.6,99.8,-8.00,-0.40
,81900644,09/07/2025 17:44,09/07/2025 22:13,XAUUSD,Buy,0.050,0.00000,0.00000,3311.18000,3316.15000,0.0000,0.0000,497.0,24.85,0.13,"",0,00:04:29:15,85.6,3h 50m,310.0,0.58,497.0,24.85,-286.0,-14.3,63.5,100.0,0.00,0.00
,81197948,08/07/2025 17:06,09/07/2025 22:12,XAUUSD,Buy,0.050,0.00000,0.00000,3310.56000,3315.92000,0.0000,0.0000,536.0,26.80,0.14,"",0,01:05:05:44,20.7,6h 1m,2647.0,4.90,540.0,27.0,-2647.0,-132.35,16.9,99.9,-4.00,-0.20
,81897489,09/07/2025 17:38,09/07/2025 17:39,XAUUSD,Sell,0.050,0.00000,0.00000,3310.49000,3310.43000,0.0000,0.0000,6.0,0.30,0.00,"",0,00:00:00:15,,,,,,,,,,,,
,81476756,09/07/2025 05:45,09/07/2025 17:39,XAUUSD,Buy,0.050,0.00000,0.00000,3293.79000,3310.21000,0.0000,0.0000,1642.0,82.10,0.43,"",0,00:11:53:52,48.1,5h 43m,1337.0,0.63,1814.0,90.7,-1139.0,-56.95,61.4,94.2,-172.00,-8.60
,81745191,09/07/2025 14:58,09/07/2025 17:39,XAUUSD,Buy,0.050,0.00000,0.00000,3283.77000,3310.21000,0.0000,0.0000,2644.0,132.20,0.70,"",0,00:02:40:32,0.7,1m,0.0,0.00,2644.0,132.20000000000002,0.0,0.0,100.0,100.0,0.00,0.00
,81485137,09/07/2025 05:51,09/07/2025 17:39,XAUUSD,Buy,0.050,0.00000,0.00000,3288.08000,3310.21000,0.0000,0.0000,2213.0,110.65,0.59,"",0,00:11:48:12,84.8,10h 0m,1337.0,0.24,2385.0,119.25,-568.0,-28.400000000000002,80.8,94.2,-172.00,-8.60
,81480256,09/07/2025 05:48,09/07/2025 17:39,XAUUSD,Buy,0.050,0.00000,0.00000,3291.35000,3310.21000,0.0000,0.0000,1886.0,94.30,0.51,"",0,00:11:50:35,60.1,7h 7m,1337.0,0.43,2058.0,102.9,-895.0,-44.75,69.7,94.2,-172.00,-8.60
,81260625,08/07/2025 17:50,09/07/2025 17:39,USOUSD,Sell,0.030,0.00000,0.00000,68.57000,68.42000,0.0000,0.0000,15.0,4.35,0.02,"",0,00:23:48:31,,,,,,,,,,,,
,81473334,09/07/2025 05:41,09/07/2025 17:39,XAUUSD,Buy,0.050,0.00000,0.00000,3296.06000,3310.18000,0.0000,0.0000,1412.0,70.60,0.38,"",0,00:11:57:34,38.2,4h 34m,1366.0,0.86,1587.0,79.35000000000001,-1366.0,-68.3,53.7,94.1,-175.00,-8.75
,81451018,09/07/2025 04:48,09/07/2025 17:39,XAUUSD,Buy,0.050,0.00000,0.00000,3300.18000,3310.18000,0.0000,0.0000,1000.0,50.00,0.27,"",0,00:12:50:43,29.6,3h 48m,1778.0,1.51,1175.0,58.75,-1778.0,-88.9,39.8,94.1,-175.00,-8.75
,81258990,08/07/2025 17:49,09/07/2025 17:39,XAUUSD,Buy,0.050,0.00000,0.00000,3295.66000,3310.18000,0.0000,0.0000,1452.0,72.60,0.39,"",0,00:23:49:48,59.1,14h 5m,2322.0,0.79,1457.0,72.85000000000001,-1157.0,-57.85,55.7,99.8,-5.00,-0.25
,81245345,08/07/2025 18:08,09/07/2025 17:39,XAUUSD,Buy,0.050,0.00000,0.00000,3292.98000,3310.18000,0.0000,0.0000,1720.0,86.00,0.47,"",0,00:23:30:40,71.0,16h 41m,2275.0,0.52,1725.0,86.25,-889.0,-44.45,66.0,99.8,-5.00,-0.25
,81226125,08/07/2025 17:24,09/07/2025 17:39,XAUUSD,Buy,0.050,0.00000,0.00000,3301.48000,3310.18000,0.0000,0.0000,870.0,43.50,0.24,"",0,01:00:14:54,47.1,11h 25m,2336.0,1.99,875.0,43.75,-1739.0,-86.95,33.5,99.8,-5.00,-0.25
,81207645,08/07/2025 17:14,09/07/2025 17:39,XAUUSD,Buy,0.050,0.00000,0.00000,3306.50000,3310.18000,0.0000,0.0000,368.0,18.40,0.10,"",0,01:00:25:09,17.1,4h 10m,2367.0,6.01,373.0,18.650000000000002,-2241.0,-112.05000000000001,14.3,99.8,-5.00,-0.25
,79542484,03/07/2025 14:55,09/07/2025 17:39,USOUSD,Buy,0.020,0.00000,0.00000,68.19000,68.39000,0.0000,0.0000,20.0,4.10,0.02,"",0,06:02:43:43,,,,,,,,,,,,
,78257413,08/07/2025 18:08,09/07/2025 17:39,XAUUSD,Buy,0.050,0.00000,0.00000,3293.10000,3310.18000,0.0000,0.0000,1708.0,85.40,0.47,"",0,00:23:30:40,69.9,16h 26m,2275.0,0.53,1713.0,85.65,-901.0,-45.050000000000004,65.5,99.8,-5.00,-0.25
,78325611,30/06/2025 18:41,09/07/2025 14:58,XAUUSD,Sell,0.050,0.00000,0.00000,3287.80000,3283.86000,0.0000,0.0000,394.0,19.70,0.11,"",0,08:20:16:52,2.4,5h 5m,7686.0,19.49,395.0,19.75,-7686.0,-384.3,4.9,100.0,-1.00,-0.05
,81476943,09/07/2025 05:45,09/07/2025 05:48,XAUUSD,Sell,0.050,0.00000,0.00000,3293.33000,3291.36000,0.0000,0.0000,197.0,9.85,0.05,"",0,00:00:03:06,,,,,,,,,,,,
,81467986,09/07/2025 05:36,09/07/2025 05:41,XAUUSD,Sell,0.050,0.00000,0.00000,3300.08000,3296.24000,0.0000,0.0000,384.0,19.20,0.11,"",0,00:00:04:42,20.0,56s,0.0,0.00,384.0,19.200000000000003,0.0,0.0,100.0,100.0,0.00,0.00
,75545578,24/06/2025 06:37,08/07/2025 17:47,USOUSD,Buy,0.020,0.00000,0.00000,67.62000,68.54000,0.0000,0.0000,92.0,18.34,0.10,"",0,14:11:09:33,,,,,,,,,,,,
,81234402,08/07/2025 17:30,08/07/2025 17:43,XAUUSD,Sell,0.050,0.00000,0.00000,3302.32000,3295.88000,0.0000,0.0000,644.0,32.20,0.18,"",0,00:00:12:32,7.7,57s,0.0,0.00,644.0,32.2,0.0,0.0,100.0,100.0,0.00,0.00
,78340660,30/06/2025 22:55,08/07/2025 17:14,XAUUSD,Sell,0.050,0.00000,0.00000,3308.01000,3306.80000,0.0000,0.0000,121.0,6.05,0.03,"",0,07:18:19:13,4.2,7h 49m,5665.0,6.05,936.0,46.800000000000004,-5665.0,-283.25,14.2,87.7,-815.00,-40.75
,80322261,07/07/2025 06:49,08/07/2025 17:14,XAUUSD,Sell,0.050,0.00000,0.00000,3310.65000,3306.74000,0.0000,0.0000,391.0,19.55,0.11,"",0,01:10:25:02,26.4,9h 5m,4558.0,2.80,1200.0,60.0,-3358.0,-167.9,26.3,82.3,-809.00,-40.45
,81145797,08/07/2025 16:21,08/07/2025 16:49,XAUUSD,Sell,0.050,0.00000,0.00000,3322.81000,3315.67000,0.0000,0.0000,714.0,35.70,0.20,"",0,00:00:28:18,3.6,1m,0.0,0.00,714.0,35.7,0.0,0.0,100.0,100.0,0.00,0.00
,81135333,08/07/2025 16:16,08/07/2025 16:33,XAUUSD,Buy,0.050,0.00000,0.00000,3320.06000,3325.69000,0.0000,0.0000,563.0,28.15,0.16,"",0,00:00:17:16,5.9,1m,0.0,0.00,563.0,28.150000000000002,0.0,0.0,100.0,100.0,0.00,0.00
,81047176,08/07/2025 13:25,08/07/2025 16:17,XAUUSD,Sell,0.050,0.00000,0.00000,3321.26000,3320.47000,0.0000,0.0000,79.0,3.95,0.02,"",0,00:02:52:15,0.6,1m,0.0,0.01,79.0,3.95,0.0,0.0,100.0,100.0,0.00,0.00
,81052399,08/07/2025 13:36,08/07/2025 16:17,XAUUSD,Sell,0.050,0.00000,0.00000,3325.33000,3320.08000,0.0000,0.0000,525.0,26.25,0.15,"",0,00:02:41:08,0.7,1m,0.0,0.00,525.0,26.25,0.0,0.0,100.0,100.0,0.00,0.00
,81115038,08/07/2025 15:35,08/07/2025 16:17,XAUUSD,Sell,0.050,0.00000,0.00000,3329.40000,3320.39000,0.0000,0.0000,901.0,45.05,0.25,"",0,00:00:41:34,2.4,59s,0.0,0.00,901.0,45.050000000000004,0.0,0.0,100.0,100.0,0.00,0.00
,81047084,08/07/2025 13:25,08/07/2025 13:36,XAUUSD,Buy,0.050,0.00000,0.00000,3321.77000,3325.34000,0.0000,0.0000,357.0,17.85,0.10,"",0,00:00:11:14,9.1,1m,0.0,0.00,357.0,17.85,0.0,0.0,100.0,100.0,0.00,0.00
,80987294,08/07/2025 11:19,08/07/2025 13:25,XAUUSD,Sell,0.050,0.00000,0.00000,3325.51000,3321.53000,0.0000,0.0000,398.0,19.90,0.11,"",0,00:02:05:43,0.8,1m,0.0,0.00,398.0,19.900000000000002,0.0,0.0,100.0,100.0,0.00,0.00
,80997628,08/07/2025 11:34,08/07/2025 13:25,XAUUSD,Sell,0.050,0.00000,0.00000,3328.61000,3321.65000,0.0000,0.0000,696.0,34.80,0.19,"",0,00:01:50:35,1.0,1m,0.0,0.00,696.0,34.800000000000004,0.0,0.0,100.0,100.0,0.00,0.00
,80987074,08/07/2025 11:19,08/07/2025 11:34,XAUUSD,Buy,0.050,0.00000,0.00000,3325.85000,3328.71000,0.0000,0.0000,286.0,14.30,0.08,"",0,00:00:15:08,6.7,1m,0.0,0.00,286.0,14.3,0.0,0.0,100.0,100.0,0.00,0.00
,80821308,08/07/2025 04:09,08/07/2025 11:19,XAUUSD,Sell,0.050,0.00000,0.00000,3331.06000,3326.23000,0.0000,0.0000,483.0,24.15,0.14,"",0,00:07:09:43,56.8,4h 4m,1115.0,1.61,508.0,25.400000000000002,-817.0,-40.85,38.3,98.1,-25.00,-1.25
,80941667,08/07/2025 10:08,08/07/2025 11:19,XAUUSD,Sell,0.050,0.00000,0.00000,3337.73000,3326.24000,0.0000,0.0000,1149.0,57.45,0.32,"",0,00:01:10:59,1.5,1m,0.0,0.00,1149.0,57.45,0.0,0.0,100.0,100.0,0.00,0.00
,80677828,07/07/2025 22:13,08/07/2025 11:19,XAUUSD,Sell,0.050,0.00000,0.00000,3338.15000,3326.63000,0.0000,0.0000,1152.0,57.60,0.32,"",0,00:13:05:28,92.8,12h 8m,1115.0,0.64,1165.0,58.25,-740.0,-37.0,61.2,99.3,-13.00,-0.65
,80821572,08/07/2025 04:10,08/07/2025 10:06,XAUUSD,Buy,0.050,0.00000,0.00000,3331.34000,3338.57000,0.0000,0.0000,723.0,36.15,0.20,"",0,00:05:56:15,85.2,5h 3m,489.0,0.45,731.0,36.550000000000004,-326.0,-16.3,69.2,99.2,-8.00,-0.40
,80207131,07/07/2025 02:43,07/07/2025 22:17,XAUUSD,Buy,0.050,0.00000,0.00000,3327.33000,3337.42000,0.0000,0.0000,1009.0,50.45,0.29,"",0,00:19:34:28,27.6,5h 24m,2926.0,2.69,1086.0,54.300000000000004,-2926.0,-146.3,27.1,98.1,-77.00,-3.85
,80225266,07/07/2025 03:34,07/07/2025 22:10,XAUUSD,Buy,0.050,0.00000,0.00000,3322.56000,3337.38000,0.0000,0.0000,1482.0,74.10,0.42,"",0,00:18:36:44,31.8,5h 55m,2449.0,1.65,1482.0,74.10000000000001,-2449.0,-122.45,37.7,100.0,0.00,0.00
,80251745,07/07/2025 04:15,07/07/2025 22:06,XAUUSD,Buy,0.050,0.00000,0.00000,3311.31000,3336.59000,0.0000,0.0000,2528.0,126.40,0.72,"",0,00:17:51:06,53.6,9h 34m,1650.0,0.52,2558.0,127.9,-1324.0,-66.2,65.9,99.2,-30.00,-1.50
,79741003,07/07/2025 01:00,07/07/2025 16:19,USOUSD,Buy,0.020,0.00000,72.55300,66.24000,68.10000,0.0000,0.0000,186.0,37.02,0.21,"",0,00:15:18:52,,,,,,,,,,,,
,79847530,04/07/2025 06:36,07/07/2025 02:43,XAUUSD,Sell,0.050,0.00000,0.00000,3334.38000,3327.31000,0.0000,0.0000,707.0,35.35,0.20,"",0,02:20:07:13,11.5,7h 50m,1047.0,1.26,763.0,38.15,-964.0,-48.2,44.2,96.8,-56.00,-2.80
,79849727,04/07/2025 07:08,07/07/2025 02:43,XAUUSD,Sell,0.050,0.00000,0.00000,3340.36000,3327.33000,0.0000,0.0000,1303.0,65.15,0.38,"",0,02:19:34:56,97.5,2d 17h ,1047.0,0.27,1361.0,68.05,-366.0,-18.3,78.8,96.6,-58.00,-2.90
,79871454,04/07/2025 08:10,07/07/2025 02:43,XAUUSD,Sell,0.050,0.00000,0.00000,3342.07000,3327.16000,0.0000,0.0000,1491.0,74.55,0.43,"",0,02:18:32:36,98.8,2d 17h ,1047.0,0.13,1532.0,76.60000000000001,-195.0,-9.75,88.7,97.6,-41.00,-2.05
,79378770,03/07/2025 15:30,04/07/2025 08:10,XAUUSD,Buy,0.050,0.00000,0.00000,3337.24000,3341.96000,0.0000,0.0000,472.0,23.60,0.14,"",0,00:16:40:17,27.0,4h 30m,1355.0,2.83,479.0,23.950000000000003,-1355.0,-67.75,26.1,99.6,-7.00,-0.35
,79812003,04/07/2025 04:26,04/07/2025 06:36,XAUUSD,Buy,0.050,0.00000,0.00000,3332.94000,3334.55000,0.0000,0.0000,161.0,8.05,0.05,"",0,00:02:09:28,0.8,1m,0.0,0.01,161.0,8.05,0.0,0.0,100.0,100.0,0.00,0.00
,79711246,03/07/2025 17:23,04/07/2025 04:19,XAUUSD,Buy,0.050,0.00000,0.00000,3324.63000,3332.35000,0.0000,0.0000,772.0,38.60,0.22,"",0,00:10:56:42,98.2,10h 44m,982.0,0.11,888.0,44.400000000000006,-94.0,-4.7,90.4,88.2,-116.00,-5.80
,73256122,04/07/2025 02:31,,,Withdrawal,0.000,0.00000,0.00000,0.00000,0.00000,0.0000,0.0000,0.0,-150.00,0,"Withdraw-TH-CPS",0,00:00:00:00,,,,,,,,,,,,
,79264137,03/07/2025 15:30,03/07/2025 16:42,XAUUSD,Buy,0.050,0.00000,0.00000,3331.19000,3338.13000,0.0000,0.0000,694.0,34.70,0.20,"",0,00:01:11:58,1.4,1m,0.0,0.00,694.0,34.7,0.0,0.0,100.0,100.0,0.00,0.00
,79588626,03/07/2025 15:36,03/07/2025 16:42,XAUUSD,Buy,0.050,0.00000,0.00000,3326.93000,3338.10000,0.0000,0.0000,1117.0,55.85,0.32,"",0,00:01:05:52,1.6,1m,0.0,0.00,1117.0,55.85,0.0,0.0,100.0,100.0,0.00,0.00
,79017755,03/07/2025 15:38,03/07/2025 16:42,XAUUSD,Buy,0.050,0.00000,0.00000,3323.44000,3338.13000,0.0000,0.0000,1469.0,73.45,0.43,"",0,00:01:04:19,1.6,1m,0.0,0.00,1469.0,73.45,0.0,0.0,100.0,100.0,0.00,0.00
,79607898,03/07/2025 15:43,03/07/2025 16:42,XAUUSD,Buy,0.050,0.00000,0.00000,3314.30000,3338.16000,0.0000,0.0000,2386.0,119.30,0.70,"",0,00:00:58:46,1.7,59s,0.0,0.00,2386.0,119.30000000000001,0.0,0.0,100.0,100.0,0.00,0.00
,78559083,03/07/2025 15:44,03/07/2025 16:42,XAUUSD,Buy,0.050,0.00000,0.00000,3313.26000,3338.20000,0.0000,0.0000,2494.0,124.70,0.74,"",0,00:00:58:08,1.8,1m,0.0,0.00,2494.0,124.7,0.0,0.0,100.0,100.0,0.00,0.00
,78435154,01/07/2025 04:25,03/07/2025 15:43,XAUUSD,Sell,0.050,0.00000,0.00000,3319.31000,3314.65000,0.0000,0.0000,466.0,23.30,0.14,"",0,02:11:17:40,5.4,3h 12m,4535.0,8.88,511.0,25.55,-4535.0,-226.75,10.1,99.1,-45.00,-2.25
,79025239,02/07/2025 11:16,03/07/2025 15:32,XAUUSD,Sell,0.050,0.00000,0.00000,3335.91000,3330.95000,0.0000,0.0000,496.0,24.80,0.15,"",0,01:04:15:33,11.8,3h 20m,2987.0,5.45,528.0,26.400000000000002,-2875.0,-143.75,15.5,99.1,-32.00,-1.60
,79556440,03/07/2025 15:24,03/07/2025 15:30,XAUUSD,Sell,0.050,0.00000,0.00000,3350.70000,3340.28000,0.0000,0.0000,1042.0,52.10,0.31,"",0,00:00:05:48,16.7,58s,0.0,0.00,1042.0,52.1,0.0,0.0,100.0,100.0,0.00,0.00
,79517711,03/07/2025 13:46,03/07/2025 14:33,XAUUSD,Sell,0.050,0.00000,0.00000,3353.49000,3346.79000,0.0000,0.0000,670.0,33.50,0.20,"",0,00:00:47:16,2.2,1m,0.0,0.00,670.0,33.5,0.0,0.0,100.0,100.0,0.00,0.00
,79495612,03/07/2025 12:42,03/07/2025 13:43,XAUUSD,Buy,0.050,0.00000,0.00000,3346.32000,3352.72000,0.0000,0.0000,640.0,32.00,0.19,"",0,00:01:00:43,1.7,1m,0.0,0.00,640.0,32.0,0.0,0.0,100.0,100.0,0.00,0.00
,79263968,02/07/2025 20:04,03/07/2025 12:42,XAUUSD,Sell,0.050,0.00000,0.00000,3349.80000,3346.43000,0.0000,0.0000,337.0,16.85,0.10,"",0,00:16:38:33,46.3,7h 42m,2130.0,1.96,769.0,38.45,-1506.0,-75.3,33.8,81.0,-432.00,-21.60
,79465020,03/07/2025 11:28,03/07/2025 12:42,XAUUSD,Sell,0.050,0.00000,0.00000,3354.82000,3346.52000,0.0000,0.0000,830.0,41.50,0.25,"",0,00:01:14:28,1.4,1m,0.0,0.00,830.0,41.5,0.0,0.0,100.0,100.0,0.00,0.00
,79415073,03/07/2025 09:04,03/07/2025 11:28,XAUUSD,Sell,0.050,0.00000,0.00000,3363.05000,3354.57000,0.0000,0.0000,848.0,42.40,0.25,"",0,00:02:23:45,0.7,1m,0.0,0.00,848.0,42.400000000000006,0.0,0.0,100.0,100.0,0.00,0.00
,78665218,01/07/2025 15:20,03/07/2025 09:04,XAUUSD,Buy,0.050,0.00000,0.00000,3352.97000,3362.75000,0.0000,0.0000,978.0,48.90,0.29,"",0,01:17:44:13,19.0,7h 55m,2425.0,2.07,1169.0,58.45,-2425.0,-121.25,32.5,94.7,-191.00,-9.55
,78665099,01/07/2025 15:19,03/07/2025 09:04,XAUUSD,Buy,0.050,0.00000,0.00000,3352.22000,3362.71000,0.0000,0.0000,1049.0,52.45,0.32,"",0,01:17:44:34,20.2,8h 25m,2350.0,1.89,1244.0,62.2,-2350.0,-117.5,34.6,94.6,-195.00,-9.75
,79375794,03/07/2025 06:27,03/07/2025 07:13,XAUUSD,Buy,0.050,0.00000,0.00000,3346.46000,3348.58000,0.0000,0.0000,212.0,10.60,0.06,"",0,00:00:46:04,2.2,1m,0.0,0.00,212.0,10.600000000000001,0.0,0.0,100.0,100.0,0.00,0.00
,72783834,03/07/2025 03:05,,,Withdrawal,0.000,0.00000,0.00000,0.00000,0.00000,0.0000,0.0000,0.0,-100.00,0,"Withdraw-TH-CPS",0,00:00:00:00,,,,,,,,,,,,
,76906061,26/06/2025 10:25,02/07/2025 20:04,XAUUSD,Buy,0.050,0.00000,0.00000,3344.70000,3349.82000,0.0000,0.0000,512.0,25.60,0.15,"",0,06:09:38:31,7.5,11h 31m,9527.0,8.55,1114.0,55.7,-9527.0,-476.35,10.5,94.3,-602.00,-30.10
,78936356,02/07/2025 06:23,02/07/2025 20:04,XAUUSD,Buy,0.050,0.00000,0.00000,3340.29000,3349.82000,0.0000,0.0000,953.0,47.65,0.29,"",0,00:13:40:55,67.4,9h 13m,1683.0,1.16,1055.0,52.75,-1224.0,-61.2,46.3,95.5,-102.00,-5.10
,78925714,02/07/2025 05:52,02/07/2025 20:04,XAUUSD,Buy,0.050,0.00000,0.00000,3336.69000,3349.82000,0.0000,0.0000,1313.0,65.65,0.40,"",0,00:14:11:15,78.2,11h 5m,1683.0,0.61,1415.0,70.75,-864.0,-43.2,62.1,95.5,-102.00,-5.10
,75593172,24/06/2025 08:31,02/07/2025 19:52,USOUSD,Buy,0.020,0.00000,0.00000,67.21000,67.50000,0.0000,0.0000,29.0,5.76,0.03,"",0,08:11:20:27,,,,,,,,,,,,
,75612035,24/06/2025 08:52,02/07/2025 19:52,USOUSD,Buy,0.020,0.00000,0.00000,66.91000,67.49000,0.0000,0.0000,58.0,11.48,0.07,"19fae079155403de",0,08:11:00:00,,,,,,,,,,,,
,77828615,27/06/2025 19:38,02/07/2025 19:30,USOUSD,Buy,0.020,0.00000,0.00000,66.04000,67.20000,0.0000,0.0000,116.0,23.18,0.14,"",0,04:23:51:49,,,,,,,,,,,,
,78184629,30/06/2025 13:10,02/07/2025 19:30,USOUSD,Buy,0.050,0.00000,0.00000,66.24000,67.20000,0.0000,0.0000,96.0,47.95,0.29,"",0,02:06:20:07,,,,,,,,,,,,
,79017735,02/07/2025 10:51,02/07/2025 10:58,XAUUSD,Sell,0.050,0.00000,0.00000,3335.95000,3334.85000,0.0000,0.0000,110.0,5.50,0.03,"",0,00:00:06:37,14.3,56s,0.0,0.01,110.0,5.5,0.0,0.0,100.0,100.0,0.00,0.00
,78926785,02/07/2025 09:51,02/07/2025 10:51,XAUUSD,Buy,0.050,0.00000,0.00000,3330.66000,3336.22000,0.0000,0.0000,556.0,27.80,0.17,"",0,00:01:00:35,1.7,1m,0.0,0.00,556.0,27.8,0.0,0.0,100.0,100.0,0.00,0.00
,79002597,02/07/2025 10:22,02/07/2025 10:51,XAUUSD,Buy,0.050,0.00000,0.00000,3329.04000,3336.28000,0.0000,0.0000,724.0,36.20,0.22,"",0,00:00:28:50,3.5,1m,0.0,0.00,724.0,36.2,0.0,0.0,100.0,100.0,0.00,0.00
,78499130,01/07/2025 08:19,02/07/2025 10:23,XAUUSD,Sell,0.050,0.00000,0.00000,3328.45000,3329.00000,0.0000,0.0000,-55.0,-2.75,-0.02,"",0,01:02:03:02,0.0,0s,2839.0,3333.33,0.0,0.0,-2839.0,-141.95000000000002,0.0,98.1,-55.00,-2.75
,78916346,02/07/2025 05:13,02/07/2025 10:22,XAUUSD,Sell,0.050,0.00000,0.00000,3329.91000,3329.40000,0.0000,0.0000,51.0,2.55,0.02,"",0,00:05:08:50,59.9,3h 4m,1360.0,16.81,81.0,4.05,-1360.0,-68.0,5.6,97.9,-30.00,-1.50
,78529356,01/07/2025 09:43,02/07/2025 10:22,XAUUSD,Sell,0.050,0.00000,0.00000,3332.00000,3329.39000,0.0000,0.0000,261.0,13.05,0.08,"",0,01:00:38:55,16.9,4h 9m,2484.0,8.63,288.0,14.4,-2484.0,-124.2,10.4,99.0,-27.00,-1.35
,78922201,02/07/2025 05:45,02/07/2025 10:22,XAUUSD,Sell,0.050,0.00000,0.00000,3333.84000,3329.39000,0.0000,0.0000,445.0,22.25,0.14,"",0,00:04:37:24,80.9,3h 44m,514.0,1.08,474.0,23.700000000000003,-514.0,-25.700000000000003,48.0,97.1,-29.00,-1.45
,78920850,02/07/2025 05:49,02/07/2025 10:22,XAUUSD,Sell,0.050,0.00000,0.00000,3335.47000,3329.39000,0.0000,0.0000,608.0,30.40,0.19,"",0,00:04:32:46,89.4,4h 3m,351.0,0.55,637.0,31.85,-351.0,-17.55,64.5,97.1,-29.00,-1.45
,78925980,02/07/2025 05:54,02/07/2025 10:22,XAUUSD,Sell,0.050,0.00000,0.00000,3336.91000,3329.39000,0.0000,0.0000,752.0,37.60,0.23,"",0,00:04:28:27,92.6,4h 8m,265.0,0.27,781.0,39.050000000000004,-207.0,-10.350000000000001,79.0,97.1,-29.00,-1.45
,78936336,02/07/2025 06:23,02/07/2025 10:22,XAUUSD,Sell,0.050,0.00000,0.00000,3340.13000,3329.39000,0.0000,0.0000,1074.0,53.70,0.33,"",0,00:03:59:29,100.0,3h 59m,265.0,0.00,1103.0,55.150000000000006,0.0,0.0,100.0,97.4,-29.00,-1.45
,78904268,02/07/2025 04:41,02/07/2025 05:48,XAUUSD,Buy,0.050,0.00000,0.00000,3331.70000,3334.91000,0.0000,0.0000,321.0,16.05,0.10,"",0,00:01:07:49,1.5,1m,0.0,0.00,321.0,16.05,0.0,0.0,100.0,100.0,0.00,0.00
,78551620,01/07/2025 10:19,02/07/2025 04:40,XAUUSD,Sell,0.050,0.00000,0.00000,3337.95000,3331.89000,0.0000,0.0000,606.0,30.30,0.19,"",0,00:18:21:19,29.0,5h 19m,1961.0,3.08,637.0,31.85,-1961.0,-98.05000000000001,24.5,98.8,-31.00,-1.55
,78569844,01/07/2025 10:57,02/07/2025 04:40,XAUUSD,Sell,0.050,0.00000,0.00000,3339.54000,3331.79000,0.0000,0.0000,775.0,38.75,0.24,"",0,00:17:43:09,55.6,9h 51m,1802.0,2.26,796.0,39.800000000000004,-1802.0,-90.10000000000001,30.6,99.2,-21.00,-1.05
,78624564,01/07/2025 13:15,02/07/2025 04:40,XAUUSD,Sell,0.050,0.00000,0.00000,3347.17000,3332.06000,0.0000,0.0000,1511.0,75.55,0.47,"",0,00:15:25:46,91.9,14h 10m,932.0,0.45,1539.0,76.95,-691.0,-34.550000000000004,69.0,98.7,-28.00,-1.40
,72329404,02/07/2025 03:34,,,Withdrawal,0.000,0.00000,0.00000,0.00000,0.00000,0.0000,0.0000,0.0,-100.00,0,"Withdraw-TH-CPS",0,00:00:00:00,,,,,,,,,,,,
,77016040,26/06/2025 13:48,01/07/2025 13:15,XAUUSD,Buy,0.050,0.00000,0.00000,3340.61000,3347.17000,0.0000,0.0000,656.0,32.80,0.20,"",0,04:23:26:59,3.6,4h 18m,9118.0,12.69,719.0,35.95,-9118.0,-455.90000000000003,7.3,99.4,-63.00,-3.15
,77042359,26/06/2025 14:40,01/07/2025 10:56,XAUUSD,Buy,0.050,0.00000,0.00000,3335.35000,3338.42000,0.0000,0.0000,307.0,15.35,0.10,"",0,04:20:16:34,3.5,4h 4m,8645.0,21.46,401.0,20.05,-8592.0,-429.6,4.5,99.0,-94.00,-4.70
,77103365,26/06/2025 15:48,01/07/2025 10:19,XAUUSD,Buy,0.050,0.00000,0.00000,3331.71000,3337.92000,0.0000,0.0000,621.0,31.05,0.19,"",0,04:18:31:07,5.3,6h 4m,8645.0,13.26,621.0,31.05,-8228.0,-411.40000000000003,7.0,100.0,0.00,0.00
,77112072,26/06/2025 15:55,01/07/2025 09:43,XAUUSD,Buy,0.050,0.00000,0.00000,3326.61000,3332.00000,0.0000,0.0000,539.0,26.95,0.17,"",0,04:17:48:29,9.2,10h 28m,8645.0,8.33,927.0,46.35,-7718.0,-385.90000000000003,10.7,95.5,-388.00,-19.40
,77112085,26/06/2025 15:55,01/07/2025 09:43,XAUUSD,Buy,0.050,0.00000,0.00000,3326.67000,3331.82000,0.0000,0.0000,515.0,25.75,0.16,"",0,04:17:48:28,9.2,10h 28m,8645.0,8.39,921.0,46.050000000000004,-7724.0,-386.20000000000005,10.7,95.3,-406.00,-20.30
,77115457,26/06/2025 16:03,01/07/2025 08:19,XAUUSD,Buy,0.050,0.00000,0.00000,3318.58000,3328.68000,0.0000,0.0000,1010.0,50.50,0.32,"",0,04:16:16:26,12.4,13h 55m,8645.0,4.00,1730.0,86.5,-6915.0,-345.75,20.0,91.7,-720.00,-36.00
,77169223,26/06/2025 16:36,01/07/2025 04:25,XAUUSD,Buy,0.050,0.00000,0.00000,3311.66000,3319.26000,0.0000,0.0000,760.0,38.00,0.24,"",0,04:11:49:07,13.4,14h 26m,8645.0,2.57,2422.0,121.10000000000001,-6223.0,-311.15000000000003,28.0,80.8,-1662.00,-83.10
,78423291,01/07/2025 03:56,01/07/2025 03:56,USOUSD,Sell,0.050,0.00000,0.00000,65.67000,65.70000,0.0000,0.0000,-3.0,-1.45,-0.01,"",0,00:00:00:09,,,,,,,,,,,,
,71855584,01/07/2025 02:38,,,Withdrawal,0.000,0.00000,0.00000,0.00000,0.00000,0.0000,0.0000,0.0,-100.00,0,"Withdraw-TH-CPS",0,00:00:00:00,,,,,,,,,,,,
,69240070,27/06/2025 06:40,01/07/2025 02:07,XAUUSD,Buy,0.050,0.00000,0.00000,3299.04000,3310.77000,0.0000,0.0000,1173.0,58.65,0.37,"",0,03:19:26:47,8.1,7h 24m,4961.0,3.83,1297.0,64.85000000000001,-4961.0,-248.05,20.7,98.0,-124.00,-6.20
,76211243,27/06/2025 06:50,01/07/2025 02:07,XAUUSD,Buy,0.050,0.00000,0.00000,3295.94000,3310.98000,0.0000,0.0000,1504.0,75.20,0.47,"",0,03:19:17:30,9.8,8h 56m,4651.0,2.89,1607.0,80.35000000000001,-4651.0,-232.55,25.7,98.4,-103.00,-5.15
,77452666,27/06/2025 07:07,01/07/2025 02:07,XAUUSD,Buy,0.050,0.00000,0.00000,3292.48000,3310.80000,0.0000,0.0000,1832.0,91.60,0.58,"",0,03:19:00:33,13.2,12h 0m,4305.0,2.20,1953.0,97.65,-4305.0,-215.25,31.2,98.1,-121.00,-6.05
,77527288,27/06/2025 10:08,30/06/2025 22:30,XAUUSD,Buy,0.050,0.00000,0.00000,3288.11000,3307.12000,0.0000,0.0000,1901.0,95.05,0.61,"",0,03:12:22:02,13.1,11h 3m,4070.0,2.04,1901.0,95.05000000000001,-3868.0,-193.4,33.0,100.0,0.00,0.00
,71743726,30/06/2025 17:35,,,Withdrawal,0.000,0.00000,0.00000,0.00000,0.00000,0.0000,0.0000,0.0,-100.00,0,"Withdraw-TH-CPS",0,00:00:00:00,,,,,,,,,,,,
,78237796,30/06/2025 15:40,30/06/2025 16:52,XAUUSD,Sell,0.050,0.00000,0.00000,3288.00000,3286.28000,0.0000,0.0000,172.0,8.60,0.05,"",0,00:01:12:14,1.4,1m,0.0,0.01,172.0,8.6,0.0,0.0,100.0,100.0,0.00,0.00
,78191122,30/06/2025 14:09,30/06/2025 15:40,XAUUSD,Buy,0.050,0.00000,0.00000,3280.15000,3288.09000,0.0000,0.0000,794.0,39.70,0.25,"",0,00:01:30:53,1.1,59s,0.0,0.00,794.0,39.7,0.0,0.0,100.0,100.0,0.00,0.00
,68463383,27/06/2025 13:53,30/06/2025 08:58,XAUUSD,Buy,0.050,0.00000,0.00000,3281.17000,3289.59000,0.0000,0.0000,842.0,42.10,0.27,"",0,02:19:05:29,6.8,4h 33m,3479.0,3.38,999.0,49.95,-3378.0,-168.9,22.8,96.4,-157.00,-7.85
,77662787,27/06/2025 16:03,30/06/2025 08:58,XAUUSD,Buy,0.050,0.00000,0.00000,3265.65000,3289.57000,0.0000,0.0000,2392.0,119.60,0.77,"",0,02:16:55:49,97.9,2d 15h ,3479.0,0.72,2551.0,127.55000000000001,-1826.0,-91.30000000000001,58.3,96.4,-159.00,-7.95
,75646966,24/06/2025 09:29,27/06/2025 16:29,USOUSD,Buy,0.020,0.00000,0.00000,65.92000,66.75000,0.0000,0.0000,83.0,16.42,0.11,"",0,03:06:59:40,,,,,,,,,,,,
,70792692,27/06/2025 02:31,,,Withdrawal,0.000,0.00000,0.00000,0.00000,0.00000,0.0000,0.0000,0.0,-100.00,0,"Withdraw-TH-CPS",0,00:00:00:00,,,,,,,,,,,,
,76061311,24/06/2025 18:51,26/06/2025 16:36,XAUUSD,Sell,0.050,0.00000,0.00000,3313.85000,3311.95000,0.0000,0.0000,190.0,9.50,0.06,"",0,01:21:45:48,7.5,3h 25m,3565.0,17.92,192.0,9.600000000000001,-3440.0,-172.0,5.3,99.9,-2.00,-0.10
,76491616,25/06/2025 16:07,26/06/2025 16:36,XAUUSD,Sell,0.050,0.00000,0.00000,3316.75000,3312.28000,0.0000,0.0000,447.0,22.35,0.14,"",0,01:00:29:40,13.3,3h 15m,3150.0,6.75,467.0,23.35,-3150.0,-157.5,12.9,99.4,-20.00,-1.00
,76599388,25/06/2025 18:40,26/06/2025 16:03,XAUUSD,Sell,0.050,0.00000,0.00000,3325.08000,3320.19000,0.0000,0.0000,489.0,24.45,0.16,"",0,00:21:23:15,15.3,3h 16m,2317.0,4.31,538.0,26.900000000000002,-2317.0,-115.85000000000001,18.8,98.3,-49.00,-2.45
,76596433,25/06/2025 18:33,26/06/2025 16:03,XAUUSD,Sell,0.050,0.00000,0.00000,3322.14000,3318.73000,0.0000,0.0000,341.0,17.05,0.11,"",0,00:21:29:31,15.2,3h 16m,2611.0,6.46,404.0,20.200000000000003,-2611.0,-130.55,13.4,97.9,-63.00,-3.15
,76904815,26/06/2025 10:23,26/06/2025 13:48,XAUUSD,Sell,0.050,0.00000,0.00000,3344.37000,3340.65000,0.0000,0.0000,372.0,18.60,0.12,"",0,00:03:24:12,100.0,3h 24m,188.0,0.00,534.0,26.700000000000003,0.0,0.0,100.0,69.7,-162.00,-8.10
,76949390,26/06/2025 11:51,26/06/2025 13:48,XAUUSD,Sell,0.050,0.00000,0.00000,3347.39000,3340.57000,0.0000,0.0000,682.0,34.10,0.22,"",0,00:01:56:38,0.9,1m,0.0,0.00,682.0,34.1,0.0,0.0,100.0,100.0,0.00,0.00
,75593222,24/06/2025 08:31,26/06/2025 10:24,XAUUSD,Buy,0.050,0.00000,0.00000,3338.72000,3344.95000,0.0000,0.0000,623.0,31.15,0.20,"",0,02:01:52:32,9.4,4h 41m,4082.0,6.55,623.0,31.150000000000002,-4082.0,-204.10000000000002,13.2,100.0,0.00,0.00
,76717415,26/06/2025 02:27,26/06/2025 10:24,XAUUSD,Buy,0.050,0.00000,0.00000,3336.90000,3344.88000,0.0000,0.0000,798.0,39.90,0.26,"",0,00:07:56:44,70.3,5h 35m,1152.0,0.66,807.0,40.35,-534.0,-26.700000000000003,60.2,99.3,-9.00,-0.45
,75606518,24/06/2025 08:47,26/06/2025 10:24,XAUUSD,Buy,0.050,0.00000,0.00000,3331.89000,3344.98000,0.0000,0.0000,1309.0,65.45,0.43,"",0,02:01:37:19,33.7,16h 43m,3399.0,2.60,1309.0,65.45,-3399.0,-169.95000000000002,27.8,100.0,0.00,0.00
,70269281,26/06/2025 03:19,,,Withdrawal,0.000,0.00000,0.00000,0.00000,0.00000,0.0000,0.0000,0.0,-100.00,0,"Withdraw-TH-CPS",0,00:00:00:00,,,,,,,,,,,,
,76380109,25/06/2025 12:47,25/06/2025 18:40,XAUUSD,Buy,0.050,0.00000,0.00000,3324.25000,3325.10000,0.0000,0.0000,85.0,4.25,0.03,"",0,00:05:53:15,58.1,3h 25m,1165.0,6.93,168.0,8.4,-1165.0,-58.25,12.6,93.8,-83.00,-4.15
,76373208,25/06/2025 12:30,25/06/2025 18:40,XAUUSD,Buy,0.050,0.00000,0.00000,3323.17000,3324.96000,0.0000,0.0000,179.0,8.95,0.06,"",0,00:06:10:03,63.0,3h 53m,1327.0,3.83,276.0,13.8,-1057.0,-52.85,20.7,92.7,-97.00,-4.85
,76502946,25/06/2025 16:18,25/06/2025 18:33,XAUUSD,Buy,0.050,0.00000,0.00000,3317.25000,3322.13000,0.0000,0.0000,488.0,24.40,0.16,"",0,00:02:14:52,0.8,1m,0.0,0.00,488.0,24.400000000000002,0.0,0.0,100.0,100.0,0.00,0.00
,76156874,25/06/2025 04:07,25/06/2025 12:30,XAUUSD,Sell,0.050,0.00000,0.00000,3328.94000,3323.13000,0.0000,0.0000,581.0,29.05,0.19,"",0,00:08:22:18,62.5,5h 13m,938.0,1.02,690.0,34.5,-704.0,-35.2,49.5,92.2,-109.00,-5.45
,76176052,25/06/2025 04:53,25/06/2025 12:30,XAUUSD,Sell,0.050,0.00000,0.00000,3333.32000,3322.87000,0.0000,0.0000,1045.0,52.25,0.34,"",0,00:07:36:54,95.7,7h 17m,915.0,0.24,1128.0,56.400000000000006,-266.0,-13.3,80.9,94.0,-83.00,-4.15
,74775340,24/06/2025 08:47,25/06/2025 04:53,XAUUSD,Buy,0.050,0.00000,0.00000,3330.44000,3332.94000,0.0000,0.0000,250.0,12.50,0.08,"",0,00:20:05:57,17.8,3h 34m,3377.0,8.51,397.0,19.85,-3377.0,-168.85000000000002,10.5,96.1,-147.00,-7.35
,71798261,24/06/2025 08:47,25/06/2025 04:53,XAUUSD,Buy,0.100,0.00000,0.00000,3330.50000,3332.91000,0.0000,0.0000,241.0,24.10,0.16,"",0,00:20:05:56,17.7,3h 33m,3383.0,8.66,391.0,39.1,-3383.0,-338.3,10.4,96.0,-150.00,-15.00
,75615576,24/06/2025 08:54,25/06/2025 04:53,XAUUSD,Buy,0.050,0.00000,0.00000,3328.06000,3332.83000,0.0000,0.0000,477.0,23.85,0.16,"",0,00:19:58:49,20.5,4h 5m,3154.0,4.95,635.0,31.75,-3139.0,-156.95000000000002,16.8,95.8,-158.00,-7.90
,75629880,24/06/2025 09:13,25/06/2025 04:53,XAUUSD,Buy,0.050,0.00000,0.00000,3327.03000,3332.82000,0.0000,0.0000,579.0,28.95,0.19,"",0,00:19:40:01,23.1,4h 32m,3115.0,4.12,738.0,36.9,-3036.0,-151.8,19.6,95.8,-159.00,-7.95
,70368408,24/06/2025 09:30,25/06/2025 04:07,XAUUSD,Buy,0.050,0.00000,0.00000,3321.34000,3329.01000,0.0000,0.0000,767.0,38.35,0.25,"",0,00:18:37:03,56.1,10h 26m,3115.0,3.12,792.0,39.6,-2467.0,-123.35000000000001,24.3,99.2,-25.00,-1.25
,75867465,24/06/2025 15:14,25/06/2025 04:07,XAUUSD,Buy,0.050,0.00000,0.00000,3313.66000,3328.85000,0.0000,0.0000,1519.0,75.95,0.50,"",0,00:12:52:48,92.9,11h 57m,1077.0,0.69,1560.0,78.0,-1077.0,-53.85,59.2,98.4,-41.00,-2.05
,69817489,25/06/2025 02:59,,,Withdrawal,0.000,0.00000,0.00000,0.00000,0.00000,0.0000,0.0000,0.0,-100.00,0,"Withdraw-TH-CPS",0,00:00:00:00,,,,,,,,,,,,
,75954683,24/06/2025 16:40,24/06/2025 18:51,XAUUSD,Buy,0.050,0.00000,0.00000,3297.26000,3313.86000,0.0000,0.0000,1660.0,83.00,0.55,"",0,00:02:10:02,0.8,1m,0.0,0.00,1660.0,83.0,0.0,0.0,100.0,100.0,0.00,0.00
,75891001,24/06/2025 15:36,24/06/2025 16:41,XAUUSD,Sell,0.050,0.00000,0.00000,3305.31000,3297.26000,0.0000,0.0000,805.0,40.25,0.27,"",0,00:01:04:53,1.6,1m,0.0,0.00,805.0,40.25,0.0,0.0,100.0,100.0,0.00,0.00
,75658226,24/06/2025 09:37,24/06/2025 15:14,XAUUSD,Sell,0.050,0.00000,0.00000,3316.26000,3313.47000,0.0000,0.0000,279.0,13.95,0.09,"",0,00:05:37:36,54.6,3h 4m,1156.0,3.24,357.0,17.85,-1156.0,-57.800000000000004,23.6,94.8,-78.00,-3.90
,69878418,11/06/2025 20:39,24/06/2025 15:14,XAUUSD,Sell,0.050,0.00000,0.00000,3320.57000,3313.48000,0.0000,0.0000,709.0,35.45,0.23,"",0,12:18:35:39,1.4,4h 17m,12921.0,17.79,727.0,36.35,-12921.0,-646.0500000000001,5.3,99.9,-18.00,-0.90
,69878088,11/06/2025 21:08,24/06/2025 08:47,XAUUSD,Sell,0.050,0.00000,0.00000,3338.75000,3331.95000,0.0000,0.0000,680.0,34.00,0.23,"",0,12:11:38:38,1.4,4h 11m,11103.0,15.72,707.0,35.35,-11103.0,-555.15,6.0,99.8,-27.00,-1.35
,75556615,24/06/2025 07:07,24/06/2025 08:31,USOUSD,Sell,0.030,0.00000,0.00000,68.01000,67.25000,0.0000,0.0000,76.0,22.65,0.15,"",0,00:01:24:20,,,,,,,,,,,,
,75545082,24/06/2025 06:36,24/06/2025 08:31,XAUUSD,Sell,0.050,0.00000,0.00000,3357.36000,3338.95000,0.0000,0.0000,1841.0,92.05,0.62,"",0,00:01:54:46,0.9,1m,0.0,0.00,1841.0,92.05000000000001,0.0,0.0,100.0,100.0,0.00,0.00
,75545581,24/06/2025 06:37,24/06/2025 06:39,USOUSD,Buy,0.020,0.00000,0.00000,67.62000,67.65000,0.0000,0.0000,3.0,0.50,0.00,"",0,00:00:01:35,,,,,,,,,,,,
,75408351,24/06/2025 02:19,24/06/2025 06:37,USOUSD,Buy,0.050,0.00000,0.00000,65.69000,67.61000,0.0000,0.0000,192.0,96.25,0.65,"",0,00:04:18:18,,,,,,,,,,,,
,75408440,24/06/2025 02:19,24/06/2025 06:37,XAUUSD,Buy,0.050,0.00000,0.00000,3351.84000,3356.62000,0.0000,0.0000,478.0,23.90,0.16,"",0,00:04:18:01,85.7,3h 41m,544.0,0.96,565.0,28.25,-544.0,-27.200000000000003,50.9,92.2,-87.00,-4.35
,75424550,24/06/2025 02:43,24/06/2025 06:37,XAUUSD,Buy,0.050,0.00000,0.00000,3349.16000,3356.72000,0.0000,0.0000,756.0,37.80,0.26,"",0,00:03:53:57,99.6,3h 53m,253.0,0.01,833.0,41.650000000000006,-8.0,-0.4,99.0,90.8,-77.00,-3.85
,75441503,24/06/2025 03:04,24/06/2025 06:37,XAUUSD,Buy,0.050,0.00000,0.00000,3334.95000,3356.75000,0.0000,0.0000,2180.0,109.00,0.74,"",0,00:03:32:32,100.0,3h 32m,253.0,0.00,2254.0,112.7,0.0,0.0,100.0,96.7,-74.00,-3.70
,75426115,24/06/2025 02:44,24/06/2025 03:03,XAUUSD,Sell,0.050,0.00000,0.00000,3350.86000,3334.56000,0.0000,0.0000,1630.0,81.50,0.56,"",0,00:00:18:33,5.3,58s,0.0,0.00,1630.0,81.5,0.0,0.0,100.0,100.0,0.00,0.00
,69205897,24/06/2025 02:24,,,Withdrawal,0.000,0.00000,0.00000,0.00000,0.00000,0.0000,0.0000,0.0,-100.00,0,"Withdraw-TH-CPS",0,00:00:00:00,,,,,,,,,,,,
,74807004,23/06/2025 08:49,24/06/2025 02:20,XAUUSD,Sell,0.050,0.00000,0.00000,3356.22000,3353.43000,0.0000,0.0000,279.0,13.95,0.09,"",0,00:17:31:37,20.5,3h 35m,3700.0,6.33,585.0,29.25,-3700.0,-185.0,13.7,92.9,-306.00,-15.30
,75160885,23/06/2025 17:13,23/06/2025 17:54,XAUUSD,Buy,0.050,0.00000,0.00000,3372.37000,3385.21000,0.0000,0.0000,1284.0,64.20,0.44,"",0,00:00:40:43,2.5,1m,0.0,0.00,1284.0,64.2,0.0,0.0,100.0,100.0,0.00,0.00
,75115174,23/06/2025 16:44,23/06/2025 17:13,XAUUSD,Sell,0.050,0.00000,0.00000,3381.92000,3372.56000,0.0000,0.0000,936.0,46.80,0.32,"",0,00:00:28:30,3.5,59s,0.0,0.00,936.0,46.800000000000004,0.0,0.0,100.0,100.0,0.00,0.00
,74605488,23/06/2025 01:30,23/06/2025 16:44,XAUUSD,Buy,0.050,0.00000,0.00000,3373.07000,3382.77000,0.0000,0.0000,970.0,48.50,0.33,"",0,00:15:14:42,27.5,4h 11m,2522.0,2.60,970.0,48.5,-2522.0,-126.10000000000001,27.8,100.0,0.00,0.00
,75043580,23/06/2025 15:21,23/06/2025 16:44,XAUUSD,Buy,0.050,0.00000,0.00000,3364.74000,3383.01000,0.0000,0.0000,1827.0,91.35,0.63,"",0,00:01:23:12,1.3,1m,0.0,0.00,1827.0,91.35000000000001,0.0,0.0,100.0,100.0,0.00,0.00
,74997168,23/06/2025 14:20,23/06/2025 16:44,XAUUSD,Buy,0.050,0.00000,0.00000,3377.60000,3384.46000,0.0000,0.0000,686.0,34.30,0.24,"",0,00:02:23:42,0.7,1m,0.0,0.00,686.0,34.300000000000004,0.0,0.0,100.0,100.0,0.00,0.00
,75044262,23/06/2025 15:23,23/06/2025 16:44,XAUUSD,Buy,0.100,0.00000,3384.94000,3360.90000,3384.34000,0.0000,0.0000,2344.0,234.40,1.65,"",0,00:01:21:05,1.3,1m,0.0,0.00,2344.0,234.4,0.0,0.0,100.0,100.0,0.00,0.00
,75038218,23/06/2025 15:17,23/06/2025 16:44,XAUUSD,Buy,0.050,0.00000,0.00000,3364.18000,3384.07000,0.0000,0.0000,1989.0,99.45,0.71,"",0,00:01:27:06,1.2,1m,0.0,0.00,1989.0,99.45,0.0,0.0,100.0,100.0,0.00,0.00
,75053446,23/06/2025 15:38,23/06/2025 16:44,XAUUSD,Buy,0.100,0.00000,0.00000,3356.11000,3383.81000,0.0000,0.0000,2770.0,277.00,2.01,"",0,00:01:05:33,1.6,1m,0.0,0.00,2770.0,277.0,0.0,0.0,100.0,100.0,0.00,0.00
,74895055,23/06/2025 11:24,23/06/2025 15:37,XAUUSD,Sell,0.050,0.00000,0.00000,3361.82000,3357.47000,0.0000,0.0000,435.0,21.75,0.16,"",0,00:04:12:54,75.9,3h 11m,1890.0,3.85,491.0,24.55,-1890.0,-94.5,20.6,97.6,-56.00,-2.80
,74770556,23/06/2025 12:14,23/06/2025 15:17,XAUUSD,Sell,0.050,0.00000,3337.08000,3367.24000,3364.35000,0.0000,0.0000,289.0,14.45,0.11,"",0,00:03:03:04,100.0,3h 3m,314.0,0.00,603.0,30.150000000000002,0.0,0.0,100.0,47.9,-314.00,-15.70
,74987378,23/06/2025 14:09,23/06/2025 15:17,XAUUSD,Sell,0.050,0.00000,0.00000,3371.87000,3364.45000,0.0000,0.0000,742.0,37.10,0.27,"",0,00:01:07:28,1.5,1m,0.0,0.00,742.0,37.1,0.0,0.0,100.0,100.0,0.00,0.00
,74991349,23/06/2025 14:14,23/06/2025 15:17,XAUUSD,Sell,0.050,0.00000,0.00000,3374.54000,3364.74000,0.0000,0.0000,980.0,49.00,0.36,"",0,00:01:02:31,1.6,1m,0.0,0.00,980.0,49.0,0.0,0.0,100.0,100.0,0.00,0.00
,74662514,23/06/2025 03:18,23/06/2025 14:09,XAUUSD,Buy,0.050,0.00000,0.00000,3366.81000,3371.61000,0.0000,0.0000,480.0,24.00,0.18,"",0,00:10:51:25,34.2,3h 42m,1896.0,3.76,505.0,25.25,-1896.0,-94.80000000000001,21.0,99.0,-25.00,-1.25
,74895120,23/06/2025 11:24,23/06/2025 13:06,XAUUSD,Buy,0.050,0.00000,0.00000,3362.16000,3365.44000,0.0000,0.0000,328.0,16.40,0.12,"",0,00:01:42:02,1.0,1m,0.0,0.00,328.0,16.400000000000002,0.0,0.0,100.0,100.0,0.00,0.00
,74806888,23/06/2025 08:49,23/06/2025 11:24,XAUUSD,Buy,0.050,0.00000,0.00000,3356.19000,3361.82000,0.0000,0.0000,563.0,28.15,0.21,"",0,00:02:35:16,0.7,1m,0.0,0.00,563.0,28.150000000000002,0.0,0.0,100.0,100.0,0.00,0.00
,74873918,23/06/2025 10:44,23/06/2025 10:45,XAUUSD,Buy,0.020,0.00000,0.00000,3355.94000,3356.19000,0.0000,0.0000,25.0,0.50,0.00,"19fae079155403de",0,00:00:00:23,,,,,,,,,,,,
,74793702,23/06/2025 08:34,23/06/2025 08:49,XAUUSD,Buy,0.050,0.00000,0.00000,3352.22000,3355.98000,0.0000,0.0000,376.0,18.80,0.18,"",0,00:00:14:17,6.7,57s,0.0,0.00,376.0,18.8,0.0,0.0,100.0,100.0,0.00,0.00
,74798124,23/06/2025 08:37,23/06/2025 08:49,XAUUSD,Buy,0.050,0.00000,0.00000,3347.99000,3355.85000,0.0000,0.0000,786.0,39.30,0.39,"",0,00:00:12:00,8.4,1m,0.0,0.00,786.0,39.300000000000004,0.0,0.0,100.0,100.0,0.00,0.00
,74795542,23/06/2025 08:35,23/06/2025 08:49,XAUUSD,Buy,0.050,0.00000,0.00000,3349.92000,3355.96000,0.0000,0.0000,604.0,30.20,0.30,"",0,00:00:13:26,7.2,58s,0.0,0.00,604.0,30.200000000000003,0.0,0.0,100.0,100.0,0.00,0.00
,74770446,23/06/2025 07:32,23/06/2025 08:34,XAUUSD,Sell,0.050,0.00000,0.00000,3360.39000,3351.81000,0.0000,0.0000,858.0,42.90,0.43,"",0,00:01:02:22,100.0,1h 2m,0.0,0.00,858.0,42.900000000000006,0.0,0.0,100.0,100.0,0.00,0.00
,74662562,23/06/2025 03:40,23/06/2025 07:33,XAUUSD,Buy,0.050,0.00000,0.00000,3360.17000,3360.80000,0.0000,0.0000,63.0,3.15,0.03,"",0,00:03:53:03,21.9,51m,1681.0,2.74,449.0,22.450000000000003,-1232.0,-61.6,26.7,77.0,-386.00,-19.30
,74713663,23/06/2025 04:37,23/06/2025 07:33,XAUUSD,Buy,0.050,0.00000,0.00000,3355.97000,3360.40000,0.0000,0.0000,443.0,22.15,0.22,"",0,00:02:56:06,47.8,1h 24m,1254.0,1.83,443.0,22.150000000000002,-812.0,-40.6,35.3,100.0,0.00,0.00
,74694682,23/06/2025 04:10,23/06/2025 04:38,XAUUSD,Sell,0.050,0.00000,0.00000,3365.14000,3356.02000,0.0000,0.0000,912.0,45.60,0.46,"",0,00:00:27:52,100.0,27m,176.0,0.00,912.0,45.6,0.0,0.0,100.0,100.0,0.00,0.00
,68579608,23/06/2025 03:19,,,Withdrawal,0.000,0.00000,0.00000,0.00000,0.00000,0.0000,0.0000,0.0,-100.00,0,"Withdraw-TH-CPS",0,00:00:00:00,,,,,,,,,,,,
,74607115,23/06/2025 01:11,23/06/2025 03:18,XAUUSD,Sell,0.050,0.00000,0.00000,3378.54000,3367.10000,0.0000,0.0000,1144.0,57.20,0.57,"",0,00:02:07:09,100.0,2h 7m,1442.0,0.00,2586.0,129.3,0.0,0.0,100.0,44.2,-1442.00,-72.10
,74601106,23/06/2025 01:04,23/06/2025 01:11,XAUUSD,Sell,0.050,0.00000,0.00000,3385.39000,3378.73000,0.0000,0.0000,666.0,33.30,0.33,"",0,00:00:06:47,100.0,6m,1461.0,0.00,2127.0,106.35000000000001,0.0,0.0,100.0,31.3,-1461.00,-73.05
,70746935,13/06/2025 06:58,23/06/2025 01:02,VIX.R,Buy,0.100,0.00000,0.00000,22.00000,22.00000,0.0000,0.0000,0.0,-39.30,-0.39,"",0,09:18:03:33,,,,,,,,,,,,
,74336082,20/06/2025 17:41,23/06/2025 01:02,VIX.R,Buy,0.100,0.00000,0.00000,21.00000,22.00000,0.0000,0.0000,1.0,73.30,0.73,"",0,02:07:20:58,,,,,,,,,,,,
,74271593,20/06/2025 16:36,23/06/2025 01:02,VIX.R,Buy,0.100,0.00000,0.00000,21.00000,22.00000,0.0000,0.0000,1.0,115.70,1.17,"",0,02:08:26:02,,,,,,,,,,,,
,74190597,20/06/2025 14:49,23/06/2025 01:02,VIX.R,Buy,0.100,0.00000,0.00000,21.00000,22.00000,0.0000,0.0000,1.0,115.70,1.19,"",0,02:10:12:36,,,,,,,,,,,,
,72947934,18/06/2025 17:20,23/06/2025 01:02,XAUUSD,Buy,0.050,0.00000,0.00000,3374.03000,3383.43000,0.0000,0.0000,940.0,47.00,0.48,"",0,04:07:41:19,9.5,9h 51m,5330.0,1.65,2012.0,100.60000000000001,-3318.0,-165.9,37.7,79.9,-1072.00,-53.60
,72426841,17/06/2025 17:34,23/06/2025 01:02,XAUUSD,Buy,0.050,0.00000,0.00000,3375.41000,3383.43000,0.0000,0.0000,802.0,40.10,0.41,"",0,05:07:28:02,24.0,1d 6h ,5642.0,1.58,2186.0,109.30000000000001,-3456.0,-172.8,38.7,75.5,-1384.00,-69.20
,70840810,13/06/2025 11:02,23/06/2025 01:02,VIX.R,Buy,0.100,0.00000,0.00000,21.00000,22.00000,0.0000,0.0000,1.0,73.20,0.76,"",0,09:13:59:19,,,,,,,,,,,,
,70815912,13/06/2025 09:56,23/06/2025 01:02,VIX.R,Buy,0.100,0.00000,0.00000,22.00000,22.00000,0.0000,0.0000,0.0,-1.70,-0.02,"",0,09:15:05:36,,,,,,,,,,,,
,70191103,12/06/2025 11:11,23/06/2025 01:02,VIX.R,Buy,0.200,0.00000,0.00000,20.00000,22.00000,0.0000,0.0000,2.0,270.40,2.90,"",0,10:13:50:43,,,,,,,,,,,,
,69973328,12/06/2025 02:05,23/06/2025 01:02,VIX.R,Buy,0.100,0.00000,0.00000,20.00000,22.00000,0.0000,0.0000,2.0,150.20,1.64,"",0,10:22:56:10,,,,,,,,,,,,
,69010479,10/06/2025 08:42,23/06/2025 01:02,VIX.R,Buy,0.100,0.00000,0.00000,18.00000,22.00000,0.0000,0.0000,4.0,333.30,3.77,"",0,12:16:19:07,,,,,,,,,,,,
,67134755,04/06/2025 14:58,23/06/2025 01:02,VIX.R,Buy,0.100,0.00000,0.00000,19.00000,22.00000,0.0000,0.0000,3.0,266.70,3.11,"",0,18:10:03:26,,,,,,,,,,,,
,63201855,26/05/2025 05:32,23/06/2025 01:02,VIX.R,Buy,0.100,0.00000,0.00000,21.00000,22.00000,0.0000,0.0000,1.0,80.70,0.95,"",0,27:19:29:19,,,,,,,,,,,,
,74329903,20/06/2025 17:31,23/06/2025 01:01,XAUUSD,Buy,0.100,0.00000,3383.71000,3366.85000,3393.11000,0.0000,0.0000,2626.0,262.60,3.19,"",0,02:07:29:10,97.3,2d 5h ,2643.0,0.26,2626.0,262.6,-689.0,-68.9,79.2,100.0,0.00,0.00
,74326562,20/06/2025 17:24,23/06/2025 01:01,XAUUSD,Buy,0.050,0.00000,0.00000,3366.23000,3393.11000,0.0000,0.0000,2688.0,134.40,1.66,"",0,02:07:36:52,97.7,2d 6h ,2643.0,0.23,2688.0,134.4,-627.0,-31.35,81.1,100.0,0.00,0.00
,74302441,20/06/2025 16:59,23/06/2025 01:01,XAUUSD,Buy,0.050,0.00000,0.00000,3370.51000,3393.11000,0.0000,0.0000,2260.0,113.00,1.42,"",0,02:08:01:03,4.4,2h 27m,2643.0,0.47,2260.0,113.0,-1055.0,-52.75,68.2,100.0,0.00,0.00
,73298439,18/06/2025 23:46,23/06/2025 01:01,XAUUSD,Buy,0.050,0.00000,0.00000,3366.25000,3393.11000,0.0000,0.0000,2686.0,134.30,1.71,"",0,04:01:15:00,80.3,3d 6h ,4165.0,0.95,2686.0,134.3,-2540.0,-127.0,51.4,100.0,0.00,0.00
,70710935,13/06/2025 05:58,23/06/2025 01:01,USOUSD,Buy,0.020,0.00000,0.00000,76.05000,77.79000,0.0000,0.0000,174.0,34.98,0.45,"",0,09:19:02:14,,,,,,,,,,,,
,72022599,20/06/2025 14:45,23/06/2025 01:00,USOUSD,Buy,0.020,0.00000,0.00000,74.25000,77.94000,0.0000,0.0000,369.0,73.80,0.95,"",0,02:10:15:50,,,,,,,,,,,,
,74136246,20/06/2025 12:39,23/06/2025 01:00,USOUSD,Buy,0.020,0.00000,0.00000,75.44000,78.44000,0.0000,0.0000,300.0,60.00,0.78,"",0,02:12:21:04,,,,,,,,,,,,
,74303230,20/06/2025 17:00,20/06/2025 17:23,XAUUSD,Sell,0.050,0.00000,0.00000,3369.51000,3366.13000,0.0000,0.0000,338.0,16.90,0.22,"",0,00:00:22:52,4.4,1m,185.0,0.55,338.0,16.900000000000002,-185.0,-9.25,64.6,100.0,0.00,0.00
,74292100,20/06/2025 16:57,20/06/2025 16:59,XAUUSD,Sell,0.050,0.00000,0.00000,3373.33000,3370.92000,0.0000,0.0000,241.0,12.05,0.16,"",0,00:00:01:53,,,,,,,,,,,,
,74274241,20/06/2025 16:37,20/06/2025 16:58,XAUUSD,Buy,0.050,0.00000,0.00000,3362.93000,3373.51000,0.0000,0.0000,1058.0,52.90,0.70,"",0,00:00:20:36,100.0,20m,280.0,0.00,1058.0,52.900000000000006,0.0,0.0,100.0,100.0,0.00,0.00
,73451382,19/06/2025 08:58,20/06/2025 16:58,XAUUSD,Buy,0.050,0.00000,0.00000,3363.75000,3373.39000,0.0000,0.0000,964.0,48.20,0.64,"",0,01:07:59:07,60.2,19h 15m,3640.0,1.70,1350.0,67.5,-2290.0,-114.5,37.1,89.4,-386.00,-19.30
,74272849,20/06/2025 16:36,20/06/2025 16:57,XAUUSD,Buy,0.050,0.00000,0.00000,3362.31000,3373.33000,0.0000,0.0000,1102.0,55.10,0.74,"",0,00:00:21:20,100.0,21m,280.0,0.00,1102.0,55.1,0.0,0.0,100.0,100.0,0.00,0.00
,74275349,20/06/2025 16:37,20/06/2025 16:57,XAUUSD,Buy,0.100,0.00000,0.00000,3364.05000,3373.21000,0.0000,0.0000,916.0,91.60,1.24,"",0,00:00:20:07,100.0,20m,280.0,0.00,916.0,91.60000000000001,0.0,0.0,100.0,100.0,0.00,0.00
,74268106,20/06/2025 16:31,20/06/2025 16:37,XAUUSD,Sell,0.100,0.00000,0.00000,3361.12000,3363.51000,0.0000,0.0000,-239.0,-23.90,-0.32,"",0,00:00:05:44,0.0,0s,1039.0,1111.11,0.0,0.0,-1039.0,-103.9,0.0,77.0,-239.00,-23.90
,74265313,20/06/2025 16:31,20/06/2025 16:37,XAUUSD,Sell,0.100,0.00000,0.00000,3358.63000,3363.56000,0.0000,0.0000,-493.0,-49.30,-0.66,"",0,00:00:06:07,0.0,0s,1288.0,1428.57,0.0,0.0,-1288.0,-128.8,0.0,61.7,-493.00,-49.30
,74260814,20/06/2025 16:27,20/06/2025 16:37,XAUUSD,Sell,0.100,0.00000,0.00000,3356.07000,3363.69000,0.0000,0.0000,-762.0,-76.20,-1.01,"",0,00:00:10:21,0.0,0s,1544.0,1666.67,0.0,0.0,-1544.0,-154.4,0.0,50.6,-762.00,-76.20
,74269836,20/06/2025 16:33,20/06/2025 16:36,XAUUSD,Buy,0.050,0.00000,0.00000,3359.92000,3362.17000,0.0000,0.0000,225.0,11.25,0.15,"",0,00:00:03:07,,,,,,,,,,,,
,73477127,19/06/2025 09:14,20/06/2025 16:32,XAUUSD,Buy,0.050,0.00000,0.00000,3355.91000,3359.99000,0.0000,0.0000,408.0,20.40,0.27,"",0,01:07:17:30,70.3,21h 59m,3640.0,0.71,2134.0,106.7,-1506.0,-75.3,58.6,52.6,-1726.00,-86.30
,71775802,16/06/2025 16:58,20/06/2025 16:32,VIX.R,Buy,0.100,0.00000,0.00000,20.00000,21.00000,0.0000,0.0000,1.0,22.70,0.30,"",0,03:23:34:00,,,,,,,,,,,,
,74257402,20/06/2025 16:23,20/06/2025 16:32,XAUUSD,Buy,0.100,0.00000,0.00000,3356.05000,3360.53000,0.0000,0.0000,448.0,44.80,0.60,"",0,00:00:08:21,100.0,8m,994.0,0.00,1442.0,144.20000000000002,0.0,0.0,100.0,31.1,-994.00,-99.40
,73485908,19/06/2025 09:22,20/06/2025 16:32,XAUUSD,Buy,0.050,0.00000,0.00000,3350.47000,3360.82000,0.0000,0.0000,1035.0,51.75,0.70,"",0,01:07:09:36,85.6,1d 2h ,3640.0,0.36,2678.0,133.9,-962.0,-48.1,73.6,54.9,-1643.00,-82.15
,74258066,20/06/2025 16:24,20/06/2025 16:31,XAUUSD,Sell,0.100,0.00000,0.00000,3355.32000,3360.16000,0.0000,0.0000,-484.0,-48.40,-0.65,"",0,00:00:06:42,0.0,0s,1495.0,1666.67,0.0,0.0,-1495.0,-149.5,0.0,67.6,-484.00,-48.40
,74260214,20/06/2025 16:25,20/06/2025 16:31,XAUUSD,Sell,0.100,0.00000,0.00000,3356.25000,3359.50000,0.0000,0.0000,-325.0,-32.50,-0.43,"",0,00:00:05:33,0.0,0s,1401.0,1428.57,0.0,0.0,-1401.0,-140.1,0.0,76.8,-325.00,-32.50
,74249232,20/06/2025 16:14,20/06/2025 16:30,XAUUSD,Sell,0.100,0.00000,0.00000,3352.82000,3359.13000,0.0000,0.0000,-631.0,-63.10,-0.84,"",0,00:00:16:03,0.0,0s,1765.0,2000.00,0.0,0.0,-1765.0,-176.5,0.0,64.2,-631.00,-63.10
,63753735,27/05/2025 10:45,20/06/2025 16:26,VIX.R,Buy,0.100,0.00000,0.00000,21.00000,21.00000,0.0000,0.0000,0.0,6.70,0.09,"",0,24:05:40:29,,,,,,,,,,,,
,66065212,02/06/2025 08:45,06/06/2025 17:20,XAUUSD,Sell,0.080,0.00000,0.00000,3323.71000,3323.15000,0.0000,0.0000,56.0,4.48,0.06,"",0,04:08:34:31,0.3,18m,7924.0,142.86,56.0,4.48,-7924.0,-633.92,0.7,100.0,0.00,0.00
,68227162,06/06/2025 17:03,06/06/2025 17:18,XAUUSD,Sell,0.050,0.00000,3325.35000,3337.11000,3325.35000,0.0000,0.0000,1176.0,58.80,0.79,"[tp 3325.35]",0,00:00:15:31,6.7,1m,0.0,0.00,1176.0,58.800000000000004,0.0,0.0,100.0,100.0,0.00,0.00
,68219820,06/06/2025 16:57,06/06/2025 17:18,XAUUSD,Sell,0.030,0.00000,3326.30000,3342.72000,3325.98000,0.0000,0.0000,1674.0,50.22,0.68,"[tp 3326.30]",0,00:00:21:20,4.8,1m,0.0,0.00,1674.0,50.22,0.0,0.0,100.0,100.0,0.00,0.00
,68204649,06/06/2025 16:40,06/06/2025 17:18,XAUUSD,Sell,0.050,0.00000,3326.63000,3346.41000,3325.98000,0.0000,0.0000,2043.0,102.15,1.39,"[tp 3326.63]",0,00:00:38:01,2.7,1m,0.0,0.00,2043.0,102.15,0.0,0.0,100.0,100.0,0.00,0.00
,66804175,03/06/2025 17:29,06/06/2025 16:40,CL-OIL,Buy,0.020,0.00000,0.00000,63.62300,64.53700,0.0000,0.0000,91.4,18.28,0.25,"",0,02:23:10:16,,,,,,,,,,,,
,67971253,06/06/2025 08:35,06/06/2025 16:40,CL-OIL,Buy,0.020,0.00000,0.00000,63.06300,64.54700,0.0000,0.0000,148.4,29.68,0.41,"",0,00:08:05:01,,,,,,,,,,,,
,68163751,06/06/2025 16:00,06/06/2025 16:24,XAUUSD,Sell,0.050,0.00000,0.00000,3350.55000,3350.34000,0.0000,0.0000,21.0,1.05,0.01,"",0,00:00:24:37,4.2,1m,0.0,0.05,21.0,1.05,0.0,0.0,100.0,100.0,0.00,0.00
,68159578,06/06/2025 15:55,06/06/2025 16:24,XAUUSD,Sell,0.050,0.00000,0.00000,3355.45000,3350.22000,0.0000,0.0000,523.0,26.15,0.36,"",0,00:00:29:15,3.5,1m,0.0,0.00,523.0,26.150000000000002,0.0,0.0,100.0,100.0,0.00,0.00
,68038665,06/06/2025 11:15,06/06/2025 15:48,XAUUSD,Sell,0.050,0.00000,0.00000,3358.96000,3356.75000,0.0000,0.0000,221.0,11.05,0.15,"",0,00:04:33:42,82.8,3h 46m,3901.0,0.12,4122.0,206.10000000000002,-500.0,-25.0,89.2,15.6,-3901.00,-195.05
,67978713,06/06/2025 08:54,06/06/2025 15:48,XAUUSD,Sell,0.050,0.00000,0.00000,3362.52000,3355.79000,0.0000,0.0000,673.0,33.65,0.47,"",0,00:06:53:56,94.3,6h 30m,3805.0,0.09,4478.0,223.9,-421.0,-21.05,91.4,22.3,-3805.00,-190.25
,67963205,06/06/2025 08:10,06/06/2025 15:48,XAUUSD,Sell,0.050,0.00000,0.00000,3374.53000,3355.71000,0.0000,0.0000,1882.0,94.10,1.32,"",0,00:07:38:15,100.0,7h 38m,3797.0,0.00,5679.0,283.95,0.0,0.0,100.0,33.1,-3797.00,-189.85
,67758306,05/06/2025 17:53,06/06/2025 08:10,XAUUSD,Buy,0.050,0.00000,0.00000,3368.76000,3374.49000,0.0000,0.0000,573.0,28.65,0.40,"",0,00:14:17:13,13.2,1h 53m,1777.0,2.71,655.0,32.75,-1777.0,-88.85000000000001,26.9,96.6,-82.00,-4.10
,67791588,05/06/2025 18:36,06/06/2025 08:10,XAUUSD,Buy,0.050,0.00000,0.00000,3355.48000,3374.53000,0.0000,0.0000,1905.0,95.25,1.36,"",0,00:13:34:20,82.9,11h 15m,1149.0,0.18,1983.0,99.15,-360.0,-18.0,84.6,96.7,-78.00,-3.90
,67811790,05/06/2025 18:57,06/06/2025 08:10,XAUUSD,Buy,0.050,0.00000,0.00000,3342.66000,3374.49000,0.0000,0.0000,3183.0,159.15,2.33,"",0,00:13:12:42,100.0,13h 12m,1149.0,0.00,3265.0,163.25,0.0,0.0,100.0,97.5,-82.00,-4.10
,66789132,03/06/2025 17:07,05/06/2025 18:57,XAUUSD,Sell,0.050,0.00000,0.00000,3337.40000,3342.79000,0.0000,0.0000,-539.0,-26.95,-0.39,"",0,02:01:49:46,0.0,0s,6555.0,10000.00,0.0,0.0,-6555.0,-327.75,0.0,91.8,-539.00,-26.95
,67532453,05/06/2025 13:27,05/06/2025 18:57,XAUUSD,Sell,0.050,0.00000,0.00000,3395.26000,3342.72000,0.0000,0.0000,5254.0,262.70,3.99,"",0,00:05:30:26,100.0,5h 30m,1482.0,0.00,5419.0,270.95,0.0,0.0,100.0,97.0,-165.00,-8.25
,67411727,05/06/2025 07:16,05/06/2025 18:57,XAUUSD,Sell,0.050,0.00000,0.00000,3368.13000,3342.72000,0.0000,0.0000,2541.0,127.05,1.97,"",0,00:11:41:31,35.0,4h 5m,3482.0,1.31,2661.0,133.05,-3482.0,-174.10000000000002,43.3,98.0,-120.00,-6.00
,67400576,05/06/2025 06:22,05/06/2025 18:57,XAUUSD,Sell,0.050,0.00000,0.00000,3373.31000,3342.72000,0.0000,0.0000,3059.0,152.95,2.42,"",0,00:12:35:19,51.0,6h 25m,3805.0,0.93,3179.0,158.95000000000002,-2964.0,-148.20000000000002,51.7,98.0,-120.00,-6.00
,67267697,04/06/2025 17:47,05/06/2025 18:57,XAUUSD,Sell,0.050,0.00000,0.00000,3382.65000,3342.72000,0.0000,0.0000,3993.0,199.65,3.27,"",0,01:01:10:03,84.5,21h 15m,4132.0,0.49,4113.0,205.65,-2030.0,-101.5,67.0,98.0,-120.00,-6.00
,67258985,04/06/2025 17:39,05/06/2025 18:57,XAUUSD,Sell,0.050,0.00000,0.00000,3377.83000,3342.72000,0.0000,0.0000,3511.0,175.55,2.96,"",0,01:01:18:31,72.4,18h 19m,4132.0,0.69,3631.0,181.55,-2512.0,-125.60000000000001,59.1,98.0,-120.00,-6.00
,66933272,04/06/2025 04:41,05/06/2025 18:57,XAUUSD,Sell,0.050,0.00000,0.00000,3369.19000,3342.72000,0.0000,0.0000,2647.0,132.35,2.28,"",0,01:14:16:27,43.6,16h 41m,5664.0,1.22,2767.0,138.35,-3376.0,-168.8,45.0,98.0,-120.00,-6.00
,66812706,03/06/2025 17:45,05/06/2025 18:57,XAUUSD,Sell,0.050,0.00000,0.00000,3349.20000,3342.72000,0.0000,0.0000,648.0,32.40,0.56,"",0,02:01:12:20,3.3,1h 37m,5664.0,7.00,768.0,38.400000000000006,-5375.0,-268.75,12.5,98.0,-120.00,-6.00
,66802954,03/06/2025 17:27,05/06/2025 18:57,XAUUSD,Sell,0.050,0.00000,0.00000,3345.51000,3342.72000,0.0000,0.0000,279.0,13.95,0.24,"",0,02:01:30:11,0.7,20m,5744.0,14.41,399.0,19.950000000000003,-5744.0,-287.2,6.5,98.0,-120.00,-6.00
,67712839,05/06/2025 17:06,05/06/2025 17:17,XAUUSD,Buy,0.050,0.00000,0.00000,3369.68000,3379.64000,0.0000,0.0000,996.0,49.80,0.87,"",0,00:00:11:02,9.1,1m,2049.0,2.06,996.0,49.800000000000004,-2049.0,-102.45,32.7,100.0,0.00,0.00
,65898737,04/06/2025 18:18,05/06/2025 16:09,CL-OIL,Buy,0.020,0.00000,0.00000,62.34300,63.77700,0.0000,0.0000,143.4,28.68,0.50,"",0,00:21:50:53,,,,,,,,,,,,
,67514747,05/06/2025 12:21,05/06/2025 13:27,XAUUSD,Buy,0.050,0.00000,3395.25000,3382.76000,3395.25000,0.0000,0.0000,1249.0,62.45,1.11,"[tp 3395.25]",0,00:01:05:44,50.0,32m,2521.0,0.55,1625.0,81.25,-896.0,-44.800000000000004,64.5,85.1,-376.00,-18.80
,67410008,05/06/2025 06:55,05/06/2025 12:21,XAUUSD,Buy,0.050,0.00000,0.00000,3372.28000,3382.14000,0.0000,0.0000,986.0,49.30,0.89,"",0,00:05:25:22,86.2,4h 40m,2081.0,0.05,3067.0,153.35,-167.0,-8.35,94.8,35.7,-2081.00,-104.05
,67268100,04/06/2025 17:48,05/06/2025 02:36,XAUUSD,Buy,0.100,0.00000,0.00000,3383.16000,3376.07000,0.0000,0.0000,-709.0,-70.90,-1.26,"",0,00:08:47:29,0.0,0s,1374.0,1428.57,0.0,0.0,-1374.0,-137.4,0.0,48.4,-709.00,-70.90
,67261378,04/06/2025 17:40,04/06/2025 17:48,XAUUSD,Buy,0.100,0.00000,0.00000,3381.17000,3382.68000,0.0000,0.0000,151.0,15.10,0.27,"",0,00:00:07:58,,,,,,,,,,,,
,67259093,04/06/2025 17:39,04/06/2025 17:48,XAUUSD,Buy,0.050,0.00000,0.00000,3378.77000,3382.67000,0.0000,0.0000,390.0,19.50,0.35,"",0,00:00:09:32,,,,,,,,,,,,
,66873094,04/06/2025 17:40,04/06/2025 17:48,XAUUSD,Buy,0.100,0.00000,0.00000,3379.58000,3382.48000,0.0000,0.0000,290.0,29.00,0.52,"",0,00:00:08:23,,,,,,,,,,,,
,66933281,04/06/2025 04:41,04/06/2025 17:38,XAUUSD,Buy,0.050,0.00000,0.00000,3369.62000,3377.80000,0.0000,0.0000,818.0,40.90,0.74,"",0,00:12:57:46,25.2,3h 15m,2331.0,1.77,1317.0,65.85000000000001,-2331.0,-116.55000000000001,36.1,86.3,-499.00,-24.95
,66969298,04/06/2025 06:55,04/06/2025 17:38,XAUUSD,Buy,0.050,0.00000,0.00000,3359.45000,3377.73000,0.0000,0.0000,1828.0,91.40,1.68,"",0,00:10:43:03,57.1,6h 7m,1801.0,0.56,2334.0,116.7,-1314.0,-65.7,64.0,86.1,-506.00,-25.30
,66902482,04/06/2025 03:51,04/06/2025 04:41,XAUUSD,Buy,0.050,0.00000,0.00000,3354.92000,3368.89000,0.0000,0.0000,1397.0,69.85,1.30,"",0,00:00:49:58,100.0,49m,469.0,0.00,1397.0,69.85000000000001,0.0,0.0,100.0,100.0,0.00,0.00
,66816920,03/06/2025 17:55,04/06/2025 03:48,XAUUSD,Buy,0.100,0.00000,0.00000,3348.57000,3352.74000,0.0000,0.0000,417.0,41.70,0.78,"",0,00:09:53:13,100.0,9h 53m,1966.0,0.00,2383.0,238.3,0.0,0.0,100.0,17.5,-1966.00,-196.60
,66801161,03/06/2025 17:24,03/06/2025 17:44,XAUUSD,Buy,0.050,0.00000,0.00000,3344.43000,3350.06000,0.0000,0.0000,563.0,28.15,0.53,"",0,00:00:20:07,100.0,20m,382.0,0.00,945.0,47.25,0.0,0.0,100.0,59.6,-382.00,-19.10
,66206811,02/06/2025 12:47,03/06/2025 17:29,CL-OIL,Buy,0.020,0.00000,0.00000,62.98300,63.58700,0.0000,0.0000,60.4,12.08,0.23,"",0,01:04:41:52,,,,,,,,,,,,
,66792773,03/06/2025 17:11,03/06/2025 17:24,XAUUSD,Buy,0.050,0.00000,0.00000,3340.35000,3344.09000,0.0000,0.0000,374.0,18.70,0.35,"",0,00:00:12:53,,,,,,,,,,,,
,66789135,03/06/2025 17:07,03/06/2025 17:11,XAUUSD,Buy,0.050,0.00000,0.00000,3337.54000,3340.29000,0.0000,0.0000,275.0,13.75,0.26,"",0,00:00:03:21,,,,,,,,,,,,
,66787733,03/06/2025 17:06,03/06/2025 17:07,XAUUSD,Buy,0.050,0.00000,0.00000,3334.39000,3338.18000,0.0000,0.0000,379.0,18.95,0.36,"",0,00:00:00:45,,,,,,,,,,,,
,66093772,02/06/2025 09:25,03/06/2025 17:06,XAUUSD,Sell,0.050,0.00000,0.00000,3334.70000,3334.30000,0.0000,0.0000,40.0,2.00,0.04,"",0,01:07:41:21,0.3,5m,5521.0,138.89,40.0,2.0,-5521.0,-276.05,0.7,100.0,0.00,0.00
,66787247,03/06/2025 17:06,03/06/2025 17:06,XAUUSD,Buy,0.050,0.00000,0.00000,3333.94000,3334.45000,0.0000,0.0000,51.0,2.55,0.05,"",0,00:00:00:29,,,,,,,,,,,,
,66206730,02/06/2025 12:46,03/06/2025 17:06,XAUUSD,Sell,0.030,0.00000,0.00000,3346.79000,3334.97000,0.0000,0.0000,1182.0,35.46,0.68,"",0,01:04:19:24,4.8,1h 21m,4312.0,3.65,1182.0,35.46,-4312.0,-129.35999999999999,21.5,100.0,0.00,0.00
,66308348,02/06/2025 16:44,03/06/2025 17:06,XAUUSD,Sell,0.050,0.00000,0.00000,3366.20000,3334.35000,0.0000,0.0000,3185.0,159.25,3.16,"",0,01:00:22:01,57.0,13h 53m,2371.0,0.74,3185.0,159.25,-2371.0,-118.55000000000001,57.3,100.0,0.00,0.00
,66206650,02/06/2025 16:44,03/06/2025 17:06,XAUUSD,Sell,0.050,0.00000,0.00000,3366.75000,3334.39000,0.0000,0.0000,3236.0,161.80,3.32,"",0,01:00:21:52,57.7,14h 3m,2316.0,0.72,3236.0,161.8,-2316.0,-115.80000000000001,58.3,100.0,0.00,0.00
,66330010,02/06/2025 17:01,03/06/2025 17:06,XAUUSD,Sell,0.050,0.00000,0.00000,3375.17000,3333.77000,0.0000,0.0000,4140.0,207.00,4.43,"",0,01:00:04:46,73.1,17h 36m,1818.0,0.36,4140.0,207.0,-1474.0,-73.7,73.7,100.0,0.00,0.00
,66433791,02/06/2025 23:55,03/06/2025 01:39,XAUUSD,Buy,0.100,0.00000,0.00000,3382.47000,3389.44000,0.0000,0.0000,697.0,69.70,1.51,"",0,00:01:43:29,11.6,12m,967.0,0.59,697.0,69.7,-412.0,-41.2,62.8,100.0,0.00,0.00
,66261740,02/06/2025 15:21,02/06/2025 16:44,XAUUSD,Buy,0.050,0.00000,0.00000,3360.07000,3365.93000,0.0000,0.0000,586.0,29.30,0.64,"",0,00:01:22:14,100.0,1h 22m,1268.0,0.00,1854.0,92.7,0.0,0.0,100.0,31.6,-1268.00,-63.40
,66206332,02/06/2025 12:45,02/06/2025 16:44,XAUUSD,Buy,0.050,0.00000,0.00000,3347.46000,3365.85000,0.0000,0.0000,1839.0,91.95,2.05,"",0,00:03:58:47,100.0,3h 58m,1276.0,0.00,3115.0,155.75,0.0,0.0,100.0,59.0,-1276.00,-63.80
,62862396,23/05/2025 15:39,02/06/2025 16:43,XAUUSD,Buy,0.010,0.00000,3365.83000,3359.85000,3365.90000,0.0000,0.0000,605.0,6.05,0.14,"[tp 3365.83]",0,10:01:04:00,24.0,2d 9h ,11376.0,6.00,1799.0,17.990000000000002,-10792.0,-107.92,14.3,90.5,-1194.00,-11.94
,66146143,02/06/2025 10:20,02/06/2025 12:45,XAUUSD,Sell,0.030,0.00000,0.00000,3355.38000,3347.39000,0.0000,0.0000,799.0,23.97,0.54,"",0,00:02:24:22,56.6,1h 21m,1804.0,0.76,1024.0,30.72,-780.0,-23.4,56.8,87.5,-225.00,-6.75
,66152536,02/06/2025 10:26,02/06/2025 12:45,XAUUSD,Sell,0.050,0.00000,0.00000,3357.58000,3347.38000,0.0000,0.0000,1020.0,51.00,1.16,"",0,00:02:18:16,68.4,1h 34m,1804.0,0.45,1244.0,62.2,-560.0,-28.0,69.0,87.6,-224.00,-11.20
,64528171,28/05/2025 19:03,02/06/2025 11:16,CL-OIL,Buy,0.010,0.00000,0.00000,62.35300,62.84700,0.0000,0.0000,49.4,4.94,0.11,"",0,04:16:12:56,,,,,,,,,,,,
,66056729,02/06/2025 08:30,02/06/2025 10:33,VIX.R,Buy,0.100,0.00000,0.00000,20.51700,20.53400,0.0000,0.0000,0.0,1.70,0.04,"",0,00:02:02:37,,,,,,,,,,,,
,66100902,02/06/2025 09:34,02/06/2025 10:13,XAUUSD,Buy,0.030,0.00000,3350.58000,3338.19000,3350.58000,0.0000,0.0000,1239.0,37.17,0.85,"[tp 3350.58]",0,00:00:39:35,100.0,39m,302.0,0.00,1239.0,37.17,0.0,0.0,100.0,100.0,0.00,0.00
,65199206,29/05/2025 19:12,02/06/2025 09:25,XAUUSD,Buy,0.020,0.00000,0.00000,3327.01000,3334.59000,0.0000,0.0000,758.0,15.16,0.35,"",0,03:14:13:23,4.1,3h 32m,5020.0,1.71,2943.0,58.86,-5020.0,-100.4,37.0,72.6,-2185.00,-43.70
,64288722,28/05/2025 10:53,02/06/2025 08:45,XAUUSD,Buy,0.010,0.00000,0.00000,3321.37000,3324.32000,0.0000,0.0000,295.0,2.95,0.07,"",0,04:21:52:40,4.4,5h 11m,7351.0,2.10,3507.0,35.07,-7351.0,-73.51,32.3,70.4,-3212.00,-32.12
,65900429,02/06/2025 01:52,02/06/2025 08:11,XAUUSD,Buy,0.050,0.00000,0.00000,3310.16000,3314.94000,0.0000,0.0000,478.0,23.90,0.55,"",0,00:06:19:04,68.5,4h 19m,4150.0,0.13,4628.0,231.4,-588.0,-29.400000000000002,88.7,20.4,-4150.00,-207.50
,65054318,29/05/2025 15:41,02/06/2025 04:36,CL-OIL,Buy,0.020,0.00000,0.00000,61.80800,62.36700,0.0000,0.0000,55.9,11.18,0.26,"",0,03:12:54:50,,,,,,,,,,,,
,65898292,02/06/2025 01:08,02/06/2025 01:13,XAUUSD,Buy,0.050,0.00000,0.00000,3307.25000,3308.07000,0.0000,0.0000,82.0,4.10,0.10,"",0,00:00:04:16,,,,,,,,,,,,
,65689733,30/05/2025 17:00,02/06/2025 01:08,XAUUSD,Buy,0.050,0.00000,0.00000,3274.54000,3307.78000,0.0000,0.0000,3324.0,166.20,4.02,"",0,02:08:07:53,100.0,2d 8h ,869.0,0.00,4070.0,203.5,0.0,0.0,100.0,81.7,-746.00,-37.30
,65662567,30/05/2025 16:33,02/06/2025 01:08,XAUUSD,Buy,0.050,0.00000,0.00000,3292.88000,3307.78000,0.0000,0.0000,1490.0,74.50,1.84,"",0,02:08:34:34,98.1,2d 7h ,869.0,0.23,2236.0,111.80000000000001,-507.0,-25.35,81.5,72.8,-746.00,-37.30
,65648614,30/05/2025 16:16,02/06/2025 01:08,XAUUSD,Buy,0.050,0.00000,0.00000,3297.38000,3307.78000,0.0000,0.0000,1040.0,52.00,1.30,"",0,02:08:51:41,5.8,3h 17m,1191.0,0.67,1786.0,89.30000000000001,-1191.0,-59.550000000000004,60.0,74.9,-746.00,-37.30
,65639642,30/05/2025 16:09,02/06/2025 01:08,XAUUSD,Buy,0.050,0.00000,0.00000,3305.85000,3307.78000,0.0000,0.0000,193.0,9.65,0.24,"",0,02:08:58:58,4.9,2h 47m,2038.0,2.17,939.0,46.95,-2038.0,-101.9,31.5,74.9,-746.00,-37.30
,65520658,30/05/2025 12:41,02/06/2025 01:08,XAUUSD,Buy,0.050,0.00000,0.00000,3296.69000,3307.78000,0.0000,0.0000,1109.0,55.45,1.41,"",0,02:12:26:15,6.4,3h 52m,2971.0,1.07,1855.0,92.75,-1988.0,-99.4,48.3,80.6,-746.00,-37.30
,65389631,30/05/2025 08:07,02/06/2025 01:08,XAUUSD,Buy,0.050,0.00000,0.00000,3290.76000,3307.78000,0.0000,0.0000,1702.0,85.10,2.21,"",0,02:17:00:42,94.9,2d 13h ,2971.0,0.57,2448.0,122.4,-1395.0,-69.75,63.7,80.6,-746.00,-37.30
,65095536,30/05/2025 15:10,02/06/2025 01:08,XAUUSD,Buy,0.050,0.00000,0.00000,3285.90000,3307.78000,0.0000,0.0000,2188.0,109.40,2.92,"",0,02:09:58:08,99.9,2d 9h ,869.0,0.01,2934.0,146.70000000000002,-43.0,-2.15,98.6,74.9,-746.00,-37.30
,64987464,30/05/2025 05:50,02/06/2025 01:08,XAUUSD,Buy,0.050,0.00000,0.00000,3296.42000,3307.78000,0.0000,0.0000,1136.0,56.80,1.54,"",0,02:19:17:59,10.1,6h 47m,2971.0,1.04,1882.0,94.10000000000001,-1961.0,-98.05000000000001,49.0,80.6,-746.00,-37.30
,64652538,29/05/2025 02:27,02/06/2025 01:08,VIX.R,Buy,0.100,0.00000,0.00000,19.21700,20.28400,0.0000,0.0000,1.1,106.70,2.98,"",0,03:22:40:22,,,,,,,,,,,,
,62705204,27/05/2025 20:21,02/06/2025 01:08,VIX.R,Buy,0.100,0.00000,0.00000,19.90700,20.28400,0.0000,0.0000,0.4,37.70,1.06,"",0,05:04:46:25,,,,,,,,,,,,
,65557907,30/05/2025 14:56,02/06/2025 01:05,CL-OIL,Buy,0.020,0.00000,0.00000,61.16800,61.76200,0.0000,0.0000,59.4,11.88,0.34,"",0,02:10:08:55,,,,,,,,,,,,
,65774277,30/05/2025 18:45,02/06/2025 01:05,CL-OIL,Buy,0.020,0.00000,0.00000,60.22300,61.75200,0.0000,0.0000,152.9,30.58,0.87,"",0,02:06:20:00,,,,,,,,,,,,
,65352659,30/05/2025 05:39,02/06/2025 01:05,XAUUSD,Buy,0.050,0.00000,0.00000,3300.19000,3306.29000,0.0000,0.0000,610.0,30.50,0.88,"",0,02:19:26:13,7.1,4h 47m,2971.0,1.55,1505.0,75.25,-2338.0,-116.9,39.2,76.7,-895.00,-44.75
,65660575,30/05/2025 16:31,02/06/2025 01:00,CL-OIL,Buy,0.020,0.00000,61.25900,60.63300,61.26200,0.0000,0.0000,62.9,12.58,0.36,"[tp 61.259]",0,02:08:28:45,,,,,,,,,,,,
,65104885,30/05/2025 15:09,30/05/2025 16:30,CL-OIL,Buy,0.020,0.00000,0.00000,60.32300,60.63700,0.0000,0.0000,31.4,6.28,0.18,"",0,00:01:21:06,,,,,,,,,,,,
,65590995,30/05/2025 15:13,30/05/2025 16:30,CL-OIL,Buy,0.020,0.00000,0.00000,60.25800,60.64700,0.0000,0.0000,38.9,7.78,0.23,"",0,00:01:17:03,,,,,,,,,,,,
,65076037,29/05/2025 16:26,30/05/2025 14:28,CL-OIL,Buy,0.020,0.00000,0.00000,61.31800,61.65700,0.0000,0.0000,33.9,6.78,0.20,"",0,00:22:01:17,,,,,,,,,,,,
,65409861,30/05/2025 08:34,30/05/2025 14:27,CL-OIL,Buy,0.020,0.00000,0.00000,60.79300,61.65700,0.0000,0.0000,86.4,17.28,0.51,"",0,00:05:52:36,,,,,,,,,,,,
,64985615,29/05/2025 13:41,30/05/2025 05:39,XAUUSD,Sell,0.100,0.00000,0.00000,3296.94000,3300.51000,0.0000,0.0000,-357.0,-35.70,-1.03,"",0,00:15:57:51,12.1,1h 55m,3252.0,6.44,505.0,50.5,-3252.0,-325.20000000000005,13.4,77.1,-862.00,-86.20
,65036593,29/05/2025 15:19,30/05/2025 05:39,XAUUSD,Sell,0.050,0.00000,0.00000,3308.82000,3300.24000,0.0000,0.0000,858.0,42.90,1.26,"",0,00:14:20:07,26.2,3h 45m,2064.0,1.22,1693.0,84.65,-2064.0,-103.2,45.1,77.8,-835.00,-41.75
,65199211,29/05/2025 19:12,30/05/2025 05:39,XAUUSD,Sell,0.020,0.00000,0.00000,3326.79000,3300.42000,0.0000,0.0000,2637.0,52.74,1.57,"",0,00:10:27:09,100.0,10h 27m,853.0,0.00,3490.0,69.8,0.0,0.0,100.0,75.6,-853.00,-17.06
,65086682,29/05/2025 16:24,30/05/2025 05:39,XAUUSD,Sell,0.050,0.00000,0.00000,3318.23000,3300.30000,0.0000,0.0000,1793.0,89.65,2.74,"",0,00:13:14:44,78.0,10h 19m,841.0,0.31,2634.0,131.70000000000002,-823.0,-41.150000000000006,76.2,75.7,-841.00,-42.05
,65349653,30/05/2025 05:34,30/05/2025 05:36,XAUUSD,Buy,0.050,0.00000,0.00000,3301.52000,3303.81000,0.0000,0.0000,229.0,11.45,0.35,"",0,00:00:01:45,,,,,,,,,,,,
,65053233,29/05/2025 15:40,29/05/2025 16:24,XAUUSD,Buy,0.050,0.00000,0.00000,3311.67000,3318.44000,0.0000,0.0000,677.0,33.85,1.05,"",0,00:00:43:43,100.0,43m,1102.0,0.00,1779.0,88.95,0.0,0.0,100.0,38.1,-1102.00,-55.10
,64590715,28/05/2025 23:05,29/05/2025 15:33,XAUUSD,Buy,0.010,0.00000,0.00000,3296.35000,3312.31000,0.0000,0.0000,1596.0,15.96,0.50,"",0,00:16:28:17,32.5,5h 21m,4849.0,2.06,2356.0,23.56,-4849.0,-48.49,32.7,89.5,-760.00,-7.60
,65007982,29/05/2025 14:32,29/05/2025 15:28,XAUUSD,Buy,0.050,0.00000,0.00000,3304.44000,3308.61000,0.0000,0.0000,417.0,20.85,0.65,"",0,00:00:55:54,100.0,55m,842.0,0.00,1259.0,62.95,0.0,0.0,100.0,33.1,-842.00,-42.10
,65029255,29/05/2025 15:13,29/05/2025 15:20,XAUUSD,Sell,0.050,3311.32000,0.00000,3303.25000,3311.32000,0.0000,0.0000,-807.0,-40.35,-1.25,"[sl 3311.32]",0,00:00:06:45,,,,,,,,,,,,
,63035530,29/05/2025 02:09,29/05/2025 13:24,XAUUSD,Buy,0.010,0.00000,0.00000,3275.43000,3296.96000,0.0000,0.0000,2153.0,21.53,0.67,"",0,00:11:14:45,60.0,6h 44m,2102.0,0.30,4255.0,42.550000000000004,-1271.0,-12.71,77.0,62.0,-2102.00,-21.02
,62120806,29/05/2025 04:16,29/05/2025 13:24,XAUUSD,Buy,0.010,0.00000,0.00000,3248.55000,3297.03000,0.0000,0.0000,4848.0,48.48,1.53,"",0,00:09:08:14,100.0,9h 8m,2095.0,0.00,6943.0,69.43,0.0,0.0,100.0,69.8,-2095.00,-20.95
,64666980,29/05/2025 02:44,29/05/2025 13:24,XAUUSD,Buy,0.100,0.00000,0.00000,3254.90000,3296.91000,0.0000,0.0000,4201.0,420.10,15.33,"",0,00:10:40:37,100.0,10h 40m,2107.0,0.00,6308.0,630.8000000000001,0.0,0.0,100.0,66.6,-2107.00,-210.70
,64533721,28/05/2025 21:35,29/05/2025 04:21,CL-OIL,Buy,0.010,0.00000,0.00000,61.73300,62.55700,0.0000,0.0000,82.4,8.24,0.30,"",0,00:06:46:05,,,,,,,,,,,,
,61646105,21/05/2025 17:10,29/05/2025 04:15,USOUSD,Buy,0.010,0.00000,0.00000,62.74900,62.88800,0.0000,0.0000,13.9,1.39,0.05,"",0,07:11:04:47,,,,,,,,,,,,
,63947018,27/05/2025 16:46,29/05/2025 02:17,XAUUSD,Sell,0.010,0.00000,0.00000,3302.15000,3265.66000,0.0000,0.0000,3649.0,36.49,1.35,"",0,01:09:31:02,48.8,16h 21m,3185.0,0.41,5429.0,54.29,-2242.0,-22.42,70.8,76.8,-1780.00,-17.80
,63779192,27/05/2025 22:03,29/05/2025 02:17,XAUUSD,Sell,0.010,0.00000,0.00000,3304.92000,3265.87000,0.0000,0.0000,3905.0,39.05,1.47,"",0,01:04:13:34,58.5,16h 30m,3185.0,0.34,5706.0,57.06,-1965.0,-19.650000000000002,74.4,76.5,-1801.00,-18.01
,64278010,28/05/2025 10:42,29/05/2025 02:17,XAUUSD,Sell,0.010,0.00000,0.00000,3312.67000,3264.99000,0.0000,0.0000,4768.0,47.68,1.83,"",0,00:15:35:14,95.8,14h 55m,1770.0,0.02,6481.0,64.81,-124.0,-1.24,98.1,74.1,-1713.00,-17.13
,64318374,28/05/2025 11:53,29/05/2025 02:17,XAUUSD,Sell,0.010,0.00000,0.00000,3321.95000,3266.44000,0.0000,0.0000,5551.0,55.51,2.18,"",0,00:14:23:32,100.0,14h 23m,1858.0,0.00,7409.0,74.09,0.0,0.0,100.0,74.9,-1858.00,-18.58
,63827077,27/05/2025 12:45,29/05/2025 02:17,XAUUSD,Sell,0.100,0.00000,0.00000,3295.75000,3267.08000,0.0000,0.0000,2867.0,286.70,12.66,"",0,01:13:31:44,24.7,9h 16m,3369.0,0.60,4789.0,478.90000000000003,-2882.0,-288.2,62.4,74.9,-1922.00,-192.20
,63811462,27/05/2025 12:11,29/05/2025 02:17,XAUUSD,Sell,0.100,0.00000,0.00000,3306.81000,3266.77000,0.0000,0.0000,4004.0,400.40,21.47,"",0,01:14:06:01,74.0,1d 4h ,3369.0,0.30,5895.0,589.5,-1776.0,-177.60000000000002,76.8,75.3,-1891.00,-189.10
,61853411,22/05/2025 03:20,28/05/2025 18:49,USOUSD,Buy,0.010,0.00000,0.00000,61.65600,62.65200,0.0000,0.0000,99.6,9.96,0.54,"",0,06:15:28:47,,,,,,,,,,,,
,63963768,27/05/2025 17:03,28/05/2025 18:49,USOUSD,Buy,0.010,0.00000,0.00000,61.23000,62.65200,0.0000,0.0000,142.2,14.22,0.77,"",0,01:01:45:08,,,,,,,,,,,,
,63752328,27/05/2025 10:43,28/05/2025 18:49,CL-OIL,Buy,0.010,0.00000,0.00000,61.28300,62.38700,0.0000,0.0000,110.4,11.04,0.60,"",0,01:08:05:26,,,,,,,,,,,,
,63963906,27/05/2025 17:04,28/05/2025 18:48,CL-OIL,Buy,0.010,0.00000,0.00000,60.94300,62.38700,0.0000,0.0000,144.4,14.44,0.80,"",0,01:01:44:44,,,,,,,,,,,,
,64458892,28/05/2025 16:48,28/05/2025 16:48,VIX.R,Sell,0.100,0.00000,0.00000,19.69400,19.75700,0.0000,0.0000,-0.1,-6.30,-0.35,"",0,00:00:00:10,,,,,,,,,,,,
,63749489,27/05/2025 10:31,28/05/2025 10:53,XAUUSD,Buy,0.010,0.00000,0.00000,3306.67000,3320.92000,0.0000,0.0000,1425.0,14.25,0.79,"",0,01:00:21:31,30.9,7h 31m,2248.0,1.03,1790.0,17.900000000000002,-1849.0,-18.490000000000002,49.2,90.0,-365.00,-3.65
,64081798,28/05/2025 02:23,28/05/2025 03:55,XAUUSD,Buy,0.100,0.00000,0.00000,3308.49000,3310.67000,0.0000,0.0000,218.0,21.80,1.22,"",0,00:01:31:54,10.6,9m,1640.0,7.24,218.0,21.8,-1577.0,-157.70000000000002,12.1,100.0,0.00,0.00
,63796658,27/05/2025 11:42,27/05/2025 12:09,XAUUSD,Sell,0.100,3307.16000,0.00000,3298.44000,3307.37000,0.0000,0.0000,-893.0,-89.30,-4.76,"[sl 3307.16]",0,00:00:26:06,80.0,20m,1919.0,0.87,1026.0,102.60000000000001,-893.0,-89.30000000000001,53.5,0.0,-1919.00,-191.90
,63768728,27/05/2025 10:57,27/05/2025 11:18,XAUUSD,Buy,0.010,0.00000,0.00000,3295.94000,3305.78000,0.0000,0.0000,984.0,9.84,0.53,"",0,00:00:20:57,25.0,5m,518.0,0.53,984.0,9.84,-518.0,-5.18,65.5,100.0,0.00,0.00
,62403446,22/05/2025 19:14,27/05/2025 10:57,XAUUSD,Sell,0.010,0.00000,0.00000,3293.16000,3294.07000,0.0000,0.0000,-91.0,-0.91,-0.05,"",0,04:15:42:57,0.7,46m,7531.0,26.11,278.0,2.7800000000000002,-7253.0,-72.53,3.7,95.1,-369.00,-3.69
,61915935,22/05/2025 05:16,27/05/2025 10:56,CL-OIL,Buy,0.010,0.00000,0.00000,61.43800,61.20700,0.0000,0.0000,-23.1,-2.31,-0.12,"",0,05:05:40:19,,,,,,,,,,,,
,63721307,27/05/2025 10:53,27/05/2025 10:56,XAUUSD,Buy,0.010,0.00000,0.00000,3294.35000,3294.56000,0.0000,0.0000,21.0,0.21,0.01,"",0,00:00:03:10,,,,,,,,,,,,
,62676190,23/05/2025 09:20,27/05/2025 10:31,XAUUSD,Sell,0.010,0.00000,0.00000,3327.23000,3306.91000,0.0000,0.0000,2032.0,20.32,1.10,"",0,04:01:10:50,7.0,6h 48m,3910.0,1.19,3233.0,32.33,-3846.0,-38.46,45.7,83.0,-1201.00,-12.01
,63428257,26/05/2025 16:04,27/05/2025 10:31,XAUUSD,Sell,0.010,0.00000,0.00000,3335.00000,3306.89000,0.0000,0.0000,2811.0,28.11,1.55,"",0,00:18:27:24,33.4,6h 9m,1502.0,0.35,4110.0,41.1,-1428.0,-14.280000000000001,74.2,76.5,-1299.00,-12.99
,63521446,27/05/2025 01:39,27/05/2025 10:31,XAUUSD,Sell,0.010,0.00000,0.00000,3347.04000,3306.90000,0.0000,0.0000,4014.0,40.14,2.26,"",0,00:08:51:50,100.0,8h 51m,1502.0,0.00,5314.0,53.14,0.0,0.0,100.0,75.5,-1300.00,-13.00
,63411497,26/05/2025 15:28,27/05/2025 10:31,XAUUSD,Sell,0.100,0.00000,0.00000,3328.55000,3306.90000,0.0000,0.0000,2165.0,216.50,13.85,"",0,00:19:02:43,28.0,5h 19m,2073.0,0.60,3465.0,346.5,-2073.0,-207.3,62.6,76.5,-1300.00,-130.00
,63674065,27/05/2025 08:50,27/05/2025 08:52,XAUUSD,Buy,0.010,0.00000,0.00000,3323.91000,3326.52000,0.0000,0.0000,261.0,2.61,0.17,"",0,00:00:01:47,,,,,,,,,,,,
,63395940,26/05/2025 14:30,27/05/2025 08:46,XAUUSD,Sell,0.010,0.00000,3316.58000,3329.49000,3316.58000,0.0000,0.0000,1291.0,12.91,0.83,"[tp 3316.58]",0,00:18:15:49,20.6,3h 45m,2268.0,0.56,3559.0,35.59,-1979.0,-19.79,64.3,59.0,-2268.00,-22.68
,63428256,26/05/2025 16:04,26/05/2025 17:56,XAUUSD,Buy,0.010,0.00000,0.00000,3335.22000,3335.95000,0.0000,0.0000,73.0,0.73,0.05,"",0,00:01:52:27,100.0,1h 52m,694.0,0.00,767.0,7.67,0.0,0.0,100.0,9.5,-694.00,-6.94
,63395058,26/05/2025 14:25,26/05/2025 16:04,XAUUSD,Buy,0.010,0.00000,0.00000,3332.02000,3335.75000,0.0000,0.0000,373.0,3.73,0.24,"",0,00:01:38:15,100.0,1h 38m,330.0,0.00,703.0,7.03,0.0,0.0,100.0,53.1,-330.00,-3.30
,62805636,23/05/2025 14:49,26/05/2025 14:25,XAUUSD,Sell,0.010,0.00000,0.00000,3348.01000,3332.01000,0.0000,0.0000,1600.0,16.00,1.05,"",0,02:23:35:57,18.9,13h 31m,1904.0,0.83,2131.0,21.31,-1768.0,-17.68,54.7,86.4,-531.00,-5.31
,62862477,23/05/2025 15:39,26/05/2025 14:25,XAUUSD,Sell,0.010,0.00000,0.00000,3359.20000,3332.01000,0.0000,0.0000,2719.0,27.19,1.81,"",0,02:22:46:08,24.1,17h 3m,1904.0,0.20,3250.0,32.5,-649.0,-6.49,83.4,86.4,-531.00,-5.31
,63331222,26/05/2025 11:23,26/05/2025 14:25,XAUUSD,Sell,0.100,0.00000,0.00000,3334.34000,3332.01000,0.0000,0.0000,233.0,23.30,1.58,"",0,00:03:02:08,54.1,1h 38m,1357.0,0.78,764.0,76.4,-593.0,-59.300000000000004,56.3,60.9,-531.00,-53.10
,62025855,22/05/2025 09:40,23/05/2025 17:19,USOUSD,Buy,0.010,0.00000,0.00000,61.32000,62.01200,0.0000,0.0000,69.2,6.92,0.47,"",0,01:07:39:35,,,,,,,,,,,,
,62025762,22/05/2025 09:40,23/05/2025 17:19,CL-OIL,Buy,0.010,0.00000,0.00000,60.92300,61.64700,0.0000,0.0000,72.4,7.24,0.50,"",0,01:07:39:36,,,,,,,,,,,,
,62030214,22/05/2025 10:13,23/05/2025 17:19,CL-OIL,Buy,0.010,0.00000,0.00000,60.40800,61.63700,0.0000,0.0000,122.9,12.29,0.85,"",0,01:07:06:08,,,,,,,,,,,,
,61691953,22/05/2025 13:57,23/05/2025 17:19,USOUSD,Buy,0.010,0.00000,0.00000,60.69500,61.99200,0.0000,0.0000,129.7,12.97,0.90,"",0,01:03:22:04,,,,,,,,,,,,
,62830601,23/05/2025 15:06,23/05/2025 17:19,CL-OIL,Buy,0.010,0.00000,0.00000,60.16300,61.63700,0.0000,0.0000,147.4,14.74,1.04,"",0,00:02:13:19,,,,,,,,,,,,
,62873186,23/05/2025 15:53,23/05/2025 17:18,VIX.R,Sell,0.100,0.00000,0.00000,22.19400,22.00700,0.0000,0.0000,0.2,18.70,1.33,"",0,00:01:25:05,,,,,,,,,,,,
,62836103,23/05/2025 15:10,23/05/2025 15:39,XAUUSD,Buy,0.010,0.00000,0.00000,3353.19000,3357.85000,0.0000,0.0000,466.0,4.66,0.33,"",0,00:00:29:02,,,,,,,,,,,,
,62860269,23/05/2025 15:36,23/05/2025 15:37,VIX.R,Sell,0.100,0.00000,0.00000,22.14400,22.15700,0.0000,0.0000,0.0,-1.30,-0.09,"",0,00:00:00:58,,,,,,,,,,,,
,61910105,22/05/2025 05:02,23/05/2025 14:50,XAUUSD,Buy,0.010,0.00000,0.00000,3339.70000,3346.85000,0.0000,0.0000,715.0,7.15,0.51,"",0,01:09:48:00,10.4,3h 30m,5182.0,2.64,1961.0,19.61,-5182.0,-51.82,27.5,82.6,-1246.00,-12.46
,62798453,23/05/2025 14:47,23/05/2025 14:48,VIX.R,Buy,0.100,0.00000,0.00000,21.70700,21.79400,0.0000,0.0000,0.1,8.70,0.63,"",0,00:00:01:17,,,,,,,,,,,,
,61873293,22/05/2025 04:07,23/05/2025 14:45,VIX.R,Buy,0.100,0.00000,0.00000,20.71700,21.51900,0.0000,0.0000,0.8,80.20,6.15,"",0,01:10:38:41,,,,,,,,,,,,
,62723842,23/05/2025 11:16,23/05/2025 14:45,VIX.R,Buy,0.100,0.00000,0.00000,20.56700,21.49400,0.0000,0.0000,0.9,92.70,7.65,"",0,00:03:28:46,,,,,,,,,,,,
,62588838,23/05/2025 05:42,23/05/2025 09:01,XAUUSD,Buy,0.010,0.00000,3326.37000,3293.06000,3326.37000,0.0000,0.0000,3331.0,33.31,2.83,"[tp 3326.37]",0,00:03:18:29,100.0,3h 18m,812.0,0.00,3813.0,38.13,0.0,0.0,100.0,87.4,-482.00,-4.82
,62411435,22/05/2025 19:34,23/05/2025 08:53,XAUUSD,Buy,0.010,0.00000,3323.61000,3299.10000,3323.61000,0.0000,0.0000,2451.0,24.51,2.13,"[tp 3323.61]",0,00:13:19:03,66.1,8h 48m,1115.0,0.25,3209.0,32.09,-793.0,-7.930000000000001,80.2,81.1,-758.00,-7.58
,62284267,22/05/2025 16:36,23/05/2025 08:53,XAUUSD,Buy,0.010,0.00000,3323.33000,3308.98000,3323.33000,0.0000,0.0000,1435.0,14.35,1.26,"[tp 3323.33]",0,00:16:17:25,30.8,5h 1m,1871.0,0.84,2221.0,22.21,-1871.0,-18.71,54.3,80.8,-786.00,-7.86
,62403167,22/05/2025 19:13,23/05/2025 03:14,VIX.R,Buy,0.100,0.00000,0.00000,20.35700,20.48400,0.0000,0.0000,0.1,12.70,1.13,"",0,00:08:01:33,,,,,,,,,,,,
,62316759,22/05/2025 17:01,22/05/2025 18:43,XAUUSD,Buy,0.010,0.00000,0.00000,3280.59000,3293.35000,0.0000,0.0000,1276.0,12.76,1.15,"",0,00:01:41:57,100.0,1h 41m,426.0,0.00,1702.0,17.02,0.0,0.0,100.0,75.0,-426.00,-4.26
,62126386,22/05/2025 12:32,22/05/2025 16:33,XAUUSD,Buy,0.010,0.00000,0.00000,3306.95000,3310.24000,0.0000,0.0000,329.0,3.29,0.30,"",0,00:04:01:13,25.0,1h 0m,2698.0,2.41,791.0,7.91,-1907.0,-19.07,29.3,82.9,-462.00,-4.62
,62154339,22/05/2025 13:31,22/05/2025 16:33,XAUUSD,Buy,0.010,0.00000,0.00000,3295.14000,3310.00000,0.0000,0.0000,1486.0,14.86,1.36,"",0,00:03:02:14,50.0,1h 31m,1321.0,0.37,1486.0,14.86,-554.0,-5.54,72.8,100.0,0.00,0.00
,62119443,22/05/2025 12:19,22/05/2025 12:32,XAUUSD,Sell,0.010,0.00000,0.00000,3309.24000,3307.03000,0.0000,0.0000,221.0,2.21,0.20,"",0,00:00:12:59,,,,,,,,,,,,
,61891400,22/05/2025 04:30,22/05/2025 09:32,XAUUSD,Sell,0.010,0.00000,0.00000,3338.55000,3330.50000,0.0000,0.0000,805.0,8.05,0.74,"",0,00:05:01:56,100.0,5h 1m,2398.0,0.00,3203.0,32.03,0.0,0.0,100.0,25.1,-2398.00,-23.98
,61632181,21/05/2025 16:57,21/05/2025 19:31,XAUUSD,Buy,0.010,3307.76000,0.00000,3302.62000,3307.76000,0.0000,0.0000,514.0,5.14,0.48,"[sl 3307.76]",0,00:02:34:00,100.0,2h 34m,1670.0,0.00,2184.0,21.84,0.0,0.0,100.0,23.5,-1670.00,-16.70
,55673449,21/05/2025 16:57,,,Deposit,0.000,0.00000,0.00000,0.00000,0.00000,0.0000,0.0000,0.0,180.00,0,"Credit In - Welcome5020",0,00:00:00:00,,,,,,,,,,,,
,55673411,21/05/2025 16:57,,,Deposit,0.000,0.00000,0.00000,0.00000,0.00000,0.0000,0.0000,0.0,900.00,0,"Deposit-TH-QR-CPS-APP",0,00:00:00:00,,,,,,,,,,,,

Open Orders
Tags,Ticket,Open Date,Symbol,Action,Lots,Open Price,TP,SL
,126151538,11/09/2025 22:00,XAUUSD,Buy Limit,0.010,3621.04,0.00000,0.00000
,130631344,18/09/2025 16:46,XAUUSD,Buy Limit,0.010,3629.22,0.00000,0.00000
,131575139,19/09/2025 20:30,XAUUSD,Buy Limit,0.010,3651.04,0.00000,0.00000
,132243117,22/09/2025 11:42,XAUUSD,Buy Limit,0.020,3692.62,0.00000,0.00000

